source_file,list_name,flow_uuid,flow_name,context,unit,cas_number,synonyms
Mapping/Input/Flowlists/ecoinventEFv3.7.csv,ecoinventEFv3.7,,"1,3-Dioxolan-2-one",water/unspecified,kg,,
Mapping/Input/Flowlists/ecoinventEFv3.7.csv,ecoinventEFv3.7,,"1,4-Butanediol","air/low population density, long-term",kg,,Butylene glycol
Mapping/Input/Flowlists/ecoinventEFv3.7.csv,ecoinventEFv3.7,,"1,4-Butanediol",air/lower stratosphere + upper troposphere,kg,,Butylene glycol
Mapping/Input/Flowlists/ecoinventEFv3.7.csv,ecoinventEFv3.7,,"1,4-Butanediol",air/non-urban air or from high stacks,kg,,Butylene glycol
Mapping/Input/Flowlists/ecoinventEFv3.7.csv,ecoinventEFv3.7,,"1,4-Butanediol",air/unspecified,kg,,Butylene glycol
Mapping/Input/Flowlists/ecoinventEFv3.7.csv,ecoinventEFv3.7,,"1,4-Butanediol",air/urban air close to ground,kg,,Butylene glycol
Mapping/Input/Flowlists/ecoinventEFv3.7.csv,ecoinventEFv3.7,,"1,4-Butanediol",water/ground-,kg,,Butylene glycol
Mapping/Input/Flowlists/ecoinventEFv3.7.csv,ecoinventEFv3.7,,"1,4-Butanediol","water/ground-, long-term",kg,,Butylene glycol
Mapping/Input/Flowlists/ecoinventEFv3.7.csv,ecoinventEFv3.7,,"1,4-Butanediol",water/ocean,kg,,Butylene glycol
Mapping/Input/Flowlists/ecoinventEFv3.7.csv,ecoinventEFv3.7,,"1,4-Butanediol",water/surface water,kg,,Butylene glycol
Mapping/Input/Flowlists/ecoinventEFv3.7.csv,ecoinventEFv3.7,,"1,4-Butanediol",water/unspecified,kg,,Butylene glycol
Mapping/Input/Flowlists/ecoinventEFv3.7.csv,ecoinventEFv3.7,,1-Pentanol,"air/low population density, long-term",kg,,amyl alcohol
Mapping/Input/Flowlists/ecoinventEFv3.7.csv,ecoinventEFv3.7,,1-Pentanol,air/lower stratosphere + upper troposphere,kg,,amyl alcohol
Mapping/Input/Flowlists/ecoinventEFv3.7.csv,ecoinventEFv3.7,,1-Pentanol,air/non-urban air or from high stacks,kg,,amyl alcohol
Mapping/Input/Flowlists/ecoinventEFv3.7.csv,ecoinventEFv3.7,,1-Pentanol,air/unspecified,kg,,amyl alcohol
Mapping/Input/Flowlists/ecoinventEFv3.7.csv,ecoinventEFv3.7,,1-Pentanol,air/urban air close to ground,kg,,amyl alcohol
Mapping/Input/Flowlists/ecoinventEFv3.7.csv,ecoinventEFv3.7,,1-Pentanol,water/ground-,kg,,amyl alcohol
Mapping/Input/Flowlists/ecoinventEFv3.7.csv,ecoinventEFv3.7,,1-Pentanol,"water/ground-, long-term",kg,,amyl alcohol
Mapping/Input/Flowlists/ecoinventEFv3.7.csv,ecoinventEFv3.7,,1-Pentanol,water/ocean,kg,,amyl alcohol
Mapping/Input/Flowlists/ecoinventEFv3.7.csv,ecoinventEFv3.7,,1-Pentanol,water/surface water,kg,,amyl alcohol
Mapping/Input/Flowlists/ecoinventEFv3.7.csv,ecoinventEFv3.7,,1-Pentanol,water/unspecified,kg,,amyl alcohol
Mapping/Input/Flowlists/ecoinventEFv3.7.csv,ecoinventEFv3.7,,1-Pentene,"air/low population density, long-term",kg,,amylene
Mapping/Input/Flowlists/ecoinventEFv3.7.csv,ecoinventEFv3.7,,1-Pentene,air/lower stratosphere + upper troposphere,kg,,amylene
Mapping/Input/Flowlists/ecoinventEFv3.7.csv,ecoinventEFv3.7,,1-Pentene,air/non-urban air or from high stacks,kg,,amylene
Mapping/Input/Flowlists/ecoinventEFv3.7.csv,ecoinventEFv3.7,,1-Pentene,air/unspecified,kg,,amylene
Mapping/Input/Flowlists/ecoinventEFv3.7.csv,ecoinventEFv3.7,,1-Pentene,air/urban air close to ground,kg,,amylene
Mapping/Input/Flowlists/ecoinventEFv3.7.csv,ecoinventEFv3.7,,1-Pentene,water/ground-,kg,,amylene
Mapping/Input/Flowlists/ecoinventEFv3.7.csv,ecoinventEFv3.7,,1-Pentene,"water/ground-, long-term",kg,,amylene
Mapping/Input/Flowlists/ecoinventEFv3.7.csv,ecoinventEFv3.7,,1-Pentene,water/ocean,kg,,amylene
Mapping/Input/Flowlists/ecoinventEFv3.7.csv,ecoinventEFv3.7,,1-Pentene,water/surface water,kg,,amylene
Mapping/Input/Flowlists/ecoinventEFv3.7.csv,ecoinventEFv3.7,,1-Pentene,water/unspecified,kg,,amylene
Mapping/Input/Flowlists/ecoinventEFv3.7.csv,ecoinventEFv3.7,,"2,2,4-Trimethyl pentane",air/unspecified,kg,,
Mapping/Input/Flowlists/ecoinventEFv3.7.csv,ecoinventEFv3.7,,"2,4-D",air/non-urban air or from high stacks,kg,,
Mapping/Input/Flowlists/ecoinventEFv3.7.csv,ecoinventEFv3.7,,"2,4-D",soil/agricultural,kg,,"(2,4-dichlorophenoxy)acetic acid"
Mapping/Input/Flowlists/ecoinventEFv3.7.csv,ecoinventEFv3.7,,"2,4-D amines",air/non-urban air or from high stacks,kg,,"2,4-D dimethylamine salt"
Mapping/Input/Flowlists/ecoinventEFv3.7.csv,ecoinventEFv3.7,,"2,4-D amines",soil/agricultural,kg,,"2,4-D dimethylamine salt"
Mapping/Input/Flowlists/ecoinventEFv3.7.csv,ecoinventEFv3.7,,"2,4-D amines",water/ground-,kg,,"2,4-D dimethylamine salt"
Mapping/Input/Flowlists/ecoinventEFv3.7.csv,ecoinventEFv3.7,,"2,4-D amines",water/surface water,kg,,"2,4-D dimethylamine salt"
Mapping/Input/Flowlists/ecoinventEFv3.7.csv,ecoinventEFv3.7,,"2,4-D ester",air/non-urban air or from high stacks,kg,,"2,4-D polypropoxybutyl ester"
Mapping/Input/Flowlists/ecoinventEFv3.7.csv,ecoinventEFv3.7,,"2,4-D ester",soil/agricultural,kg,,"2,4-D polypropoxybutyl ester"
Mapping/Input/Flowlists/ecoinventEFv3.7.csv,ecoinventEFv3.7,,"2,4-D ester",water/ground-,kg,,"2,4-D polypropoxybutyl ester"
Mapping/Input/Flowlists/ecoinventEFv3.7.csv,ecoinventEFv3.7,,"2,4-D ester",water/surface water,kg,,"2,4-D polypropoxybutyl ester"
Mapping/Input/Flowlists/ecoinventEFv3.7.csv,ecoinventEFv3.7,,"2,4-DB",air/non-urban air or from high stacks,kg,,
Mapping/Input/Flowlists/ecoinventEFv3.7.csv,ecoinventEFv3.7,,"2,4-DB",soil/agricultural,kg,,
Mapping/Input/Flowlists/ecoinventEFv3.7.csv,ecoinventEFv3.7,,"2,4-DB",water/ground-,kg,,
Mapping/Input/Flowlists/ecoinventEFv3.7.csv,ecoinventEFv3.7,,"2,4-DB",water/surface water,kg,,
Mapping/Input/Flowlists/ecoinventEFv3.7.csv,ecoinventEFv3.7,,"2,4-di-tert-butylphenol",water/unspecified,kg,,
Mapping/Input/Flowlists/ecoinventEFv3.7.csv,ecoinventEFv3.7,,"2-Amino-3-chloro-1,4-naphthoquinone",soil/agricultural,kg,,
Mapping/Input/Flowlists/ecoinventEFv3.7.csv,ecoinventEFv3.7,,2-Aminopropanol,"air/low population density, long-term",kg,,L-alalinol
Mapping/Input/Flowlists/ecoinventEFv3.7.csv,ecoinventEFv3.7,,2-Aminopropanol,air/lower stratosphere + upper troposphere,kg,,L-alalinol
Mapping/Input/Flowlists/ecoinventEFv3.7.csv,ecoinventEFv3.7,,2-Aminopropanol,air/non-urban air or from high stacks,kg,,L-alalinol
Mapping/Input/Flowlists/ecoinventEFv3.7.csv,ecoinventEFv3.7,,2-Aminopropanol,air/unspecified,kg,,L-alalinol
Mapping/Input/Flowlists/ecoinventEFv3.7.csv,ecoinventEFv3.7,,2-Aminopropanol,air/urban air close to ground,kg,,L-alalinol
Mapping/Input/Flowlists/ecoinventEFv3.7.csv,ecoinventEFv3.7,,2-Aminopropanol,water/ground-,kg,,L-alalinol
Mapping/Input/Flowlists/ecoinventEFv3.7.csv,ecoinventEFv3.7,,2-Aminopropanol,"water/ground-, long-term",kg,,L-alalinol
Mapping/Input/Flowlists/ecoinventEFv3.7.csv,ecoinventEFv3.7,,2-Aminopropanol,water/ocean,kg,,L-alalinol
Mapping/Input/Flowlists/ecoinventEFv3.7.csv,ecoinventEFv3.7,,2-Aminopropanol,water/surface water,kg,,L-alalinol
Mapping/Input/Flowlists/ecoinventEFv3.7.csv,ecoinventEFv3.7,,2-Aminopropanol,water/unspecified,kg,,L-alalinol
Mapping/Input/Flowlists/ecoinventEFv3.7.csv,ecoinventEFv3.7,,2-chlorobenzaldehyde,water/unspecified,kg,,
Mapping/Input/Flowlists/ecoinventEFv3.7.csv,ecoinventEFv3.7,,2-Methyl pentane,"air/low population density, long-term",kg,,Isohexane
Mapping/Input/Flowlists/ecoinventEFv3.7.csv,ecoinventEFv3.7,,2-Methyl pentane,air/lower stratosphere + upper troposphere,kg,,Isohexane
Mapping/Input/Flowlists/ecoinventEFv3.7.csv,ecoinventEFv3.7,,2-Methyl pentane,air/non-urban air or from high stacks,kg,,Isohexane
Mapping/Input/Flowlists/ecoinventEFv3.7.csv,ecoinventEFv3.7,,2-Methyl pentane,air/unspecified,kg,,Isohexane
Mapping/Input/Flowlists/ecoinventEFv3.7.csv,ecoinventEFv3.7,,2-Methyl pentane,air/urban air close to ground,kg,,Isohexane
Mapping/Input/Flowlists/ecoinventEFv3.7.csv,ecoinventEFv3.7,,2-Methyl-1-propanol,"air/low population density, long-term",kg,,"Isobutanol, Isobutyl alcohol"
Mapping/Input/Flowlists/ecoinventEFv3.7.csv,ecoinventEFv3.7,,2-Methyl-1-propanol,air/lower stratosphere + upper troposphere,kg,,"Isobutanol, Isobutyl alcohol"
Mapping/Input/Flowlists/ecoinventEFv3.7.csv,ecoinventEFv3.7,,2-Methyl-1-propanol,air/non-urban air or from high stacks,kg,,"Isobutanol, Isobutyl alcohol"
Mapping/Input/Flowlists/ecoinventEFv3.7.csv,ecoinventEFv3.7,,2-Methyl-1-propanol,air/unspecified,kg,,"Isobutanol, Isobutyl alcohol"
Mapping/Input/Flowlists/ecoinventEFv3.7.csv,ecoinventEFv3.7,,2-Methyl-1-propanol,air/urban air close to ground,kg,,"Isobutanol, Isobutyl alcohol"
Mapping/Input/Flowlists/ecoinventEFv3.7.csv,ecoinventEFv3.7,,2-Methyl-1-propanol,water/ground-,kg,,"Isobutanol, Isobutyl alcohol"
Mapping/Input/Flowlists/ecoinventEFv3.7.csv,ecoinventEFv3.7,,2-Methyl-1-propanol,"water/ground-, long-term",kg,,"Isobutanol, Isobutyl alcohol"
Mapping/Input/Flowlists/ecoinventEFv3.7.csv,ecoinventEFv3.7,,2-Methyl-1-propanol,water/ocean,kg,,"Isobutanol, Isobutyl alcohol"
Mapping/Input/Flowlists/ecoinventEFv3.7.csv,ecoinventEFv3.7,,2-Methyl-1-propanol,water/surface water,kg,,"Isobutanol, Isobutyl alcohol"
Mapping/Input/Flowlists/ecoinventEFv3.7.csv,ecoinventEFv3.7,,2-Methyl-1-propanol,water/unspecified,kg,,"Isobutanol, Isobutyl alcohol"
Mapping/Input/Flowlists/ecoinventEFv3.7.csv,ecoinventEFv3.7,,2-Methyl-2-butene,"air/low population density, long-term",kg,,n-Amylene
Mapping/Input/Flowlists/ecoinventEFv3.7.csv,ecoinventEFv3.7,,2-Methyl-2-butene,air/lower stratosphere + upper troposphere,kg,,n-Amylene
Mapping/Input/Flowlists/ecoinventEFv3.7.csv,ecoinventEFv3.7,,2-Methyl-2-butene,air/non-urban air or from high stacks,kg,,n-Amylene
Mapping/Input/Flowlists/ecoinventEFv3.7.csv,ecoinventEFv3.7,,2-Methyl-2-butene,air/unspecified,kg,,n-Amylene
Mapping/Input/Flowlists/ecoinventEFv3.7.csv,ecoinventEFv3.7,,2-Methyl-2-butene,air/urban air close to ground,kg,,n-Amylene
Mapping/Input/Flowlists/ecoinventEFv3.7.csv,ecoinventEFv3.7,,2-Methyl-2-butene,water/ground-,kg,,n-Amylene
Mapping/Input/Flowlists/ecoinventEFv3.7.csv,ecoinventEFv3.7,,2-Methyl-2-butene,"water/ground-, long-term",kg,,n-Amylene
Mapping/Input/Flowlists/ecoinventEFv3.7.csv,ecoinventEFv3.7,,2-Methyl-2-butene,water/ocean,kg,,n-Amylene
Mapping/Input/Flowlists/ecoinventEFv3.7.csv,ecoinventEFv3.7,,2-Methyl-2-butene,water/surface water,kg,,n-Amylene
Mapping/Input/Flowlists/ecoinventEFv3.7.csv,ecoinventEFv3.7,,2-Methyl-2-butene,water/unspecified,kg,,n-Amylene
Mapping/Input/Flowlists/ecoinventEFv3.7.csv,ecoinventEFv3.7,,2-Nitrobenzoic acid,"air/low population density, long-term",kg,,"o-nitrobenzoic acid, ortho-nitrobenzoic acid"
Mapping/Input/Flowlists/ecoinventEFv3.7.csv,ecoinventEFv3.7,,2-Nitrobenzoic acid,air/lower stratosphere + upper troposphere,kg,,"o-nitrobenzoic acid, ortho-nitrobenzoic acid"
Mapping/Input/Flowlists/ecoinventEFv3.7.csv,ecoinventEFv3.7,,2-Nitrobenzoic acid,air/non-urban air or from high stacks,kg,,"o-nitrobenzoic acid, ortho-nitrobenzoic acid"
Mapping/Input/Flowlists/ecoinventEFv3.7.csv,ecoinventEFv3.7,,2-Nitrobenzoic acid,air/unspecified,kg,,"o-nitrobenzoic acid, ortho-nitrobenzoic acid"
Mapping/Input/Flowlists/ecoinventEFv3.7.csv,ecoinventEFv3.7,,2-Nitrobenzoic acid,air/urban air close to ground,kg,,"o-nitrobenzoic acid, ortho-nitrobenzoic acid"
Mapping/Input/Flowlists/ecoinventEFv3.7.csv,ecoinventEFv3.7,,2-Phenylphenol,soil/agricultural,kg,,
Mapping/Input/Flowlists/ecoinventEFv3.7.csv,ecoinventEFv3.7,,2-Propanol,"air/low population density, long-term",kg,,"Isopropanol, Isopropyl alcohol"
Mapping/Input/Flowlists/ecoinventEFv3.7.csv,ecoinventEFv3.7,,2-Propanol,air/lower stratosphere + upper troposphere,kg,,"Isopropanol, Isopropyl alcohol"
Mapping/Input/Flowlists/ecoinventEFv3.7.csv,ecoinventEFv3.7,,2-Propanol,air/non-urban air or from high stacks,kg,,"Isopropanol, Isopropyl alcohol"
Mapping/Input/Flowlists/ecoinventEFv3.7.csv,ecoinventEFv3.7,,2-Propanol,air/unspecified,kg,,"Isopropanol, Isopropyl alcohol"
Mapping/Input/Flowlists/ecoinventEFv3.7.csv,ecoinventEFv3.7,,2-Propanol,air/urban air close to ground,kg,,
Mapping/Input/Flowlists/ecoinventEFv3.7.csv,ecoinventEFv3.7,,2-Propanol,water/ground-,kg,,"Isopropanol, Isopropyl alcohol"
Mapping/Input/Flowlists/ecoinventEFv3.7.csv,ecoinventEFv3.7,,2-Propanol,"water/ground-, long-term",kg,,"Isopropanol, Isopropyl alcohol"
Mapping/Input/Flowlists/ecoinventEFv3.7.csv,ecoinventEFv3.7,,2-Propanol,water/ocean,kg,,"Isopropanol, Isopropyl alcohol"
Mapping/Input/Flowlists/ecoinventEFv3.7.csv,ecoinventEFv3.7,,2-Propanol,water/surface water,kg,,"Isopropanol, Isopropyl alcohol"
Mapping/Input/Flowlists/ecoinventEFv3.7.csv,ecoinventEFv3.7,,2-Propanol,water/unspecified,kg,,"Isopropanol, Isopropyl alcohol"
Mapping/Input/Flowlists/ecoinventEFv3.7.csv,ecoinventEFv3.7,,3-Methyl-1-butanol,"air/low population density, long-term",kg,,isoamyl alcohol
Mapping/Input/Flowlists/ecoinventEFv3.7.csv,ecoinventEFv3.7,,3-Methyl-1-butanol,air/lower stratosphere + upper troposphere,kg,,isoamyl alcohol
Mapping/Input/Flowlists/ecoinventEFv3.7.csv,ecoinventEFv3.7,,3-Methyl-1-butanol,air/non-urban air or from high stacks,kg,,Isopentyl alcohol
Mapping/Input/Flowlists/ecoinventEFv3.7.csv,ecoinventEFv3.7,,3-Methyl-1-butanol,air/unspecified,kg,,Isopentyl alcohol
Mapping/Input/Flowlists/ecoinventEFv3.7.csv,ecoinventEFv3.7,,3-Methyl-1-butanol,air/urban air close to ground,kg,,Isopentyl alcohol
Mapping/Input/Flowlists/ecoinventEFv3.7.csv,ecoinventEFv3.7,,3-Methyl-1-butanol,water/ground-,kg,,"isoamyl alcohol, Isopentyl alcohol"
Mapping/Input/Flowlists/ecoinventEFv3.7.csv,ecoinventEFv3.7,,3-Methyl-1-butanol,"water/ground-, long-term",kg,,"isoamyl alcohol, Isopentyl alcohol"
Mapping/Input/Flowlists/ecoinventEFv3.7.csv,ecoinventEFv3.7,,3-Methyl-1-butanol,water/ocean,kg,,"isoamyl alcohol, Isopentyl alcohol"
Mapping/Input/Flowlists/ecoinventEFv3.7.csv,ecoinventEFv3.7,,3-Methyl-1-butanol,water/surface water,kg,,"isoamyl alcohol, Isopentyl alcohol"
Mapping/Input/Flowlists/ecoinventEFv3.7.csv,ecoinventEFv3.7,,3-Methyl-1-butanol,water/unspecified,kg,,"isoamyl alcohol, Isopentyl alcohol"
Mapping/Input/Flowlists/ecoinventEFv3.7.csv,ecoinventEFv3.7,,4-Methyl-2-pentanol,water/ground-,kg,,"Methyl isobutyl carbinol, Methylamyl alcohol"
Mapping/Input/Flowlists/ecoinventEFv3.7.csv,ecoinventEFv3.7,,4-Methyl-2-pentanol,"water/ground-, long-term",kg,,"Methyl isobutyl carbinol, Methylamyl alcohol"
Mapping/Input/Flowlists/ecoinventEFv3.7.csv,ecoinventEFv3.7,,4-Methyl-2-pentanol,water/ocean,kg,,"Methyl isobutyl carbinol, Methylamyl alcohol"
Mapping/Input/Flowlists/ecoinventEFv3.7.csv,ecoinventEFv3.7,,4-Methyl-2-pentanol,water/surface water,kg,,"Methyl isobutyl carbinol, Methylamyl alcohol"
Mapping/Input/Flowlists/ecoinventEFv3.7.csv,ecoinventEFv3.7,,4-Methyl-2-pentanol,water/unspecified,kg,,"Methyl isobutyl carbinol, Methylamyl alcohol"
Mapping/Input/Flowlists/ecoinventEFv3.7.csv,ecoinventEFv3.7,,4-Methyl-2-pentanone,"air/low population density, long-term",kg,,"Methyl isobutyl ketone, MIBK"
Mapping/Input/Flowlists/ecoinventEFv3.7.csv,ecoinventEFv3.7,,4-Methyl-2-pentanone,air/lower stratosphere + upper troposphere,kg,,"Methyl isobutyl ketone, MIBK"
Mapping/Input/Flowlists/ecoinventEFv3.7.csv,ecoinventEFv3.7,,4-Methyl-2-pentanone,air/non-urban air or from high stacks,kg,,"Methyl isobutyl ketone, MIBK"
Mapping/Input/Flowlists/ecoinventEFv3.7.csv,ecoinventEFv3.7,,4-Methyl-2-pentanone,air/unspecified,kg,,"Methyl isobutyl ketone, MIBK"
Mapping/Input/Flowlists/ecoinventEFv3.7.csv,ecoinventEFv3.7,,4-Methyl-2-pentanone,air/urban air close to ground,kg,,"Methyl isobutyl ketone, MIBK"
Mapping/Input/Flowlists/ecoinventEFv3.7.csv,ecoinventEFv3.7,,4-Methyl-2-pentanone,water/ground-,kg,,"Methyl isobutyl ketone, MIBK"
Mapping/Input/Flowlists/ecoinventEFv3.7.csv,ecoinventEFv3.7,,4-Methyl-2-pentanone,"water/ground-, long-term",kg,,"Methyl isobutyl ketone, MIBK"
Mapping/Input/Flowlists/ecoinventEFv3.7.csv,ecoinventEFv3.7,,4-Methyl-2-pentanone,water/ocean,kg,,"Methyl isobutyl ketone, MIBK"
Mapping/Input/Flowlists/ecoinventEFv3.7.csv,ecoinventEFv3.7,,4-Methyl-2-pentanone,water/surface water,kg,,"Methyl isobutyl ketone, MIBK"
Mapping/Input/Flowlists/ecoinventEFv3.7.csv,ecoinventEFv3.7,,4-Methyl-2-pentanone,water/unspecified,kg,,
Mapping/Input/Flowlists/ecoinventEFv3.7.csv,ecoinventEFv3.7,,8-Quinolinol,soil/agricultural,kg,,
Mapping/Input/Flowlists/ecoinventEFv3.7.csv,ecoinventEFv3.7,,Abamectin,soil/agricultural,kg,,Zephyr
Mapping/Input/Flowlists/ecoinventEFv3.7.csv,ecoinventEFv3.7,,Acenaphthene,"air/low population density, long-term",kg,,
Mapping/Input/Flowlists/ecoinventEFv3.7.csv,ecoinventEFv3.7,,Acenaphthene,air/lower stratosphere + upper troposphere,kg,,
Mapping/Input/Flowlists/ecoinventEFv3.7.csv,ecoinventEFv3.7,,Acenaphthene,air/non-urban air or from high stacks,kg,,
Mapping/Input/Flowlists/ecoinventEFv3.7.csv,ecoinventEFv3.7,,Acenaphthene,air/unspecified,kg,,
Mapping/Input/Flowlists/ecoinventEFv3.7.csv,ecoinventEFv3.7,,Acenaphthene,air/urban air close to ground,kg,,
Mapping/Input/Flowlists/ecoinventEFv3.7.csv,ecoinventEFv3.7,,Acenaphthene,water/ground-,kg,,
Mapping/Input/Flowlists/ecoinventEFv3.7.csv,ecoinventEFv3.7,,Acenaphthene,"water/ground-, long-term",kg,,
Mapping/Input/Flowlists/ecoinventEFv3.7.csv,ecoinventEFv3.7,,Acenaphthene,water/ocean,kg,,
Mapping/Input/Flowlists/ecoinventEFv3.7.csv,ecoinventEFv3.7,,Acenaphthene,water/surface water,kg,,
Mapping/Input/Flowlists/ecoinventEFv3.7.csv,ecoinventEFv3.7,,Acenaphthene,water/unspecified,kg,,
Mapping/Input/Flowlists/ecoinventEFv3.7.csv,ecoinventEFv3.7,,Acenaphthylene,air/unspecified,kg,,
Mapping/Input/Flowlists/ecoinventEFv3.7.csv,ecoinventEFv3.7,,Acenaphthylene,water/ground-,kg,,
Mapping/Input/Flowlists/ecoinventEFv3.7.csv,ecoinventEFv3.7,,Acenaphthylene,"water/ground-, long-term",kg,,
Mapping/Input/Flowlists/ecoinventEFv3.7.csv,ecoinventEFv3.7,,Acenaphthylene,water/ocean,kg,,
Mapping/Input/Flowlists/ecoinventEFv3.7.csv,ecoinventEFv3.7,,Acenaphthylene,water/surface water,kg,,
Mapping/Input/Flowlists/ecoinventEFv3.7.csv,ecoinventEFv3.7,,Acenaphthylene,water/unspecified,kg,,
Mapping/Input/Flowlists/ecoinventEFv3.7.csv,ecoinventEFv3.7,,Acephate,air/non-urban air or from high stacks,kg,,
Mapping/Input/Flowlists/ecoinventEFv3.7.csv,ecoinventEFv3.7,,Acephate,soil/agricultural,kg,,Ortho 12420
Mapping/Input/Flowlists/ecoinventEFv3.7.csv,ecoinventEFv3.7,,Acetaldehyde,"air/low population density, long-term",kg,,
Mapping/Input/Flowlists/ecoinventEFv3.7.csv,ecoinventEFv3.7,,Acetaldehyde,air/lower stratosphere + upper troposphere,kg,,
Mapping/Input/Flowlists/ecoinventEFv3.7.csv,ecoinventEFv3.7,,Acetaldehyde,air/non-urban air or from high stacks,kg,,
Mapping/Input/Flowlists/ecoinventEFv3.7.csv,ecoinventEFv3.7,,Acetaldehyde,air/unspecified,kg,,
Mapping/Input/Flowlists/ecoinventEFv3.7.csv,ecoinventEFv3.7,,Acetaldehyde,air/urban air close to ground,kg,,
Mapping/Input/Flowlists/ecoinventEFv3.7.csv,ecoinventEFv3.7,,Acetaldehyde,water/ground-,kg,,
Mapping/Input/Flowlists/ecoinventEFv3.7.csv,ecoinventEFv3.7,,Acetaldehyde,"water/ground-, long-term",kg,,
Mapping/Input/Flowlists/ecoinventEFv3.7.csv,ecoinventEFv3.7,,Acetaldehyde,water/ocean,kg,,
Mapping/Input/Flowlists/ecoinventEFv3.7.csv,ecoinventEFv3.7,,Acetaldehyde,water/surface water,kg,,
Mapping/Input/Flowlists/ecoinventEFv3.7.csv,ecoinventEFv3.7,,Acetaldehyde,water/unspecified,kg,,
Mapping/Input/Flowlists/ecoinventEFv3.7.csv,ecoinventEFv3.7,,Acetamide,air/non-urban air or from high stacks,kg,,
Mapping/Input/Flowlists/ecoinventEFv3.7.csv,ecoinventEFv3.7,,Acetamide,soil/agricultural,kg,,
Mapping/Input/Flowlists/ecoinventEFv3.7.csv,ecoinventEFv3.7,,Acetamiprid,soil/agricultural,kg,,
Mapping/Input/Flowlists/ecoinventEFv3.7.csv,ecoinventEFv3.7,,Acetic acid,"air/low population density, long-term",kg,,
Mapping/Input/Flowlists/ecoinventEFv3.7.csv,ecoinventEFv3.7,,Acetic acid,air/lower stratosphere + upper troposphere,kg,,
Mapping/Input/Flowlists/ecoinventEFv3.7.csv,ecoinventEFv3.7,,Acetic acid,air/non-urban air or from high stacks,kg,,
Mapping/Input/Flowlists/ecoinventEFv3.7.csv,ecoinventEFv3.7,,Acetic acid,air/unspecified,kg,,
Mapping/Input/Flowlists/ecoinventEFv3.7.csv,ecoinventEFv3.7,,Acetic acid,air/urban air close to ground,kg,,
Mapping/Input/Flowlists/ecoinventEFv3.7.csv,ecoinventEFv3.7,,Acetic acid,water/ground-,kg,,
Mapping/Input/Flowlists/ecoinventEFv3.7.csv,ecoinventEFv3.7,,Acetic acid,"water/ground-, long-term",kg,,
Mapping/Input/Flowlists/ecoinventEFv3.7.csv,ecoinventEFv3.7,,Acetic acid,water/ocean,kg,,
Mapping/Input/Flowlists/ecoinventEFv3.7.csv,ecoinventEFv3.7,,Acetic acid,water/surface water,kg,,
Mapping/Input/Flowlists/ecoinventEFv3.7.csv,ecoinventEFv3.7,,Acetic acid,water/unspecified,kg,,
Mapping/Input/Flowlists/ecoinventEFv3.7.csv,ecoinventEFv3.7,,"Acetic acid, trifluoro-","air/low population density, long-term",kg,,Trifluoressigsaeure
Mapping/Input/Flowlists/ecoinventEFv3.7.csv,ecoinventEFv3.7,,"Acetic acid, trifluoro-",air/lower stratosphere + upper troposphere,kg,,TFA
Mapping/Input/Flowlists/ecoinventEFv3.7.csv,ecoinventEFv3.7,,"Acetic acid, trifluoro-",air/non-urban air or from high stacks,kg,,Trifluoressigsaeure
Mapping/Input/Flowlists/ecoinventEFv3.7.csv,ecoinventEFv3.7,,"Acetic acid, trifluoro-",air/unspecified,kg,,TFA
Mapping/Input/Flowlists/ecoinventEFv3.7.csv,ecoinventEFv3.7,,"Acetic acid, trifluoro-",air/urban air close to ground,kg,,Trifluoressigsaeure
Mapping/Input/Flowlists/ecoinventEFv3.7.csv,ecoinventEFv3.7,,Acetochlor,soil/agricultural,kg,,
Mapping/Input/Flowlists/ecoinventEFv3.7.csv,ecoinventEFv3.7,,Acetone,"air/low population density, long-term",kg,,
Mapping/Input/Flowlists/ecoinventEFv3.7.csv,ecoinventEFv3.7,,Acetone,air/lower stratosphere + upper troposphere,kg,,
Mapping/Input/Flowlists/ecoinventEFv3.7.csv,ecoinventEFv3.7,,Acetone,air/non-urban air or from high stacks,kg,,
Mapping/Input/Flowlists/ecoinventEFv3.7.csv,ecoinventEFv3.7,,Acetone,air/unspecified,kg,,
Mapping/Input/Flowlists/ecoinventEFv3.7.csv,ecoinventEFv3.7,,Acetone,air/urban air close to ground,kg,,
Mapping/Input/Flowlists/ecoinventEFv3.7.csv,ecoinventEFv3.7,,Acetone,water/ground-,kg,,
Mapping/Input/Flowlists/ecoinventEFv3.7.csv,ecoinventEFv3.7,,Acetone,"water/ground-, long-term",kg,,
Mapping/Input/Flowlists/ecoinventEFv3.7.csv,ecoinventEFv3.7,,Acetone,water/ocean,kg,,
Mapping/Input/Flowlists/ecoinventEFv3.7.csv,ecoinventEFv3.7,,Acetone,water/surface water,kg,,
Mapping/Input/Flowlists/ecoinventEFv3.7.csv,ecoinventEFv3.7,,Acetone,water/unspecified,kg,,
Mapping/Input/Flowlists/ecoinventEFv3.7.csv,ecoinventEFv3.7,,Acetonitrile,"air/low population density, long-term",kg,,
Mapping/Input/Flowlists/ecoinventEFv3.7.csv,ecoinventEFv3.7,,Acetonitrile,air/lower stratosphere + upper troposphere,kg,,
Mapping/Input/Flowlists/ecoinventEFv3.7.csv,ecoinventEFv3.7,,Acetonitrile,air/non-urban air or from high stacks,kg,,
Mapping/Input/Flowlists/ecoinventEFv3.7.csv,ecoinventEFv3.7,,Acetonitrile,air/unspecified,kg,,
Mapping/Input/Flowlists/ecoinventEFv3.7.csv,ecoinventEFv3.7,,Acetonitrile,air/urban air close to ground,kg,,
Mapping/Input/Flowlists/ecoinventEFv3.7.csv,ecoinventEFv3.7,,Acetonitrile,water/ground-,kg,,"methyl cyanide, cyanomethane"
Mapping/Input/Flowlists/ecoinventEFv3.7.csv,ecoinventEFv3.7,,Acetonitrile,"water/ground-, long-term",kg,,"methyl cyanide, cyanomethane"
Mapping/Input/Flowlists/ecoinventEFv3.7.csv,ecoinventEFv3.7,,Acetonitrile,water/ocean,kg,,"methyl cyanide, cyanomethane"
Mapping/Input/Flowlists/ecoinventEFv3.7.csv,ecoinventEFv3.7,,Acetonitrile,water/surface water,kg,,"methyl cyanide, cyanomethane"
Mapping/Input/Flowlists/ecoinventEFv3.7.csv,ecoinventEFv3.7,,Acetonitrile,water/unspecified,kg,,"methyl cyanide, cyanomethane"
Mapping/Input/Flowlists/ecoinventEFv3.7.csv,ecoinventEFv3.7,,Acetyl chloride,water/ground-,kg,,ethanoyl chloride
Mapping/Input/Flowlists/ecoinventEFv3.7.csv,ecoinventEFv3.7,,Acetyl chloride,"water/ground-, long-term",kg,,ethanoyl chloride
Mapping/Input/Flowlists/ecoinventEFv3.7.csv,ecoinventEFv3.7,,Acetyl chloride,water/ocean,kg,,ethanoyl chloride
Mapping/Input/Flowlists/ecoinventEFv3.7.csv,ecoinventEFv3.7,,Acetyl chloride,water/surface water,kg,,ethanoyl chloride
Mapping/Input/Flowlists/ecoinventEFv3.7.csv,ecoinventEFv3.7,,Acetyl chloride,water/unspecified,kg,,ethanoyl chloride
Mapping/Input/Flowlists/ecoinventEFv3.7.csv,ecoinventEFv3.7,,Acibenzolar-S-methyl,soil/agricultural,kg,,
Mapping/Input/Flowlists/ecoinventEFv3.7.csv,ecoinventEFv3.7,,"Acidity, unspecified",water/ground-,kg,,
Mapping/Input/Flowlists/ecoinventEFv3.7.csv,ecoinventEFv3.7,,"Acidity, unspecified","water/ground-, long-term",kg,,
Mapping/Input/Flowlists/ecoinventEFv3.7.csv,ecoinventEFv3.7,,"Acidity, unspecified",water/ocean,kg,,
Mapping/Input/Flowlists/ecoinventEFv3.7.csv,ecoinventEFv3.7,,"Acidity, unspecified",water/surface water,kg,,
Mapping/Input/Flowlists/ecoinventEFv3.7.csv,ecoinventEFv3.7,,"Acidity, unspecified",water/unspecified,kg,,
Mapping/Input/Flowlists/ecoinventEFv3.7.csv,ecoinventEFv3.7,,Acifluorfen,air/non-urban air or from high stacks,kg,,
Mapping/Input/Flowlists/ecoinventEFv3.7.csv,ecoinventEFv3.7,,Acifluorfen,soil/agricultural,kg,,
Mapping/Input/Flowlists/ecoinventEFv3.7.csv,ecoinventEFv3.7,,Aclonifen,soil/agricultural,kg,,2-chloro-6-nitro-3-phenoxyaniline
Mapping/Input/Flowlists/ecoinventEFv3.7.csv,ecoinventEFv3.7,,Acrinathrin,soil/agricultural,kg,,
Mapping/Input/Flowlists/ecoinventEFv3.7.csv,ecoinventEFv3.7,,Acrolein,"air/low population density, long-term",kg,,
Mapping/Input/Flowlists/ecoinventEFv3.7.csv,ecoinventEFv3.7,,Acrolein,air/lower stratosphere + upper troposphere,kg,,
Mapping/Input/Flowlists/ecoinventEFv3.7.csv,ecoinventEFv3.7,,Acrolein,air/non-urban air or from high stacks,kg,,
Mapping/Input/Flowlists/ecoinventEFv3.7.csv,ecoinventEFv3.7,,Acrolein,air/unspecified,kg,,
Mapping/Input/Flowlists/ecoinventEFv3.7.csv,ecoinventEFv3.7,,Acrolein,air/urban air close to ground,kg,,
Mapping/Input/Flowlists/ecoinventEFv3.7.csv,ecoinventEFv3.7,,Acrolein,water/unspecified,kg,,
Mapping/Input/Flowlists/ecoinventEFv3.7.csv,ecoinventEFv3.7,,"Acrylate, ion",water/ground-,kg,,
Mapping/Input/Flowlists/ecoinventEFv3.7.csv,ecoinventEFv3.7,,"Acrylate, ion","water/ground-, long-term",kg,,
Mapping/Input/Flowlists/ecoinventEFv3.7.csv,ecoinventEFv3.7,,"Acrylate, ion",water/ocean,kg,,
Mapping/Input/Flowlists/ecoinventEFv3.7.csv,ecoinventEFv3.7,,"Acrylate, ion",water/surface water,kg,,
Mapping/Input/Flowlists/ecoinventEFv3.7.csv,ecoinventEFv3.7,,"Acrylate, ion",water/unspecified,kg,,
Mapping/Input/Flowlists/ecoinventEFv3.7.csv,ecoinventEFv3.7,,Acrylic acid,"air/low population density, long-term",kg,,
Mapping/Input/Flowlists/ecoinventEFv3.7.csv,ecoinventEFv3.7,,Acrylic acid,air/lower stratosphere + upper troposphere,kg,,
Mapping/Input/Flowlists/ecoinventEFv3.7.csv,ecoinventEFv3.7,,Acrylic acid,air/non-urban air or from high stacks,kg,,
Mapping/Input/Flowlists/ecoinventEFv3.7.csv,ecoinventEFv3.7,,Acrylic acid,air/unspecified,kg,,
Mapping/Input/Flowlists/ecoinventEFv3.7.csv,ecoinventEFv3.7,,Acrylic acid,air/urban air close to ground,kg,,
Mapping/Input/Flowlists/ecoinventEFv3.7.csv,ecoinventEFv3.7,,Acrylonitrile,"air/low population density, long-term",kg,,
Mapping/Input/Flowlists/ecoinventEFv3.7.csv,ecoinventEFv3.7,,Acrylonitrile,air/lower stratosphere + upper troposphere,kg,,
Mapping/Input/Flowlists/ecoinventEFv3.7.csv,ecoinventEFv3.7,,Acrylonitrile,air/non-urban air or from high stacks,kg,,
Mapping/Input/Flowlists/ecoinventEFv3.7.csv,ecoinventEFv3.7,,Acrylonitrile,air/unspecified,kg,,
Mapping/Input/Flowlists/ecoinventEFv3.7.csv,ecoinventEFv3.7,,Acrylonitrile,air/urban air close to ground,kg,,
Mapping/Input/Flowlists/ecoinventEFv3.7.csv,ecoinventEFv3.7,,Acrylonitrile,water/ground-,kg,,
Mapping/Input/Flowlists/ecoinventEFv3.7.csv,ecoinventEFv3.7,,Acrylonitrile,"water/ground-, long-term",kg,,
Mapping/Input/Flowlists/ecoinventEFv3.7.csv,ecoinventEFv3.7,,Acrylonitrile,water/ocean,kg,,
Mapping/Input/Flowlists/ecoinventEFv3.7.csv,ecoinventEFv3.7,,Acrylonitrile,water/surface water,kg,,
Mapping/Input/Flowlists/ecoinventEFv3.7.csv,ecoinventEFv3.7,,Acrylonitrile,water/unspecified,kg,,
Mapping/Input/Flowlists/ecoinventEFv3.7.csv,ecoinventEFv3.7,,"Actinides, radioactive, unspecified","air/low population density, long-term",kBq,,
Mapping/Input/Flowlists/ecoinventEFv3.7.csv,ecoinventEFv3.7,,"Actinides, radioactive, unspecified",air/lower stratosphere + upper troposphere,kBq,,
Mapping/Input/Flowlists/ecoinventEFv3.7.csv,ecoinventEFv3.7,,"Actinides, radioactive, unspecified",air/non-urban air or from high stacks,kBq,,
Mapping/Input/Flowlists/ecoinventEFv3.7.csv,ecoinventEFv3.7,,"Actinides, radioactive, unspecified",air/unspecified,kBq,,
Mapping/Input/Flowlists/ecoinventEFv3.7.csv,ecoinventEFv3.7,,"Actinides, radioactive, unspecified",air/urban air close to ground,kBq,,
Mapping/Input/Flowlists/ecoinventEFv3.7.csv,ecoinventEFv3.7,,"Actinides, radioactive, unspecified",water/ground-,kBq,,
Mapping/Input/Flowlists/ecoinventEFv3.7.csv,ecoinventEFv3.7,,"Actinides, radioactive, unspecified","water/ground-, long-term",kBq,,
Mapping/Input/Flowlists/ecoinventEFv3.7.csv,ecoinventEFv3.7,,"Actinides, radioactive, unspecified",water/ocean,kBq,,
Mapping/Input/Flowlists/ecoinventEFv3.7.csv,ecoinventEFv3.7,,"Actinides, radioactive, unspecified",water/surface water,kBq,,
Mapping/Input/Flowlists/ecoinventEFv3.7.csv,ecoinventEFv3.7,,"Actinides, radioactive, unspecified",water/unspecified,kBq,,
Mapping/Input/Flowlists/ecoinventEFv3.7.csv,ecoinventEFv3.7,,"Actinium, in ground",natural resource/in ground,kg,,
Mapping/Input/Flowlists/ecoinventEFv3.7.csv,ecoinventEFv3.7,,"Aerosols, radioactive, unspecified","air/low population density, long-term",kBq,,
Mapping/Input/Flowlists/ecoinventEFv3.7.csv,ecoinventEFv3.7,,"Aerosols, radioactive, unspecified",air/lower stratosphere + upper troposphere,kBq,,
Mapping/Input/Flowlists/ecoinventEFv3.7.csv,ecoinventEFv3.7,,"Aerosols, radioactive, unspecified",air/non-urban air or from high stacks,kBq,,
Mapping/Input/Flowlists/ecoinventEFv3.7.csv,ecoinventEFv3.7,,"Aerosols, radioactive, unspecified",air/unspecified,kBq,,
Mapping/Input/Flowlists/ecoinventEFv3.7.csv,ecoinventEFv3.7,,"Aerosols, radioactive, unspecified",air/urban air close to ground,kBq,,
Mapping/Input/Flowlists/ecoinventEFv3.7.csv,ecoinventEFv3.7,,Alachlor,air/non-urban air or from high stacks,kg,,
Mapping/Input/Flowlists/ecoinventEFv3.7.csv,ecoinventEFv3.7,,Alachlor,soil/agricultural,kg,,"2-chloro-N-(2,6-diethylphenyl)-N-(methoxymethyl)acetamide"
Mapping/Input/Flowlists/ecoinventEFv3.7.csv,ecoinventEFv3.7,,Alanycarb,soil/agricultural,kg,,
Mapping/Input/Flowlists/ecoinventEFv3.7.csv,ecoinventEFv3.7,,"Aldehydes, unspecified","air/low population density, long-term",kg,,
Mapping/Input/Flowlists/ecoinventEFv3.7.csv,ecoinventEFv3.7,,"Aldehydes, unspecified",air/lower stratosphere + upper troposphere,kg,,
Mapping/Input/Flowlists/ecoinventEFv3.7.csv,ecoinventEFv3.7,,"Aldehydes, unspecified",air/non-urban air or from high stacks,kg,,
Mapping/Input/Flowlists/ecoinventEFv3.7.csv,ecoinventEFv3.7,,"Aldehydes, unspecified",air/unspecified,kg,,
Mapping/Input/Flowlists/ecoinventEFv3.7.csv,ecoinventEFv3.7,,"Aldehydes, unspecified",air/urban air close to ground,kg,,
Mapping/Input/Flowlists/ecoinventEFv3.7.csv,ecoinventEFv3.7,,Aldicarb,soil/agricultural,kg,,UC21149
Mapping/Input/Flowlists/ecoinventEFv3.7.csv,ecoinventEFv3.7,,Aldrin,soil/agricultural,kg,,Aldrosol
Mapping/Input/Flowlists/ecoinventEFv3.7.csv,ecoinventEFv3.7,,Allethrin,soil/agricultural,kg,,
Mapping/Input/Flowlists/ecoinventEFv3.7.csv,ecoinventEFv3.7,,Allyl chloride,water/unspecified,kg,,
Mapping/Input/Flowlists/ecoinventEFv3.7.csv,ecoinventEFv3.7,,Alpha-cypermethrin,soil/agricultural,kg,,
Mapping/Input/Flowlists/ecoinventEFv3.7.csv,ecoinventEFv3.7,,Aluminium,"air/low population density, long-term",kg,,
Mapping/Input/Flowlists/ecoinventEFv3.7.csv,ecoinventEFv3.7,,Aluminium,air/lower stratosphere + upper troposphere,kg,,
Mapping/Input/Flowlists/ecoinventEFv3.7.csv,ecoinventEFv3.7,,Aluminium,air/non-urban air or from high stacks,kg,,
Mapping/Input/Flowlists/ecoinventEFv3.7.csv,ecoinventEFv3.7,,Aluminium,air/unspecified,kg,,
Mapping/Input/Flowlists/ecoinventEFv3.7.csv,ecoinventEFv3.7,,Aluminium,air/urban air close to ground,kg,,
Mapping/Input/Flowlists/ecoinventEFv3.7.csv,ecoinventEFv3.7,,Aluminium,soil/agricultural,kg,,
Mapping/Input/Flowlists/ecoinventEFv3.7.csv,ecoinventEFv3.7,,Aluminium,soil/forestry,kg,,
Mapping/Input/Flowlists/ecoinventEFv3.7.csv,ecoinventEFv3.7,,Aluminium,soil/industrial,kg,,
Mapping/Input/Flowlists/ecoinventEFv3.7.csv,ecoinventEFv3.7,,Aluminium,soil/unspecified,kg,,
Mapping/Input/Flowlists/ecoinventEFv3.7.csv,ecoinventEFv3.7,,Aluminium,water/ground-,kg,,
Mapping/Input/Flowlists/ecoinventEFv3.7.csv,ecoinventEFv3.7,,Aluminium,"water/ground-, long-term",kg,,
Mapping/Input/Flowlists/ecoinventEFv3.7.csv,ecoinventEFv3.7,,Aluminium,water/ocean,kg,,
Mapping/Input/Flowlists/ecoinventEFv3.7.csv,ecoinventEFv3.7,,Aluminium,water/surface water,kg,,
Mapping/Input/Flowlists/ecoinventEFv3.7.csv,ecoinventEFv3.7,,Aluminium,water/unspecified,kg,,
Mapping/Input/Flowlists/ecoinventEFv3.7.csv,ecoinventEFv3.7,,Aluminium hydroxide,water/unspecified,kg,,
Mapping/Input/Flowlists/ecoinventEFv3.7.csv,ecoinventEFv3.7,,"Aluminium, 24% in bauxite, 11% in crude ore, in ground",natural resource/in ground,kg,,
Mapping/Input/Flowlists/ecoinventEFv3.7.csv,ecoinventEFv3.7,,"Aluminium, in ground",natural resource/in ground,kg,,
Mapping/Input/Flowlists/ecoinventEFv3.7.csv,ecoinventEFv3.7,,Americium-241,"air/low population density, long-term",kBq,,
Mapping/Input/Flowlists/ecoinventEFv3.7.csv,ecoinventEFv3.7,,Americium-241,air/lower stratosphere + upper troposphere,kBq,,
Mapping/Input/Flowlists/ecoinventEFv3.7.csv,ecoinventEFv3.7,,Americium-241,air/non-urban air or from high stacks,kBq,,
Mapping/Input/Flowlists/ecoinventEFv3.7.csv,ecoinventEFv3.7,,Americium-241,air/unspecified,kBq,,
Mapping/Input/Flowlists/ecoinventEFv3.7.csv,ecoinventEFv3.7,,Americium-241,air/urban air close to ground,kBq,,
Mapping/Input/Flowlists/ecoinventEFv3.7.csv,ecoinventEFv3.7,,Americium-241,water/ground-,kBq,,
Mapping/Input/Flowlists/ecoinventEFv3.7.csv,ecoinventEFv3.7,,Americium-241,"water/ground-, long-term",kBq,,
Mapping/Input/Flowlists/ecoinventEFv3.7.csv,ecoinventEFv3.7,,Americium-241,water/ocean,kBq,,
Mapping/Input/Flowlists/ecoinventEFv3.7.csv,ecoinventEFv3.7,,Americium-241,water/surface water,kBq,,
Mapping/Input/Flowlists/ecoinventEFv3.7.csv,ecoinventEFv3.7,,Americium-241,water/unspecified,kBq,,
Mapping/Input/Flowlists/ecoinventEFv3.7.csv,ecoinventEFv3.7,,Ametryn,soil/agricultural,kg,,Evik
Mapping/Input/Flowlists/ecoinventEFv3.7.csv,ecoinventEFv3.7,,Amidosulfuron,soil/agricultural,kg,,"1-(4,6-dimethoxypyrimidin-2-yl)-3-mesyl(methyl)sulfamoylurea"
Mapping/Input/Flowlists/ecoinventEFv3.7.csv,ecoinventEFv3.7,,Amine oxide,air/unspecified,kg,,
Mapping/Input/Flowlists/ecoinventEFv3.7.csv,ecoinventEFv3.7,,Amitraz,soil/agricultural,kg,,Triazid
Mapping/Input/Flowlists/ecoinventEFv3.7.csv,ecoinventEFv3.7,,Ammonia,"air/low population density, long-term",kg,,
Mapping/Input/Flowlists/ecoinventEFv3.7.csv,ecoinventEFv3.7,,Ammonia,air/lower stratosphere + upper troposphere,kg,,
Mapping/Input/Flowlists/ecoinventEFv3.7.csv,ecoinventEFv3.7,,Ammonia,air/non-urban air or from high stacks,kg,,
Mapping/Input/Flowlists/ecoinventEFv3.7.csv,ecoinventEFv3.7,,Ammonia,air/unspecified,kg,,
Mapping/Input/Flowlists/ecoinventEFv3.7.csv,ecoinventEFv3.7,,Ammonia,air/urban air close to ground,kg,,
Mapping/Input/Flowlists/ecoinventEFv3.7.csv,ecoinventEFv3.7,,Ammonia,soil/industrial,kg,,
Mapping/Input/Flowlists/ecoinventEFv3.7.csv,ecoinventEFv3.7,,Ammonium carbonate,"air/low population density, long-term",kg,,
Mapping/Input/Flowlists/ecoinventEFv3.7.csv,ecoinventEFv3.7,,Ammonium carbonate,air/lower stratosphere + upper troposphere,kg,,
Mapping/Input/Flowlists/ecoinventEFv3.7.csv,ecoinventEFv3.7,,Ammonium carbonate,air/non-urban air or from high stacks,kg,,
Mapping/Input/Flowlists/ecoinventEFv3.7.csv,ecoinventEFv3.7,,Ammonium carbonate,air/unspecified,kg,,
Mapping/Input/Flowlists/ecoinventEFv3.7.csv,ecoinventEFv3.7,,Ammonium carbonate,air/urban air close to ground,kg,,
Mapping/Input/Flowlists/ecoinventEFv3.7.csv,ecoinventEFv3.7,,Ammonium sulfate,water/unspecified,kg,,Diammonium sulfate
Mapping/Input/Flowlists/ecoinventEFv3.7.csv,ecoinventEFv3.7,,"Ammonium, ion",water/ground-,kg,,
Mapping/Input/Flowlists/ecoinventEFv3.7.csv,ecoinventEFv3.7,,"Ammonium, ion","water/ground-, long-term",kg,,
Mapping/Input/Flowlists/ecoinventEFv3.7.csv,ecoinventEFv3.7,,"Ammonium, ion",water/ocean,kg,,
Mapping/Input/Flowlists/ecoinventEFv3.7.csv,ecoinventEFv3.7,,"Ammonium, ion",water/surface water,kg,,
Mapping/Input/Flowlists/ecoinventEFv3.7.csv,ecoinventEFv3.7,,"Ammonium, ion",water/unspecified,kg,,
Mapping/Input/Flowlists/ecoinventEFv3.7.csv,ecoinventEFv3.7,,"Anhydrite, in ground",natural resource/in ground,kg,,Calciumsulfat
Mapping/Input/Flowlists/ecoinventEFv3.7.csv,ecoinventEFv3.7,,Anilazine,soil/agricultural,kg,,
Mapping/Input/Flowlists/ecoinventEFv3.7.csv,ecoinventEFv3.7,,Aniline,"air/low population density, long-term",kg,,"aminobenzene, benzenamine, phenylamine"
Mapping/Input/Flowlists/ecoinventEFv3.7.csv,ecoinventEFv3.7,,Aniline,air/lower stratosphere + upper troposphere,kg,,"aminobenzene, benzenamine, phenylamine"
Mapping/Input/Flowlists/ecoinventEFv3.7.csv,ecoinventEFv3.7,,Aniline,air/non-urban air or from high stacks,kg,,"aminobenzene, benzenamine, phenylamine"
Mapping/Input/Flowlists/ecoinventEFv3.7.csv,ecoinventEFv3.7,,Aniline,air/unspecified,kg,,"aminobenzene, benzenamine, phenylamine"
Mapping/Input/Flowlists/ecoinventEFv3.7.csv,ecoinventEFv3.7,,Aniline,air/urban air close to ground,kg,,"aminobenzene, benzenamine, phenylamine"
Mapping/Input/Flowlists/ecoinventEFv3.7.csv,ecoinventEFv3.7,,Aniline,water/ground-,kg,,"aminobenzene, benzenamine, phenylamine"
Mapping/Input/Flowlists/ecoinventEFv3.7.csv,ecoinventEFv3.7,,Aniline,"water/ground-, long-term",kg,,"aminobenzene, benzenamine, phenylamine"
Mapping/Input/Flowlists/ecoinventEFv3.7.csv,ecoinventEFv3.7,,Aniline,water/ocean,kg,,"aminobenzene, benzenamine, phenylamine"
Mapping/Input/Flowlists/ecoinventEFv3.7.csv,ecoinventEFv3.7,,Aniline,water/surface water,kg,,"aminobenzene, benzenamine, phenylamine"
Mapping/Input/Flowlists/ecoinventEFv3.7.csv,ecoinventEFv3.7,,Aniline,water/unspecified,kg,,"aminobenzene, benzenamine, phenylamine"
Mapping/Input/Flowlists/ecoinventEFv3.7.csv,ecoinventEFv3.7,,Anthracene,air/unspecified,kg,,
Mapping/Input/Flowlists/ecoinventEFv3.7.csv,ecoinventEFv3.7,,Anthracene,water/ground-,kg,,Anthracen
Mapping/Input/Flowlists/ecoinventEFv3.7.csv,ecoinventEFv3.7,,Anthracene,"water/ground-, long-term",kg,,Paranaphthalene
Mapping/Input/Flowlists/ecoinventEFv3.7.csv,ecoinventEFv3.7,,Anthracene,water/ocean,kg,,Anthracin
Mapping/Input/Flowlists/ecoinventEFv3.7.csv,ecoinventEFv3.7,,Anthracene,water/surface water,kg,,Anthracen
Mapping/Input/Flowlists/ecoinventEFv3.7.csv,ecoinventEFv3.7,,Anthracene,water/unspecified,kg,,Paranaphthalene
Mapping/Input/Flowlists/ecoinventEFv3.7.csv,ecoinventEFv3.7,,Anthranilic acid,"air/low population density, long-term",kg,,"2-aminobenzoic acid, anthranilate, vitamin L1"
Mapping/Input/Flowlists/ecoinventEFv3.7.csv,ecoinventEFv3.7,,Anthranilic acid,air/lower stratosphere + upper troposphere,kg,,"2-aminobenzoic acid, anthranilate, vitamin L1"
Mapping/Input/Flowlists/ecoinventEFv3.7.csv,ecoinventEFv3.7,,Anthranilic acid,air/non-urban air or from high stacks,kg,,"2-aminobenzoic acid, anthranilate, vitamin L1"
Mapping/Input/Flowlists/ecoinventEFv3.7.csv,ecoinventEFv3.7,,Anthranilic acid,air/unspecified,kg,,"2-aminobenzoic acid, anthranilate, vitamin L1"
Mapping/Input/Flowlists/ecoinventEFv3.7.csv,ecoinventEFv3.7,,Anthranilic acid,air/urban air close to ground,kg,,"2-aminobenzoic acid, anthranilate, vitamin L1"
Mapping/Input/Flowlists/ecoinventEFv3.7.csv,ecoinventEFv3.7,,Anthraquinone,soil/agricultural,kg,,"9,10-dihydro-9,10-dioxoanthracene"
Mapping/Input/Flowlists/ecoinventEFv3.7.csv,ecoinventEFv3.7,,Antimony,"air/low population density, long-term",kg,,
Mapping/Input/Flowlists/ecoinventEFv3.7.csv,ecoinventEFv3.7,,Antimony,air/lower stratosphere + upper troposphere,kg,,
Mapping/Input/Flowlists/ecoinventEFv3.7.csv,ecoinventEFv3.7,,Antimony,air/non-urban air or from high stacks,kg,,
Mapping/Input/Flowlists/ecoinventEFv3.7.csv,ecoinventEFv3.7,,Antimony,air/unspecified,kg,,
Mapping/Input/Flowlists/ecoinventEFv3.7.csv,ecoinventEFv3.7,,Antimony,air/urban air close to ground,kg,,
Mapping/Input/Flowlists/ecoinventEFv3.7.csv,ecoinventEFv3.7,,Antimony,soil/agricultural,kg,,
Mapping/Input/Flowlists/ecoinventEFv3.7.csv,ecoinventEFv3.7,,Antimony,soil/forestry,kg,,
Mapping/Input/Flowlists/ecoinventEFv3.7.csv,ecoinventEFv3.7,,Antimony,soil/industrial,kg,,
Mapping/Input/Flowlists/ecoinventEFv3.7.csv,ecoinventEFv3.7,,Antimony,soil/unspecified,kg,,
Mapping/Input/Flowlists/ecoinventEFv3.7.csv,ecoinventEFv3.7,,Antimony,water/ground-,kg,,
Mapping/Input/Flowlists/ecoinventEFv3.7.csv,ecoinventEFv3.7,,Antimony,"water/ground-, long-term",kg,,
Mapping/Input/Flowlists/ecoinventEFv3.7.csv,ecoinventEFv3.7,,Antimony,water/ocean,kg,,
Mapping/Input/Flowlists/ecoinventEFv3.7.csv,ecoinventEFv3.7,,Antimony,water/surface water,kg,,
Mapping/Input/Flowlists/ecoinventEFv3.7.csv,ecoinventEFv3.7,,Antimony,water/unspecified,kg,,
Mapping/Input/Flowlists/ecoinventEFv3.7.csv,ecoinventEFv3.7,,"Antimony, in ground",natural resource/in ground,kg,,Stibnite
Mapping/Input/Flowlists/ecoinventEFv3.7.csv,ecoinventEFv3.7,,Antimony-122,water/ground-,kBq,,
Mapping/Input/Flowlists/ecoinventEFv3.7.csv,ecoinventEFv3.7,,Antimony-122,"water/ground-, long-term",kBq,,
Mapping/Input/Flowlists/ecoinventEFv3.7.csv,ecoinventEFv3.7,,Antimony-122,water/ocean,kBq,,
Mapping/Input/Flowlists/ecoinventEFv3.7.csv,ecoinventEFv3.7,,Antimony-122,water/surface water,kBq,,
Mapping/Input/Flowlists/ecoinventEFv3.7.csv,ecoinventEFv3.7,,Antimony-122,water/unspecified,kBq,,
Mapping/Input/Flowlists/ecoinventEFv3.7.csv,ecoinventEFv3.7,,Antimony-124,"air/low population density, long-term",kBq,,
Mapping/Input/Flowlists/ecoinventEFv3.7.csv,ecoinventEFv3.7,,Antimony-124,air/lower stratosphere + upper troposphere,kBq,,
Mapping/Input/Flowlists/ecoinventEFv3.7.csv,ecoinventEFv3.7,,Antimony-124,air/non-urban air or from high stacks,kBq,,
Mapping/Input/Flowlists/ecoinventEFv3.7.csv,ecoinventEFv3.7,,Antimony-124,air/unspecified,kBq,,
Mapping/Input/Flowlists/ecoinventEFv3.7.csv,ecoinventEFv3.7,,Antimony-124,air/urban air close to ground,kBq,,
Mapping/Input/Flowlists/ecoinventEFv3.7.csv,ecoinventEFv3.7,,Antimony-124,water/ground-,kBq,,
Mapping/Input/Flowlists/ecoinventEFv3.7.csv,ecoinventEFv3.7,,Antimony-124,"water/ground-, long-term",kBq,,
Mapping/Input/Flowlists/ecoinventEFv3.7.csv,ecoinventEFv3.7,,Antimony-124,water/ocean,kBq,,
Mapping/Input/Flowlists/ecoinventEFv3.7.csv,ecoinventEFv3.7,,Antimony-124,water/surface water,kBq,,
Mapping/Input/Flowlists/ecoinventEFv3.7.csv,ecoinventEFv3.7,,Antimony-124,water/unspecified,kBq,,
Mapping/Input/Flowlists/ecoinventEFv3.7.csv,ecoinventEFv3.7,,Antimony-125,"air/low population density, long-term",kBq,,
Mapping/Input/Flowlists/ecoinventEFv3.7.csv,ecoinventEFv3.7,,Antimony-125,air/lower stratosphere + upper troposphere,kBq,,
Mapping/Input/Flowlists/ecoinventEFv3.7.csv,ecoinventEFv3.7,,Antimony-125,air/non-urban air or from high stacks,kBq,,
Mapping/Input/Flowlists/ecoinventEFv3.7.csv,ecoinventEFv3.7,,Antimony-125,air/unspecified,kBq,,
Mapping/Input/Flowlists/ecoinventEFv3.7.csv,ecoinventEFv3.7,,Antimony-125,air/urban air close to ground,kBq,,
Mapping/Input/Flowlists/ecoinventEFv3.7.csv,ecoinventEFv3.7,,Antimony-125,water/ground-,kBq,,
Mapping/Input/Flowlists/ecoinventEFv3.7.csv,ecoinventEFv3.7,,Antimony-125,"water/ground-, long-term",kBq,,
Mapping/Input/Flowlists/ecoinventEFv3.7.csv,ecoinventEFv3.7,,Antimony-125,water/ocean,kBq,,
Mapping/Input/Flowlists/ecoinventEFv3.7.csv,ecoinventEFv3.7,,Antimony-125,water/surface water,kBq,,
Mapping/Input/Flowlists/ecoinventEFv3.7.csv,ecoinventEFv3.7,,Antimony-125,water/unspecified,kBq,,
Mapping/Input/Flowlists/ecoinventEFv3.7.csv,ecoinventEFv3.7,,"AOX, Adsorbable Organic Halogen as Cl",water/ground-,kg,,
Mapping/Input/Flowlists/ecoinventEFv3.7.csv,ecoinventEFv3.7,,"AOX, Adsorbable Organic Halogen as Cl","water/ground-, long-term",kg,,
Mapping/Input/Flowlists/ecoinventEFv3.7.csv,ecoinventEFv3.7,,"AOX, Adsorbable Organic Halogen as Cl",water/ocean,kg,,
Mapping/Input/Flowlists/ecoinventEFv3.7.csv,ecoinventEFv3.7,,"AOX, Adsorbable Organic Halogen as Cl",water/surface water,kg,,
Mapping/Input/Flowlists/ecoinventEFv3.7.csv,ecoinventEFv3.7,,"AOX, Adsorbable Organic Halogen as Cl",water/unspecified,kg,,
Mapping/Input/Flowlists/ecoinventEFv3.7.csv,ecoinventEFv3.7,,Argon-40,air/unspecified,kg,,
Mapping/Input/Flowlists/ecoinventEFv3.7.csv,ecoinventEFv3.7,,Argon-40,natural resource/in air,kg,,
Mapping/Input/Flowlists/ecoinventEFv3.7.csv,ecoinventEFv3.7,,Argon-41,"air/low population density, long-term",kBq,,
Mapping/Input/Flowlists/ecoinventEFv3.7.csv,ecoinventEFv3.7,,Argon-41,air/lower stratosphere + upper troposphere,kBq,,
Mapping/Input/Flowlists/ecoinventEFv3.7.csv,ecoinventEFv3.7,,Argon-41,air/non-urban air or from high stacks,kBq,,
Mapping/Input/Flowlists/ecoinventEFv3.7.csv,ecoinventEFv3.7,,Argon-41,air/unspecified,kBq,,
Mapping/Input/Flowlists/ecoinventEFv3.7.csv,ecoinventEFv3.7,,Argon-41,air/urban air close to ground,kBq,,
Mapping/Input/Flowlists/ecoinventEFv3.7.csv,ecoinventEFv3.7,,Arsenic,"air/low population density, long-term",kg,,
Mapping/Input/Flowlists/ecoinventEFv3.7.csv,ecoinventEFv3.7,,Arsenic,air/lower stratosphere + upper troposphere,kg,,
Mapping/Input/Flowlists/ecoinventEFv3.7.csv,ecoinventEFv3.7,,Arsenic,air/non-urban air or from high stacks,kg,,
Mapping/Input/Flowlists/ecoinventEFv3.7.csv,ecoinventEFv3.7,,Arsenic,air/unspecified,kg,,
Mapping/Input/Flowlists/ecoinventEFv3.7.csv,ecoinventEFv3.7,,Arsenic,air/urban air close to ground,kg,,
Mapping/Input/Flowlists/ecoinventEFv3.7.csv,ecoinventEFv3.7,,Arsenic,soil/agricultural,kg,,
Mapping/Input/Flowlists/ecoinventEFv3.7.csv,ecoinventEFv3.7,,Arsenic,soil/forestry,kg,,
Mapping/Input/Flowlists/ecoinventEFv3.7.csv,ecoinventEFv3.7,,Arsenic,soil/industrial,kg,,
Mapping/Input/Flowlists/ecoinventEFv3.7.csv,ecoinventEFv3.7,,Arsenic,soil/unspecified,kg,,
Mapping/Input/Flowlists/ecoinventEFv3.7.csv,ecoinventEFv3.7,,"Arsenic, in ground",natural resource/in ground,kg,,
Mapping/Input/Flowlists/ecoinventEFv3.7.csv,ecoinventEFv3.7,,"Arsenic, ion",water/ground-,kg,,
Mapping/Input/Flowlists/ecoinventEFv3.7.csv,ecoinventEFv3.7,,"Arsenic, ion","water/ground-, long-term",kg,,
Mapping/Input/Flowlists/ecoinventEFv3.7.csv,ecoinventEFv3.7,,"Arsenic, ion",water/ocean,kg,,
Mapping/Input/Flowlists/ecoinventEFv3.7.csv,ecoinventEFv3.7,,"Arsenic, ion",water/surface water,kg,,
Mapping/Input/Flowlists/ecoinventEFv3.7.csv,ecoinventEFv3.7,,"Arsenic, ion",water/unspecified,kg,,
Mapping/Input/Flowlists/ecoinventEFv3.7.csv,ecoinventEFv3.7,,Arsine,"air/low population density, long-term",kg,,Arsane
Mapping/Input/Flowlists/ecoinventEFv3.7.csv,ecoinventEFv3.7,,Arsine,air/lower stratosphere + upper troposphere,kg,,Arsenwasserstoff
Mapping/Input/Flowlists/ecoinventEFv3.7.csv,ecoinventEFv3.7,,Arsine,air/non-urban air or from high stacks,kg,,Monoarsan
Mapping/Input/Flowlists/ecoinventEFv3.7.csv,ecoinventEFv3.7,,Arsine,air/unspecified,kg,,Arsenwasserstoff
Mapping/Input/Flowlists/ecoinventEFv3.7.csv,ecoinventEFv3.7,,Arsine,air/urban air close to ground,kg,,Arsane
Mapping/Input/Flowlists/ecoinventEFv3.7.csv,ecoinventEFv3.7,,"Astatine, in ground",natural resource/in ground,kg,,
Mapping/Input/Flowlists/ecoinventEFv3.7.csv,ecoinventEFv3.7,,Asulam,soil/agricultural,kg,,methyl 4-aminophenylsulfonylcarbamate
Mapping/Input/Flowlists/ecoinventEFv3.7.csv,ecoinventEFv3.7,,Atrazine,air/non-urban air or from high stacks,kg,,
Mapping/Input/Flowlists/ecoinventEFv3.7.csv,ecoinventEFv3.7,,Atrazine,soil/agricultural,kg,,
Mapping/Input/Flowlists/ecoinventEFv3.7.csv,ecoinventEFv3.7,,Atrazine,water/ground-,kg,,
Mapping/Input/Flowlists/ecoinventEFv3.7.csv,ecoinventEFv3.7,,Atrazine,water/surface water,kg,,
Mapping/Input/Flowlists/ecoinventEFv3.7.csv,ecoinventEFv3.7,,Azaconazol,soil/agricultural,kg,,
Mapping/Input/Flowlists/ecoinventEFv3.7.csv,ecoinventEFv3.7,,Azadirachtin,soil/agricultural,kg,,
Mapping/Input/Flowlists/ecoinventEFv3.7.csv,ecoinventEFv3.7,,Azinphos-methyl,soil/agricultural,kg,,GUTHION (AZINPHOS-METHYL)
Mapping/Input/Flowlists/ecoinventEFv3.7.csv,ecoinventEFv3.7,,Aziprotryne,soil/agricultural,kg,,
Mapping/Input/Flowlists/ecoinventEFv3.7.csv,ecoinventEFv3.7,,Azoxystrobin,air/non-urban air or from high stacks,kg,,
Mapping/Input/Flowlists/ecoinventEFv3.7.csv,ecoinventEFv3.7,,Azoxystrobin,soil/agricultural,kg,,methyl (E)-2-{2-[6-(2-cyanophenoxy)pyrimidin-4-yloxy]phenyl}-3-methoxyacrylate
Mapping/Input/Flowlists/ecoinventEFv3.7.csv,ecoinventEFv3.7,,Barite,water/ground-,kg,,
Mapping/Input/Flowlists/ecoinventEFv3.7.csv,ecoinventEFv3.7,,Barite,"water/ground-, long-term",kg,,
Mapping/Input/Flowlists/ecoinventEFv3.7.csv,ecoinventEFv3.7,,Barite,water/ocean,kg,,
Mapping/Input/Flowlists/ecoinventEFv3.7.csv,ecoinventEFv3.7,,Barite,water/surface water,kg,,
Mapping/Input/Flowlists/ecoinventEFv3.7.csv,ecoinventEFv3.7,,Barite,water/unspecified,kg,,
Mapping/Input/Flowlists/ecoinventEFv3.7.csv,ecoinventEFv3.7,,"Barite, 15% in crude ore, in ground",natural resource/in ground,kg,,
Mapping/Input/Flowlists/ecoinventEFv3.7.csv,ecoinventEFv3.7,,Barium,"air/low population density, long-term",kg,,
Mapping/Input/Flowlists/ecoinventEFv3.7.csv,ecoinventEFv3.7,,Barium,air/lower stratosphere + upper troposphere,kg,,
Mapping/Input/Flowlists/ecoinventEFv3.7.csv,ecoinventEFv3.7,,Barium,air/non-urban air or from high stacks,kg,,
Mapping/Input/Flowlists/ecoinventEFv3.7.csv,ecoinventEFv3.7,,Barium,air/unspecified,kg,,
Mapping/Input/Flowlists/ecoinventEFv3.7.csv,ecoinventEFv3.7,,Barium,air/urban air close to ground,kg,,
Mapping/Input/Flowlists/ecoinventEFv3.7.csv,ecoinventEFv3.7,,Barium,soil/agricultural,kg,,
Mapping/Input/Flowlists/ecoinventEFv3.7.csv,ecoinventEFv3.7,,Barium,soil/forestry,kg,,
Mapping/Input/Flowlists/ecoinventEFv3.7.csv,ecoinventEFv3.7,,Barium,soil/industrial,kg,,
Mapping/Input/Flowlists/ecoinventEFv3.7.csv,ecoinventEFv3.7,,Barium,soil/unspecified,kg,,
Mapping/Input/Flowlists/ecoinventEFv3.7.csv,ecoinventEFv3.7,,Barium,water/ground-,kg,,
Mapping/Input/Flowlists/ecoinventEFv3.7.csv,ecoinventEFv3.7,,Barium,"water/ground-, long-term",kg,,
Mapping/Input/Flowlists/ecoinventEFv3.7.csv,ecoinventEFv3.7,,Barium,water/ocean,kg,,
Mapping/Input/Flowlists/ecoinventEFv3.7.csv,ecoinventEFv3.7,,Barium,water/surface water,kg,,
Mapping/Input/Flowlists/ecoinventEFv3.7.csv,ecoinventEFv3.7,,Barium,water/unspecified,kg,,
Mapping/Input/Flowlists/ecoinventEFv3.7.csv,ecoinventEFv3.7,,Barium sulfide,water/unspecified,kg,,
Mapping/Input/Flowlists/ecoinventEFv3.7.csv,ecoinventEFv3.7,,"Barium, in ground",natural resource/in ground,kg,,
Mapping/Input/Flowlists/ecoinventEFv3.7.csv,ecoinventEFv3.7,,Barium-140,"air/low population density, long-term",kBq,,
Mapping/Input/Flowlists/ecoinventEFv3.7.csv,ecoinventEFv3.7,,Barium-140,air/lower stratosphere + upper troposphere,kBq,,
Mapping/Input/Flowlists/ecoinventEFv3.7.csv,ecoinventEFv3.7,,Barium-140,air/non-urban air or from high stacks,kBq,,
Mapping/Input/Flowlists/ecoinventEFv3.7.csv,ecoinventEFv3.7,,Barium-140,air/unspecified,kBq,,
Mapping/Input/Flowlists/ecoinventEFv3.7.csv,ecoinventEFv3.7,,Barium-140,air/urban air close to ground,kBq,,
Mapping/Input/Flowlists/ecoinventEFv3.7.csv,ecoinventEFv3.7,,Barium-140,water/ground-,kBq,,
Mapping/Input/Flowlists/ecoinventEFv3.7.csv,ecoinventEFv3.7,,Barium-140,"water/ground-, long-term",kBq,,
Mapping/Input/Flowlists/ecoinventEFv3.7.csv,ecoinventEFv3.7,,Barium-140,water/ocean,kBq,,
Mapping/Input/Flowlists/ecoinventEFv3.7.csv,ecoinventEFv3.7,,Barium-140,water/surface water,kBq,,
Mapping/Input/Flowlists/ecoinventEFv3.7.csv,ecoinventEFv3.7,,Barium-140,water/unspecified,kBq,,
Mapping/Input/Flowlists/ecoinventEFv3.7.csv,ecoinventEFv3.7,,"Basalt, in ground",natural resource/in ground,kg,,
Mapping/Input/Flowlists/ecoinventEFv3.7.csv,ecoinventEFv3.7,,Benalaxyl,soil/agricultural,kg,,
Mapping/Input/Flowlists/ecoinventEFv3.7.csv,ecoinventEFv3.7,,Benazolin,soil/agricultural,kg,,4-chloro-2-oxobenzothiazolin-3-ylacetic acid
Mapping/Input/Flowlists/ecoinventEFv3.7.csv,ecoinventEFv3.7,,Benfluralin,soil/agricultural,kg,,Benthrodine
Mapping/Input/Flowlists/ecoinventEFv3.7.csv,ecoinventEFv3.7,,Benomyl,soil/agricultural,kg,,methyl 1-(butylcarbamoyl)benzimidazol-2-ylcarbamate
Mapping/Input/Flowlists/ecoinventEFv3.7.csv,ecoinventEFv3.7,,Benoxacor,soil/agricultural,kg,,
Mapping/Input/Flowlists/ecoinventEFv3.7.csv,ecoinventEFv3.7,,Bensulfuron methyl ester,soil/agricultural,kg,,Bensulfuron Me
Mapping/Input/Flowlists/ecoinventEFv3.7.csv,ecoinventEFv3.7,,Bensultap,soil/agricultural,kg,,
Mapping/Input/Flowlists/ecoinventEFv3.7.csv,ecoinventEFv3.7,,Bentazone,air/non-urban air or from high stacks,kg,,
Mapping/Input/Flowlists/ecoinventEFv3.7.csv,ecoinventEFv3.7,,Bentazone,soil/agricultural,kg,,"3-isopropyl-1H-2,1,3-benzothiadiazin-4(3H)-one 2,2-dioxide"
Mapping/Input/Flowlists/ecoinventEFv3.7.csv,ecoinventEFv3.7,,Bentazone,water/ground-,kg,,
Mapping/Input/Flowlists/ecoinventEFv3.7.csv,ecoinventEFv3.7,,Bentazone,water/surface water,kg,,
Mapping/Input/Flowlists/ecoinventEFv3.7.csv,ecoinventEFv3.7,,Benthiavalicarb,soil/agricultural,kg,,
Mapping/Input/Flowlists/ecoinventEFv3.7.csv,ecoinventEFv3.7,,Benthiavalicarb-isopropyl,soil/agricultural,kg,,
Mapping/Input/Flowlists/ecoinventEFv3.7.csv,ecoinventEFv3.7,,Benz(a)anthracene,air/unspecified,kg,,
Mapping/Input/Flowlists/ecoinventEFv3.7.csv,ecoinventEFv3.7,,Benz(a)anthracene,water/surface water,kg,,Tetraphene
Mapping/Input/Flowlists/ecoinventEFv3.7.csv,ecoinventEFv3.7,,Benzal chloride,"air/low population density, long-term",kg,,
Mapping/Input/Flowlists/ecoinventEFv3.7.csv,ecoinventEFv3.7,,Benzal chloride,air/lower stratosphere + upper troposphere,kg,,
Mapping/Input/Flowlists/ecoinventEFv3.7.csv,ecoinventEFv3.7,,Benzal chloride,air/non-urban air or from high stacks,kg,,
Mapping/Input/Flowlists/ecoinventEFv3.7.csv,ecoinventEFv3.7,,Benzal chloride,air/unspecified,kg,,
Mapping/Input/Flowlists/ecoinventEFv3.7.csv,ecoinventEFv3.7,,Benzal chloride,air/urban air close to ground,kg,,
Mapping/Input/Flowlists/ecoinventEFv3.7.csv,ecoinventEFv3.7,,Benzal chloride,water/ground-,kg,,
Mapping/Input/Flowlists/ecoinventEFv3.7.csv,ecoinventEFv3.7,,Benzal chloride,"water/ground-, long-term",kg,,
Mapping/Input/Flowlists/ecoinventEFv3.7.csv,ecoinventEFv3.7,,Benzal chloride,water/ocean,kg,,
Mapping/Input/Flowlists/ecoinventEFv3.7.csv,ecoinventEFv3.7,,Benzal chloride,water/surface water,kg,,
Mapping/Input/Flowlists/ecoinventEFv3.7.csv,ecoinventEFv3.7,,Benzal chloride,water/unspecified,kg,,
Mapping/Input/Flowlists/ecoinventEFv3.7.csv,ecoinventEFv3.7,,Benzaldehyde,"air/low population density, long-term",kg,,
Mapping/Input/Flowlists/ecoinventEFv3.7.csv,ecoinventEFv3.7,,Benzaldehyde,air/lower stratosphere + upper troposphere,kg,,
Mapping/Input/Flowlists/ecoinventEFv3.7.csv,ecoinventEFv3.7,,Benzaldehyde,air/non-urban air or from high stacks,kg,,
Mapping/Input/Flowlists/ecoinventEFv3.7.csv,ecoinventEFv3.7,,Benzaldehyde,air/unspecified,kg,,
Mapping/Input/Flowlists/ecoinventEFv3.7.csv,ecoinventEFv3.7,,Benzaldehyde,air/urban air close to ground,kg,,
Mapping/Input/Flowlists/ecoinventEFv3.7.csv,ecoinventEFv3.7,,Benzaldehyde,water/unspecified,kg,,
Mapping/Input/Flowlists/ecoinventEFv3.7.csv,ecoinventEFv3.7,,Benzene,"air/low population density, long-term",kg,,
Mapping/Input/Flowlists/ecoinventEFv3.7.csv,ecoinventEFv3.7,,Benzene,air/lower stratosphere + upper troposphere,kg,,
Mapping/Input/Flowlists/ecoinventEFv3.7.csv,ecoinventEFv3.7,,Benzene,air/non-urban air or from high stacks,kg,,
Mapping/Input/Flowlists/ecoinventEFv3.7.csv,ecoinventEFv3.7,,Benzene,air/unspecified,kg,,
Mapping/Input/Flowlists/ecoinventEFv3.7.csv,ecoinventEFv3.7,,Benzene,air/urban air close to ground,kg,,
Mapping/Input/Flowlists/ecoinventEFv3.7.csv,ecoinventEFv3.7,,Benzene,water/ground-,kg,,
Mapping/Input/Flowlists/ecoinventEFv3.7.csv,ecoinventEFv3.7,,Benzene,"water/ground-, long-term",kg,,
Mapping/Input/Flowlists/ecoinventEFv3.7.csv,ecoinventEFv3.7,,Benzene,water/ocean,kg,,
Mapping/Input/Flowlists/ecoinventEFv3.7.csv,ecoinventEFv3.7,,Benzene,water/surface water,kg,,
Mapping/Input/Flowlists/ecoinventEFv3.7.csv,ecoinventEFv3.7,,Benzene,water/unspecified,kg,,
Mapping/Input/Flowlists/ecoinventEFv3.7.csv,ecoinventEFv3.7,,"Benzene, chloro-",water/ground-,kg,,
Mapping/Input/Flowlists/ecoinventEFv3.7.csv,ecoinventEFv3.7,,"Benzene, chloro-","water/ground-, long-term",kg,,
Mapping/Input/Flowlists/ecoinventEFv3.7.csv,ecoinventEFv3.7,,"Benzene, chloro-",water/ocean,kg,,
Mapping/Input/Flowlists/ecoinventEFv3.7.csv,ecoinventEFv3.7,,"Benzene, chloro-",water/surface water,kg,,
Mapping/Input/Flowlists/ecoinventEFv3.7.csv,ecoinventEFv3.7,,"Benzene, chloro-",water/unspecified,kg,,
Mapping/Input/Flowlists/ecoinventEFv3.7.csv,ecoinventEFv3.7,,"Benzene, dichloro","air/low population density, long-term",kg,,
Mapping/Input/Flowlists/ecoinventEFv3.7.csv,ecoinventEFv3.7,,"Benzene, dichloro",air/lower stratosphere + upper troposphere,kg,,
Mapping/Input/Flowlists/ecoinventEFv3.7.csv,ecoinventEFv3.7,,"Benzene, dichloro",air/non-urban air or from high stacks,kg,,
Mapping/Input/Flowlists/ecoinventEFv3.7.csv,ecoinventEFv3.7,,"Benzene, dichloro",air/unspecified,kg,,
Mapping/Input/Flowlists/ecoinventEFv3.7.csv,ecoinventEFv3.7,,"Benzene, dichloro",air/urban air close to ground,kg,,
Mapping/Input/Flowlists/ecoinventEFv3.7.csv,ecoinventEFv3.7,,"Benzene, ethyl-","air/low population density, long-term",kg,,Ethylbenzol
Mapping/Input/Flowlists/ecoinventEFv3.7.csv,ecoinventEFv3.7,,"Benzene, ethyl-",air/lower stratosphere + upper troposphere,kg,,Ethylbenzol
Mapping/Input/Flowlists/ecoinventEFv3.7.csv,ecoinventEFv3.7,,"Benzene, ethyl-",air/non-urban air or from high stacks,kg,,
Mapping/Input/Flowlists/ecoinventEFv3.7.csv,ecoinventEFv3.7,,"Benzene, ethyl-",air/unspecified,kg,,
Mapping/Input/Flowlists/ecoinventEFv3.7.csv,ecoinventEFv3.7,,"Benzene, ethyl-",air/urban air close to ground,kg,,
Mapping/Input/Flowlists/ecoinventEFv3.7.csv,ecoinventEFv3.7,,"Benzene, ethyl-",water/ground-,kg,,
Mapping/Input/Flowlists/ecoinventEFv3.7.csv,ecoinventEFv3.7,,"Benzene, ethyl-","water/ground-, long-term",kg,,
Mapping/Input/Flowlists/ecoinventEFv3.7.csv,ecoinventEFv3.7,,"Benzene, ethyl-",water/ocean,kg,,
Mapping/Input/Flowlists/ecoinventEFv3.7.csv,ecoinventEFv3.7,,"Benzene, ethyl-",water/surface water,kg,,
Mapping/Input/Flowlists/ecoinventEFv3.7.csv,ecoinventEFv3.7,,"Benzene, ethyl-",water/unspecified,kg,,
Mapping/Input/Flowlists/ecoinventEFv3.7.csv,ecoinventEFv3.7,,"Benzene, hexachloro-","air/low population density, long-term",kg,,HCB
Mapping/Input/Flowlists/ecoinventEFv3.7.csv,ecoinventEFv3.7,,"Benzene, hexachloro-",air/lower stratosphere + upper troposphere,kg,,HCB
Mapping/Input/Flowlists/ecoinventEFv3.7.csv,ecoinventEFv3.7,,"Benzene, hexachloro-",air/non-urban air or from high stacks,kg,,Hexachlorbenzol
Mapping/Input/Flowlists/ecoinventEFv3.7.csv,ecoinventEFv3.7,,"Benzene, hexachloro-",air/unspecified,kg,,HCB
Mapping/Input/Flowlists/ecoinventEFv3.7.csv,ecoinventEFv3.7,,"Benzene, hexachloro-",air/urban air close to ground,kg,,
Mapping/Input/Flowlists/ecoinventEFv3.7.csv,ecoinventEFv3.7,,"Benzene, hexachloro-",water/unspecified,kg,,
Mapping/Input/Flowlists/ecoinventEFv3.7.csv,ecoinventEFv3.7,,"Benzene, pentachloro-","air/low population density, long-term",kg,,Pentachlorbenzol
Mapping/Input/Flowlists/ecoinventEFv3.7.csv,ecoinventEFv3.7,,"Benzene, pentachloro-",air/lower stratosphere + upper troposphere,kg,,Pentachlorbenzol
Mapping/Input/Flowlists/ecoinventEFv3.7.csv,ecoinventEFv3.7,,"Benzene, pentachloro-",air/non-urban air or from high stacks,kg,,Pentachlorbenzol
Mapping/Input/Flowlists/ecoinventEFv3.7.csv,ecoinventEFv3.7,,"Benzene, pentachloro-",air/unspecified,kg,,Pentachlorbenzol
Mapping/Input/Flowlists/ecoinventEFv3.7.csv,ecoinventEFv3.7,,"Benzene, pentachloro-",air/urban air close to ground,kg,,Pentachlorbenzol
Mapping/Input/Flowlists/ecoinventEFv3.7.csv,ecoinventEFv3.7,,"Benzene, pentachloro-",water/unspecified,kg,,
Mapping/Input/Flowlists/ecoinventEFv3.7.csv,ecoinventEFv3.7,,Benzo(a)pyrene,"air/low population density, long-term",kg,,BaP
Mapping/Input/Flowlists/ecoinventEFv3.7.csv,ecoinventEFv3.7,,Benzo(a)pyrene,air/lower stratosphere + upper troposphere,kg,,BaP
Mapping/Input/Flowlists/ecoinventEFv3.7.csv,ecoinventEFv3.7,,Benzo(a)pyrene,air/non-urban air or from high stacks,kg,,
Mapping/Input/Flowlists/ecoinventEFv3.7.csv,ecoinventEFv3.7,,Benzo(a)pyrene,air/unspecified,kg,,
Mapping/Input/Flowlists/ecoinventEFv3.7.csv,ecoinventEFv3.7,,Benzo(a)pyrene,air/urban air close to ground,kg,,
Mapping/Input/Flowlists/ecoinventEFv3.7.csv,ecoinventEFv3.7,,Benzo(a)pyrene,water/surface water,kg,,
Mapping/Input/Flowlists/ecoinventEFv3.7.csv,ecoinventEFv3.7,,Benzo(a)pyrene,water/unspecified,kg,,
Mapping/Input/Flowlists/ecoinventEFv3.7.csv,ecoinventEFv3.7,,Benzo(b)fluoranthene,air/unspecified,kg,,
Mapping/Input/Flowlists/ecoinventEFv3.7.csv,ecoinventEFv3.7,,Benzo(b)fluoranthene,water/surface water,kg,,
Mapping/Input/Flowlists/ecoinventEFv3.7.csv,ecoinventEFv3.7,,Benzo(b)fluoranthene,water/unspecified,kg,,
Mapping/Input/Flowlists/ecoinventEFv3.7.csv,ecoinventEFv3.7,,Benzo(ghi)perylene,air/unspecified,kg,,
Mapping/Input/Flowlists/ecoinventEFv3.7.csv,ecoinventEFv3.7,,Benzo(ghi)perylene,water/surface water,kg,,
Mapping/Input/Flowlists/ecoinventEFv3.7.csv,ecoinventEFv3.7,,Benzo(k)fluoranthene,air/unspecified,kg,,
Mapping/Input/Flowlists/ecoinventEFv3.7.csv,ecoinventEFv3.7,,Benzo(k)fluoranthene,water/ground-,kg,,
Mapping/Input/Flowlists/ecoinventEFv3.7.csv,ecoinventEFv3.7,,Benzo(k)fluoranthene,"water/ground-, long-term",kg,,
Mapping/Input/Flowlists/ecoinventEFv3.7.csv,ecoinventEFv3.7,,Benzo(k)fluoranthene,water/ocean,kg,,
Mapping/Input/Flowlists/ecoinventEFv3.7.csv,ecoinventEFv3.7,,Benzo(k)fluoranthene,water/surface water,kg,,
Mapping/Input/Flowlists/ecoinventEFv3.7.csv,ecoinventEFv3.7,,Benzo(k)fluoranthene,water/unspecified,kg,,
Mapping/Input/Flowlists/ecoinventEFv3.7.csv,ecoinventEFv3.7,,Benzoic acid,soil/agricultural,kg,,
Mapping/Input/Flowlists/ecoinventEFv3.7.csv,ecoinventEFv3.7,,Benzoximate,soil/agricultural,kg,,
Mapping/Input/Flowlists/ecoinventEFv3.7.csv,ecoinventEFv3.7,,Benzthiazuron,soil/agricultural,kg,,
Mapping/Input/Flowlists/ecoinventEFv3.7.csv,ecoinventEFv3.7,,Benzyl alcohol,water/ground-,kg,,
Mapping/Input/Flowlists/ecoinventEFv3.7.csv,ecoinventEFv3.7,,Benzyl alcohol,"water/ground-, long-term",kg,,
Mapping/Input/Flowlists/ecoinventEFv3.7.csv,ecoinventEFv3.7,,Benzyl alcohol,water/ocean,kg,,
Mapping/Input/Flowlists/ecoinventEFv3.7.csv,ecoinventEFv3.7,,Benzyl alcohol,water/surface water,kg,,
Mapping/Input/Flowlists/ecoinventEFv3.7.csv,ecoinventEFv3.7,,Benzyl alcohol,water/unspecified,kg,,
Mapping/Input/Flowlists/ecoinventEFv3.7.csv,ecoinventEFv3.7,,Beryllium,"air/low population density, long-term",kg,,
Mapping/Input/Flowlists/ecoinventEFv3.7.csv,ecoinventEFv3.7,,Beryllium,air/lower stratosphere + upper troposphere,kg,,
Mapping/Input/Flowlists/ecoinventEFv3.7.csv,ecoinventEFv3.7,,Beryllium,air/non-urban air or from high stacks,kg,,
Mapping/Input/Flowlists/ecoinventEFv3.7.csv,ecoinventEFv3.7,,Beryllium,air/unspecified,kg,,
Mapping/Input/Flowlists/ecoinventEFv3.7.csv,ecoinventEFv3.7,,Beryllium,air/urban air close to ground,kg,,
Mapping/Input/Flowlists/ecoinventEFv3.7.csv,ecoinventEFv3.7,,Beryllium,soil/agricultural,kg,,
Mapping/Input/Flowlists/ecoinventEFv3.7.csv,ecoinventEFv3.7,,Beryllium,soil/forestry,kg,,
Mapping/Input/Flowlists/ecoinventEFv3.7.csv,ecoinventEFv3.7,,Beryllium,soil/industrial,kg,,
Mapping/Input/Flowlists/ecoinventEFv3.7.csv,ecoinventEFv3.7,,Beryllium,soil/unspecified,kg,,
Mapping/Input/Flowlists/ecoinventEFv3.7.csv,ecoinventEFv3.7,,Beryllium,water/ground-,kg,,
Mapping/Input/Flowlists/ecoinventEFv3.7.csv,ecoinventEFv3.7,,Beryllium,"water/ground-, long-term",kg,,
Mapping/Input/Flowlists/ecoinventEFv3.7.csv,ecoinventEFv3.7,,Beryllium,water/ocean,kg,,
Mapping/Input/Flowlists/ecoinventEFv3.7.csv,ecoinventEFv3.7,,Beryllium,water/surface water,kg,,
Mapping/Input/Flowlists/ecoinventEFv3.7.csv,ecoinventEFv3.7,,Beryllium,water/unspecified,kg,,
Mapping/Input/Flowlists/ecoinventEFv3.7.csv,ecoinventEFv3.7,,"Beryllium, in ground",natural resource/in ground,kg,,
Mapping/Input/Flowlists/ecoinventEFv3.7.csv,ecoinventEFv3.7,,Beta-cypermethrin,soil/agricultural,kg,,
Mapping/Input/Flowlists/ecoinventEFv3.7.csv,ecoinventEFv3.7,,"Bicarbonate, ion",water/unspecified,kg,,
Mapping/Input/Flowlists/ecoinventEFv3.7.csv,ecoinventEFv3.7,,Bifenox,soil/agricultural,kg,,"methyl 5-(2,4-dichlorophenoxy)-2-nitrobenzoate"
Mapping/Input/Flowlists/ecoinventEFv3.7.csv,ecoinventEFv3.7,,Bifenthrin,soil/agricultural,kg,,PSM
Mapping/Input/Flowlists/ecoinventEFv3.7.csv,ecoinventEFv3.7,,"Bismuth, in ground",natural resource/in ground,kg,,
Mapping/Input/Flowlists/ecoinventEFv3.7.csv,ecoinventEFv3.7,,Bisphenol A,water/unspecified,kg,,
Mapping/Input/Flowlists/ecoinventEFv3.7.csv,ecoinventEFv3.7,,Bitertanol,soil/agricultural,kg,,Baycor
Mapping/Input/Flowlists/ecoinventEFv3.7.csv,ecoinventEFv3.7,,"BOD5, Biological Oxygen Demand",water/ground-,kg,,
Mapping/Input/Flowlists/ecoinventEFv3.7.csv,ecoinventEFv3.7,,"BOD5, Biological Oxygen Demand","water/ground-, long-term",kg,,
Mapping/Input/Flowlists/ecoinventEFv3.7.csv,ecoinventEFv3.7,,"BOD5, Biological Oxygen Demand",water/ocean,kg,,
Mapping/Input/Flowlists/ecoinventEFv3.7.csv,ecoinventEFv3.7,,"BOD5, Biological Oxygen Demand",water/surface water,kg,,
Mapping/Input/Flowlists/ecoinventEFv3.7.csv,ecoinventEFv3.7,,"BOD5, Biological Oxygen Demand",water/unspecified,kg,,
Mapping/Input/Flowlists/ecoinventEFv3.7.csv,ecoinventEFv3.7,,Borate,water/ground-,kg,,borate ion
Mapping/Input/Flowlists/ecoinventEFv3.7.csv,ecoinventEFv3.7,,Borate,"water/ground-, long-term",kg,,borate ion
Mapping/Input/Flowlists/ecoinventEFv3.7.csv,ecoinventEFv3.7,,Borate,water/ocean,kg,,borate ion
Mapping/Input/Flowlists/ecoinventEFv3.7.csv,ecoinventEFv3.7,,Borate,water/surface water,kg,,borate ion
Mapping/Input/Flowlists/ecoinventEFv3.7.csv,ecoinventEFv3.7,,Borate,water/unspecified,kg,,borate ion
Mapping/Input/Flowlists/ecoinventEFv3.7.csv,ecoinventEFv3.7,,"Borax, in ground",natural resource/in ground,kg,,
Mapping/Input/Flowlists/ecoinventEFv3.7.csv,ecoinventEFv3.7,,Boric acid,"air/low population density, long-term",kg,,
Mapping/Input/Flowlists/ecoinventEFv3.7.csv,ecoinventEFv3.7,,Boric acid,air/lower stratosphere + upper troposphere,kg,,
Mapping/Input/Flowlists/ecoinventEFv3.7.csv,ecoinventEFv3.7,,Boric acid,air/non-urban air or from high stacks,kg,,
Mapping/Input/Flowlists/ecoinventEFv3.7.csv,ecoinventEFv3.7,,Boric acid,air/unspecified,kg,,
Mapping/Input/Flowlists/ecoinventEFv3.7.csv,ecoinventEFv3.7,,Boric acid,air/urban air close to ground,kg,,
Mapping/Input/Flowlists/ecoinventEFv3.7.csv,ecoinventEFv3.7,,Boron,"air/low population density, long-term",kg,,
Mapping/Input/Flowlists/ecoinventEFv3.7.csv,ecoinventEFv3.7,,Boron,air/lower stratosphere + upper troposphere,kg,,
Mapping/Input/Flowlists/ecoinventEFv3.7.csv,ecoinventEFv3.7,,Boron,air/non-urban air or from high stacks,kg,,
Mapping/Input/Flowlists/ecoinventEFv3.7.csv,ecoinventEFv3.7,,Boron,air/unspecified,kg,,
Mapping/Input/Flowlists/ecoinventEFv3.7.csv,ecoinventEFv3.7,,Boron,air/urban air close to ground,kg,,
Mapping/Input/Flowlists/ecoinventEFv3.7.csv,ecoinventEFv3.7,,Boron,soil/agricultural,kg,,
Mapping/Input/Flowlists/ecoinventEFv3.7.csv,ecoinventEFv3.7,,Boron,soil/forestry,kg,,
Mapping/Input/Flowlists/ecoinventEFv3.7.csv,ecoinventEFv3.7,,Boron,soil/industrial,kg,,
Mapping/Input/Flowlists/ecoinventEFv3.7.csv,ecoinventEFv3.7,,Boron,soil/unspecified,kg,,
Mapping/Input/Flowlists/ecoinventEFv3.7.csv,ecoinventEFv3.7,,Boron,water/ground-,kg,,
Mapping/Input/Flowlists/ecoinventEFv3.7.csv,ecoinventEFv3.7,,Boron,"water/ground-, long-term",kg,,
Mapping/Input/Flowlists/ecoinventEFv3.7.csv,ecoinventEFv3.7,,Boron,water/ocean,kg,,
Mapping/Input/Flowlists/ecoinventEFv3.7.csv,ecoinventEFv3.7,,Boron,water/surface water,kg,,
Mapping/Input/Flowlists/ecoinventEFv3.7.csv,ecoinventEFv3.7,,Boron,water/unspecified,kg,,
Mapping/Input/Flowlists/ecoinventEFv3.7.csv,ecoinventEFv3.7,,Boron carbide,"air/low population density, long-term",kg,,
Mapping/Input/Flowlists/ecoinventEFv3.7.csv,ecoinventEFv3.7,,Boron carbide,air/lower stratosphere + upper troposphere,kg,,
Mapping/Input/Flowlists/ecoinventEFv3.7.csv,ecoinventEFv3.7,,Boron carbide,air/non-urban air or from high stacks,kg,,
Mapping/Input/Flowlists/ecoinventEFv3.7.csv,ecoinventEFv3.7,,Boron carbide,air/unspecified,kg,,
Mapping/Input/Flowlists/ecoinventEFv3.7.csv,ecoinventEFv3.7,,Boron carbide,air/urban air close to ground,kg,,
Mapping/Input/Flowlists/ecoinventEFv3.7.csv,ecoinventEFv3.7,,Boron carbide,water/ground-,kg,,
Mapping/Input/Flowlists/ecoinventEFv3.7.csv,ecoinventEFv3.7,,Boron carbide,"water/ground-, long-term",kg,,
Mapping/Input/Flowlists/ecoinventEFv3.7.csv,ecoinventEFv3.7,,Boron carbide,water/ocean,kg,,
Mapping/Input/Flowlists/ecoinventEFv3.7.csv,ecoinventEFv3.7,,Boron carbide,water/surface water,kg,,
Mapping/Input/Flowlists/ecoinventEFv3.7.csv,ecoinventEFv3.7,,Boron carbide,water/unspecified,kg,,
Mapping/Input/Flowlists/ecoinventEFv3.7.csv,ecoinventEFv3.7,,Boron trifluoride,"air/low population density, long-term",kg,,
Mapping/Input/Flowlists/ecoinventEFv3.7.csv,ecoinventEFv3.7,,Boron trifluoride,air/lower stratosphere + upper troposphere,kg,,
Mapping/Input/Flowlists/ecoinventEFv3.7.csv,ecoinventEFv3.7,,Boron trifluoride,air/non-urban air or from high stacks,kg,,
Mapping/Input/Flowlists/ecoinventEFv3.7.csv,ecoinventEFv3.7,,Boron trifluoride,air/unspecified,kg,,
Mapping/Input/Flowlists/ecoinventEFv3.7.csv,ecoinventEFv3.7,,Boron trifluoride,air/urban air close to ground,kg,,
Mapping/Input/Flowlists/ecoinventEFv3.7.csv,ecoinventEFv3.7,,"Boron, in ground",natural resource/in ground,kg,,
Mapping/Input/Flowlists/ecoinventEFv3.7.csv,ecoinventEFv3.7,,Boscalid,soil/agricultural,kg,,
Mapping/Input/Flowlists/ecoinventEFv3.7.csv,ecoinventEFv3.7,,Bromacil,soil/agricultural,kg,,Urox B
Mapping/Input/Flowlists/ecoinventEFv3.7.csv,ecoinventEFv3.7,,Bromate,water/ground-,kg,,
Mapping/Input/Flowlists/ecoinventEFv3.7.csv,ecoinventEFv3.7,,Bromate,"water/ground-, long-term",kg,,
Mapping/Input/Flowlists/ecoinventEFv3.7.csv,ecoinventEFv3.7,,Bromate,water/ocean,kg,,
Mapping/Input/Flowlists/ecoinventEFv3.7.csv,ecoinventEFv3.7,,Bromate,water/surface water,kg,,
Mapping/Input/Flowlists/ecoinventEFv3.7.csv,ecoinventEFv3.7,,Bromate,water/unspecified,kg,,
Mapping/Input/Flowlists/ecoinventEFv3.7.csv,ecoinventEFv3.7,,Bromide,water/ground-,kg,,
Mapping/Input/Flowlists/ecoinventEFv3.7.csv,ecoinventEFv3.7,,Bromide,"water/ground-, long-term",kg,,
Mapping/Input/Flowlists/ecoinventEFv3.7.csv,ecoinventEFv3.7,,Bromide,water/ocean,kg,,
Mapping/Input/Flowlists/ecoinventEFv3.7.csv,ecoinventEFv3.7,,Bromide,water/surface water,kg,,
Mapping/Input/Flowlists/ecoinventEFv3.7.csv,ecoinventEFv3.7,,Bromide,water/unspecified,kg,,
Mapping/Input/Flowlists/ecoinventEFv3.7.csv,ecoinventEFv3.7,,Bromine,"air/low population density, long-term",kg,,
Mapping/Input/Flowlists/ecoinventEFv3.7.csv,ecoinventEFv3.7,,Bromine,air/lower stratosphere + upper troposphere,kg,,
Mapping/Input/Flowlists/ecoinventEFv3.7.csv,ecoinventEFv3.7,,Bromine,air/non-urban air or from high stacks,kg,,
Mapping/Input/Flowlists/ecoinventEFv3.7.csv,ecoinventEFv3.7,,Bromine,air/unspecified,kg,,
Mapping/Input/Flowlists/ecoinventEFv3.7.csv,ecoinventEFv3.7,,Bromine,air/urban air close to ground,kg,,
Mapping/Input/Flowlists/ecoinventEFv3.7.csv,ecoinventEFv3.7,,Bromine,soil/agricultural,kg,,
Mapping/Input/Flowlists/ecoinventEFv3.7.csv,ecoinventEFv3.7,,Bromine,soil/forestry,kg,,
Mapping/Input/Flowlists/ecoinventEFv3.7.csv,ecoinventEFv3.7,,Bromine,soil/industrial,kg,,
Mapping/Input/Flowlists/ecoinventEFv3.7.csv,ecoinventEFv3.7,,Bromine,soil/unspecified,kg,,
Mapping/Input/Flowlists/ecoinventEFv3.7.csv,ecoinventEFv3.7,,Bromine,water/ground-,kg,,
Mapping/Input/Flowlists/ecoinventEFv3.7.csv,ecoinventEFv3.7,,Bromine,"water/ground-, long-term",kg,,
Mapping/Input/Flowlists/ecoinventEFv3.7.csv,ecoinventEFv3.7,,Bromine,water/ocean,kg,,
Mapping/Input/Flowlists/ecoinventEFv3.7.csv,ecoinventEFv3.7,,Bromine,water/surface water,kg,,
Mapping/Input/Flowlists/ecoinventEFv3.7.csv,ecoinventEFv3.7,,Bromine,water/unspecified,kg,,
Mapping/Input/Flowlists/ecoinventEFv3.7.csv,ecoinventEFv3.7,,"Bromine, 0.23% in water",natural resource/in water,kg,,
Mapping/Input/Flowlists/ecoinventEFv3.7.csv,ecoinventEFv3.7,,"Bromine, in water",natural resource/in water,kg,,
Mapping/Input/Flowlists/ecoinventEFv3.7.csv,ecoinventEFv3.7,,Bromofenoxim,soil/agricultural,kg,,
Mapping/Input/Flowlists/ecoinventEFv3.7.csv,ecoinventEFv3.7,,Bromopropane,air/unspecified,kg,,
Mapping/Input/Flowlists/ecoinventEFv3.7.csv,ecoinventEFv3.7,,Bromopropane,water/unspecified,kg,,
Mapping/Input/Flowlists/ecoinventEFv3.7.csv,ecoinventEFv3.7,,Bromopropylate,soil/agricultural,kg,,
Mapping/Input/Flowlists/ecoinventEFv3.7.csv,ecoinventEFv3.7,,Bromoxynil,air/non-urban air or from high stacks,kg,,"3,5-dibromo-4-hydroxybenzonitrile"
Mapping/Input/Flowlists/ecoinventEFv3.7.csv,ecoinventEFv3.7,,Bromoxynil,soil/agricultural,kg,,"3,5-dibromo-4-hydroxybenzonitrile"
Mapping/Input/Flowlists/ecoinventEFv3.7.csv,ecoinventEFv3.7,,Bromoxynil,water/ground-,kg,,"3,5-dibromo-4-hydroxybenzonitrile"
Mapping/Input/Flowlists/ecoinventEFv3.7.csv,ecoinventEFv3.7,,Bromoxynil,water/surface water,kg,,"3,5-dibromo-4-hydroxybenzonitrile"
Mapping/Input/Flowlists/ecoinventEFv3.7.csv,ecoinventEFv3.7,,Bromoxynil octanoate,soil/agricultural,kg,,
Mapping/Input/Flowlists/ecoinventEFv3.7.csv,ecoinventEFv3.7,,Bromuconazole,soil/agricultural,kg,,"1-[[4-Bromo-2-(2,4-dichlorophenyl)tetrahydro-2-furanyl]methyl]-1,2,4-triazole"
Mapping/Input/Flowlists/ecoinventEFv3.7.csv,ecoinventEFv3.7,,Bupirimate,soil/agricultural,kg,,
Mapping/Input/Flowlists/ecoinventEFv3.7.csv,ecoinventEFv3.7,,Buprofezin,soil/agricultural,kg,,buprofezin
Mapping/Input/Flowlists/ecoinventEFv3.7.csv,ecoinventEFv3.7,,Butadiene,"air/low population density, long-term",kg,,"1,3-butadiene"
Mapping/Input/Flowlists/ecoinventEFv3.7.csv,ecoinventEFv3.7,,Butadiene,air/lower stratosphere + upper troposphere,kg,,"1,3-butadiene"
Mapping/Input/Flowlists/ecoinventEFv3.7.csv,ecoinventEFv3.7,,Butadiene,air/non-urban air or from high stacks,kg,,Biethylene
Mapping/Input/Flowlists/ecoinventEFv3.7.csv,ecoinventEFv3.7,,Butadiene,air/unspecified,kg,,"Buta-1,3-diene"
Mapping/Input/Flowlists/ecoinventEFv3.7.csv,ecoinventEFv3.7,,Butadiene,air/urban air close to ground,kg,,Pyrrolylene
Mapping/Input/Flowlists/ecoinventEFv3.7.csv,ecoinventEFv3.7,,Butafenacil,soil/agricultural,kg,,
Mapping/Input/Flowlists/ecoinventEFv3.7.csv,ecoinventEFv3.7,,Butane,"air/low population density, long-term",kg,,
Mapping/Input/Flowlists/ecoinventEFv3.7.csv,ecoinventEFv3.7,,Butane,air/lower stratosphere + upper troposphere,kg,,
Mapping/Input/Flowlists/ecoinventEFv3.7.csv,ecoinventEFv3.7,,Butane,air/non-urban air or from high stacks,kg,,
Mapping/Input/Flowlists/ecoinventEFv3.7.csv,ecoinventEFv3.7,,Butane,air/unspecified,kg,,
Mapping/Input/Flowlists/ecoinventEFv3.7.csv,ecoinventEFv3.7,,Butane,air/urban air close to ground,kg,,
Mapping/Input/Flowlists/ecoinventEFv3.7.csv,ecoinventEFv3.7,,Butanol,"air/low population density, long-term",kg,,
Mapping/Input/Flowlists/ecoinventEFv3.7.csv,ecoinventEFv3.7,,Butanol,air/lower stratosphere + upper troposphere,kg,,
Mapping/Input/Flowlists/ecoinventEFv3.7.csv,ecoinventEFv3.7,,Butanol,air/non-urban air or from high stacks,kg,,
Mapping/Input/Flowlists/ecoinventEFv3.7.csv,ecoinventEFv3.7,,Butanol,air/unspecified,kg,,
Mapping/Input/Flowlists/ecoinventEFv3.7.csv,ecoinventEFv3.7,,Butanol,air/urban air close to ground,kg,,
Mapping/Input/Flowlists/ecoinventEFv3.7.csv,ecoinventEFv3.7,,Butanol,water/ground-,kg,,
Mapping/Input/Flowlists/ecoinventEFv3.7.csv,ecoinventEFv3.7,,Butanol,"water/ground-, long-term",kg,,
Mapping/Input/Flowlists/ecoinventEFv3.7.csv,ecoinventEFv3.7,,Butanol,water/ocean,kg,,
Mapping/Input/Flowlists/ecoinventEFv3.7.csv,ecoinventEFv3.7,,Butanol,water/surface water,kg,,
Mapping/Input/Flowlists/ecoinventEFv3.7.csv,ecoinventEFv3.7,,Butanol,water/unspecified,kg,,
Mapping/Input/Flowlists/ecoinventEFv3.7.csv,ecoinventEFv3.7,,Butene,"air/low population density, long-term",kg,,
Mapping/Input/Flowlists/ecoinventEFv3.7.csv,ecoinventEFv3.7,,Butene,air/lower stratosphere + upper troposphere,kg,,
Mapping/Input/Flowlists/ecoinventEFv3.7.csv,ecoinventEFv3.7,,Butene,air/non-urban air or from high stacks,kg,,
Mapping/Input/Flowlists/ecoinventEFv3.7.csv,ecoinventEFv3.7,,Butene,air/unspecified,kg,,
Mapping/Input/Flowlists/ecoinventEFv3.7.csv,ecoinventEFv3.7,,Butene,air/urban air close to ground,kg,,
Mapping/Input/Flowlists/ecoinventEFv3.7.csv,ecoinventEFv3.7,,Butene,water/ground-,kg,,
Mapping/Input/Flowlists/ecoinventEFv3.7.csv,ecoinventEFv3.7,,Butene,"water/ground-, long-term",kg,,
Mapping/Input/Flowlists/ecoinventEFv3.7.csv,ecoinventEFv3.7,,Butene,water/ocean,kg,,
Mapping/Input/Flowlists/ecoinventEFv3.7.csv,ecoinventEFv3.7,,Butene,water/surface water,kg,,
Mapping/Input/Flowlists/ecoinventEFv3.7.csv,ecoinventEFv3.7,,Butene,water/unspecified,kg,,
Mapping/Input/Flowlists/ecoinventEFv3.7.csv,ecoinventEFv3.7,,Butoxycarboxim,soil/agricultural,kg,,
Mapping/Input/Flowlists/ecoinventEFv3.7.csv,ecoinventEFv3.7,,Butralin,soil/agricultural,kg,,
Mapping/Input/Flowlists/ecoinventEFv3.7.csv,ecoinventEFv3.7,,Butyl acetate,"air/low population density, long-term",kg,,
Mapping/Input/Flowlists/ecoinventEFv3.7.csv,ecoinventEFv3.7,,Butyl acetate,air/lower stratosphere + upper troposphere,kg,,
Mapping/Input/Flowlists/ecoinventEFv3.7.csv,ecoinventEFv3.7,,Butyl acetate,air/non-urban air or from high stacks,kg,,
Mapping/Input/Flowlists/ecoinventEFv3.7.csv,ecoinventEFv3.7,,Butyl acetate,air/unspecified,kg,,
Mapping/Input/Flowlists/ecoinventEFv3.7.csv,ecoinventEFv3.7,,Butyl acetate,air/urban air close to ground,kg,,
Mapping/Input/Flowlists/ecoinventEFv3.7.csv,ecoinventEFv3.7,,Butyl acetate,water/ground-,kg,,
Mapping/Input/Flowlists/ecoinventEFv3.7.csv,ecoinventEFv3.7,,Butyl acetate,"water/ground-, long-term",kg,,
Mapping/Input/Flowlists/ecoinventEFv3.7.csv,ecoinventEFv3.7,,Butyl acetate,water/ocean,kg,,
Mapping/Input/Flowlists/ecoinventEFv3.7.csv,ecoinventEFv3.7,,Butyl acetate,water/surface water,kg,,
Mapping/Input/Flowlists/ecoinventEFv3.7.csv,ecoinventEFv3.7,,Butyl acetate,water/unspecified,kg,,
Mapping/Input/Flowlists/ecoinventEFv3.7.csv,ecoinventEFv3.7,,"Butylcarbamate, iodopropynyl",air/non-urban air or from high stacks,kg,,
Mapping/Input/Flowlists/ecoinventEFv3.7.csv,ecoinventEFv3.7,,"Butylcarbamate, iodopropynyl",water/surface water,kg,,
Mapping/Input/Flowlists/ecoinventEFv3.7.csv,ecoinventEFv3.7,,Butyrolactone,"air/low population density, long-term",kg,,
Mapping/Input/Flowlists/ecoinventEFv3.7.csv,ecoinventEFv3.7,,Butyrolactone,air/lower stratosphere + upper troposphere,kg,,
Mapping/Input/Flowlists/ecoinventEFv3.7.csv,ecoinventEFv3.7,,Butyrolactone,air/non-urban air or from high stacks,kg,,
Mapping/Input/Flowlists/ecoinventEFv3.7.csv,ecoinventEFv3.7,,Butyrolactone,air/unspecified,kg,,
Mapping/Input/Flowlists/ecoinventEFv3.7.csv,ecoinventEFv3.7,,Butyrolactone,air/urban air close to ground,kg,,
Mapping/Input/Flowlists/ecoinventEFv3.7.csv,ecoinventEFv3.7,,Butyrolactone,water/ground-,kg,,
Mapping/Input/Flowlists/ecoinventEFv3.7.csv,ecoinventEFv3.7,,Butyrolactone,"water/ground-, long-term",kg,,
Mapping/Input/Flowlists/ecoinventEFv3.7.csv,ecoinventEFv3.7,,Butyrolactone,water/ocean,kg,,
Mapping/Input/Flowlists/ecoinventEFv3.7.csv,ecoinventEFv3.7,,Butyrolactone,water/surface water,kg,,
Mapping/Input/Flowlists/ecoinventEFv3.7.csv,ecoinventEFv3.7,,Butyrolactone,water/unspecified,kg,,
Mapping/Input/Flowlists/ecoinventEFv3.7.csv,ecoinventEFv3.7,,Cadmium,"air/low population density, long-term",kg,,
Mapping/Input/Flowlists/ecoinventEFv3.7.csv,ecoinventEFv3.7,,Cadmium,air/lower stratosphere + upper troposphere,kg,,
Mapping/Input/Flowlists/ecoinventEFv3.7.csv,ecoinventEFv3.7,,Cadmium,air/non-urban air or from high stacks,kg,,
Mapping/Input/Flowlists/ecoinventEFv3.7.csv,ecoinventEFv3.7,,Cadmium,air/unspecified,kg,,
Mapping/Input/Flowlists/ecoinventEFv3.7.csv,ecoinventEFv3.7,,Cadmium,air/urban air close to ground,kg,,
Mapping/Input/Flowlists/ecoinventEFv3.7.csv,ecoinventEFv3.7,,Cadmium,soil/agricultural,kg,,
Mapping/Input/Flowlists/ecoinventEFv3.7.csv,ecoinventEFv3.7,,Cadmium,soil/forestry,kg,,
Mapping/Input/Flowlists/ecoinventEFv3.7.csv,ecoinventEFv3.7,,Cadmium,soil/industrial,kg,,
Mapping/Input/Flowlists/ecoinventEFv3.7.csv,ecoinventEFv3.7,,Cadmium,soil/unspecified,kg,,
Mapping/Input/Flowlists/ecoinventEFv3.7.csv,ecoinventEFv3.7,,"Cadmium, 0.30% in sulfide, Cd 0.18%, Pb, Zn, Ag, In, in ground",natural resource/in ground,kg,,
Mapping/Input/Flowlists/ecoinventEFv3.7.csv,ecoinventEFv3.7,,"Cadmium, in ground",natural resource/in ground,kg,,
Mapping/Input/Flowlists/ecoinventEFv3.7.csv,ecoinventEFv3.7,,"Cadmium, ion",water/ground-,kg,,
Mapping/Input/Flowlists/ecoinventEFv3.7.csv,ecoinventEFv3.7,,"Cadmium, ion","water/ground-, long-term",kg,,
Mapping/Input/Flowlists/ecoinventEFv3.7.csv,ecoinventEFv3.7,,"Cadmium, ion",water/ocean,kg,,
Mapping/Input/Flowlists/ecoinventEFv3.7.csv,ecoinventEFv3.7,,"Cadmium, ion",water/surface water,kg,,
Mapping/Input/Flowlists/ecoinventEFv3.7.csv,ecoinventEFv3.7,,"Cadmium, ion",water/unspecified,kg,,
Mapping/Input/Flowlists/ecoinventEFv3.7.csv,ecoinventEFv3.7,,Cadmium-109,water/ground-,kBq,,
Mapping/Input/Flowlists/ecoinventEFv3.7.csv,ecoinventEFv3.7,,Cadmium-109,"water/ground-, long-term",kBq,,
Mapping/Input/Flowlists/ecoinventEFv3.7.csv,ecoinventEFv3.7,,Cadmium-109,water/ocean,kBq,,
Mapping/Input/Flowlists/ecoinventEFv3.7.csv,ecoinventEFv3.7,,Cadmium-109,water/surface water,kBq,,
Mapping/Input/Flowlists/ecoinventEFv3.7.csv,ecoinventEFv3.7,,Cadmium-109,water/unspecified,kBq,,
Mapping/Input/Flowlists/ecoinventEFv3.7.csv,ecoinventEFv3.7,,"Caesium, in ground",natural resource/in ground,kg,,Cesium
Mapping/Input/Flowlists/ecoinventEFv3.7.csv,ecoinventEFv3.7,,"Calcite, in ground",natural resource/in ground,kg,,
Mapping/Input/Flowlists/ecoinventEFv3.7.csv,ecoinventEFv3.7,,Calcium,"air/low population density, long-term",kg,,
Mapping/Input/Flowlists/ecoinventEFv3.7.csv,ecoinventEFv3.7,,Calcium,air/lower stratosphere + upper troposphere,kg,,
Mapping/Input/Flowlists/ecoinventEFv3.7.csv,ecoinventEFv3.7,,Calcium,air/non-urban air or from high stacks,kg,,
Mapping/Input/Flowlists/ecoinventEFv3.7.csv,ecoinventEFv3.7,,Calcium,air/unspecified,kg,,
Mapping/Input/Flowlists/ecoinventEFv3.7.csv,ecoinventEFv3.7,,Calcium,air/urban air close to ground,kg,,
Mapping/Input/Flowlists/ecoinventEFv3.7.csv,ecoinventEFv3.7,,Calcium,soil/agricultural,kg,,
Mapping/Input/Flowlists/ecoinventEFv3.7.csv,ecoinventEFv3.7,,Calcium,soil/forestry,kg,,
Mapping/Input/Flowlists/ecoinventEFv3.7.csv,ecoinventEFv3.7,,Calcium,soil/industrial,kg,,
Mapping/Input/Flowlists/ecoinventEFv3.7.csv,ecoinventEFv3.7,,Calcium,soil/unspecified,kg,,
Mapping/Input/Flowlists/ecoinventEFv3.7.csv,ecoinventEFv3.7,,Calcium cyanamide,soil/agricultural,kg,,
Mapping/Input/Flowlists/ecoinventEFv3.7.csv,ecoinventEFv3.7,,Calcium hydroxide,"air/low population density, long-term",kg,,
Mapping/Input/Flowlists/ecoinventEFv3.7.csv,ecoinventEFv3.7,,Calcium hydroxide,air/lower stratosphere + upper troposphere,kg,,
Mapping/Input/Flowlists/ecoinventEFv3.7.csv,ecoinventEFv3.7,,Calcium hydroxide,air/non-urban air or from high stacks,kg,,
Mapping/Input/Flowlists/ecoinventEFv3.7.csv,ecoinventEFv3.7,,Calcium hydroxide,air/unspecified,kg,,
Mapping/Input/Flowlists/ecoinventEFv3.7.csv,ecoinventEFv3.7,,Calcium hydroxide,air/urban air close to ground,kg,,
Mapping/Input/Flowlists/ecoinventEFv3.7.csv,ecoinventEFv3.7,,"Calcium, in ground",natural resource/in ground,kg,,
Mapping/Input/Flowlists/ecoinventEFv3.7.csv,ecoinventEFv3.7,,"Calcium, ion",water/ground-,kg,,
Mapping/Input/Flowlists/ecoinventEFv3.7.csv,ecoinventEFv3.7,,"Calcium, ion","water/ground-, long-term",kg,,
Mapping/Input/Flowlists/ecoinventEFv3.7.csv,ecoinventEFv3.7,,"Calcium, ion",water/ocean,kg,,
Mapping/Input/Flowlists/ecoinventEFv3.7.csv,ecoinventEFv3.7,,"Calcium, ion",water/surface water,kg,,
Mapping/Input/Flowlists/ecoinventEFv3.7.csv,ecoinventEFv3.7,,"Calcium, ion",water/unspecified,kg,,
Mapping/Input/Flowlists/ecoinventEFv3.7.csv,ecoinventEFv3.7,,Captan,soil/agricultural,kg,,"N-(trichloromethylthio)cyclohex-4-ene-1,2-dicarboximide"
Mapping/Input/Flowlists/ecoinventEFv3.7.csv,ecoinventEFv3.7,,Carbaryl,air/non-urban air or from high stacks,kg,,
Mapping/Input/Flowlists/ecoinventEFv3.7.csv,ecoinventEFv3.7,,Carbaryl,soil/agricultural,kg,,1-naphthol methylcarbamate
Mapping/Input/Flowlists/ecoinventEFv3.7.csv,ecoinventEFv3.7,,Carbaryl,water/ground-,kg,,1-naphthol methylcarbamate
Mapping/Input/Flowlists/ecoinventEFv3.7.csv,ecoinventEFv3.7,,Carbaryl,water/surface water,kg,,Sevin
Mapping/Input/Flowlists/ecoinventEFv3.7.csv,ecoinventEFv3.7,,Carbendazim,soil/agricultural,kg,,methyl benzimidazol-2-ylcarbamate
Mapping/Input/Flowlists/ecoinventEFv3.7.csv,ecoinventEFv3.7,,Carbetamide,soil/agricultural,kg,,(R)-1-(ethylcarbamoyl)ethyl carbanilate
Mapping/Input/Flowlists/ecoinventEFv3.7.csv,ecoinventEFv3.7,,Carbofuran,soil/agricultural,kg,,"2,3-dihydro-2,2-dimethylbenzofuran-7-yl methylcarbamate"
Mapping/Input/Flowlists/ecoinventEFv3.7.csv,ecoinventEFv3.7,,Carbon,soil/agricultural,kg,,
Mapping/Input/Flowlists/ecoinventEFv3.7.csv,ecoinventEFv3.7,,Carbon,soil/forestry,kg,,
Mapping/Input/Flowlists/ecoinventEFv3.7.csv,ecoinventEFv3.7,,Carbon,soil/industrial,kg,,
Mapping/Input/Flowlists/ecoinventEFv3.7.csv,ecoinventEFv3.7,,Carbon,soil/unspecified,kg,,
Mapping/Input/Flowlists/ecoinventEFv3.7.csv,ecoinventEFv3.7,,"Carbon dioxide, fossil","air/low population density, long-term",kg,,
Mapping/Input/Flowlists/ecoinventEFv3.7.csv,ecoinventEFv3.7,,"Carbon dioxide, fossil",air/lower stratosphere + upper troposphere,kg,,
Mapping/Input/Flowlists/ecoinventEFv3.7.csv,ecoinventEFv3.7,,"Carbon dioxide, fossil",air/non-urban air or from high stacks,kg,,
Mapping/Input/Flowlists/ecoinventEFv3.7.csv,ecoinventEFv3.7,,"Carbon dioxide, fossil",air/unspecified,kg,,
Mapping/Input/Flowlists/ecoinventEFv3.7.csv,ecoinventEFv3.7,,"Carbon dioxide, fossil",air/urban air close to ground,kg,,
Mapping/Input/Flowlists/ecoinventEFv3.7.csv,ecoinventEFv3.7,,"Carbon dioxide, from soil or biomass stock",air/indoor,kg,,
Mapping/Input/Flowlists/ecoinventEFv3.7.csv,ecoinventEFv3.7,,"Carbon dioxide, from soil or biomass stock","air/low population density, long-term",kg,,
Mapping/Input/Flowlists/ecoinventEFv3.7.csv,ecoinventEFv3.7,,"Carbon dioxide, from soil or biomass stock",air/lower stratosphere + upper troposphere,kg,,
Mapping/Input/Flowlists/ecoinventEFv3.7.csv,ecoinventEFv3.7,,"Carbon dioxide, from soil or biomass stock",air/non-urban air or from high stacks,kg,,
Mapping/Input/Flowlists/ecoinventEFv3.7.csv,ecoinventEFv3.7,,"Carbon dioxide, from soil or biomass stock",air/unspecified,kg,,
Mapping/Input/Flowlists/ecoinventEFv3.7.csv,ecoinventEFv3.7,,"Carbon dioxide, from soil or biomass stock",air/urban air close to ground,kg,,
Mapping/Input/Flowlists/ecoinventEFv3.7.csv,ecoinventEFv3.7,,"Carbon dioxide, in air",natural resource/in air,kg,,
Mapping/Input/Flowlists/ecoinventEFv3.7.csv,ecoinventEFv3.7,,"Carbon dioxide, non-fossil","air/low population density, long-term",kg,,
Mapping/Input/Flowlists/ecoinventEFv3.7.csv,ecoinventEFv3.7,,"Carbon dioxide, non-fossil",air/lower stratosphere + upper troposphere,kg,,
Mapping/Input/Flowlists/ecoinventEFv3.7.csv,ecoinventEFv3.7,,"Carbon dioxide, non-fossil",air/non-urban air or from high stacks,kg,,
Mapping/Input/Flowlists/ecoinventEFv3.7.csv,ecoinventEFv3.7,,"Carbon dioxide, non-fossil",air/unspecified,kg,,
Mapping/Input/Flowlists/ecoinventEFv3.7.csv,ecoinventEFv3.7,,"Carbon dioxide, non-fossil",air/urban air close to ground,kg,,
Mapping/Input/Flowlists/ecoinventEFv3.7.csv,ecoinventEFv3.7,,"Carbon dioxide, to soil or biomass stock",soil/agricultural,kg,,
Mapping/Input/Flowlists/ecoinventEFv3.7.csv,ecoinventEFv3.7,,"Carbon dioxide, to soil or biomass stock",soil/forestry,kg,,
Mapping/Input/Flowlists/ecoinventEFv3.7.csv,ecoinventEFv3.7,,"Carbon dioxide, to soil or biomass stock",soil/industrial,kg,,
Mapping/Input/Flowlists/ecoinventEFv3.7.csv,ecoinventEFv3.7,,"Carbon dioxide, to soil or biomass stock",soil/unspecified,kg,,
Mapping/Input/Flowlists/ecoinventEFv3.7.csv,ecoinventEFv3.7,,Carbon disulfide,"air/low population density, long-term",kg,,Dithiocarbonic Anhydride
Mapping/Input/Flowlists/ecoinventEFv3.7.csv,ecoinventEFv3.7,,Carbon disulfide,air/lower stratosphere + upper troposphere,kg,,sulfocarbonic anhydride
Mapping/Input/Flowlists/ecoinventEFv3.7.csv,ecoinventEFv3.7,,Carbon disulfide,air/non-urban air or from high stacks,kg,,
Mapping/Input/Flowlists/ecoinventEFv3.7.csv,ecoinventEFv3.7,,Carbon disulfide,air/unspecified,kg,,
Mapping/Input/Flowlists/ecoinventEFv3.7.csv,ecoinventEFv3.7,,Carbon disulfide,air/urban air close to ground,kg,,sulfocarbonic anhydride
Mapping/Input/Flowlists/ecoinventEFv3.7.csv,ecoinventEFv3.7,,Carbon disulfide,water/ground-,kg,,dithiocarbonic anhydride
Mapping/Input/Flowlists/ecoinventEFv3.7.csv,ecoinventEFv3.7,,Carbon disulfide,"water/ground-, long-term",kg,,dithiocarbonic anhydride
Mapping/Input/Flowlists/ecoinventEFv3.7.csv,ecoinventEFv3.7,,Carbon disulfide,water/ocean,kg,,dithiocarbonic anhydride
Mapping/Input/Flowlists/ecoinventEFv3.7.csv,ecoinventEFv3.7,,Carbon disulfide,water/surface water,kg,,dithiocarbonic anhydride
Mapping/Input/Flowlists/ecoinventEFv3.7.csv,ecoinventEFv3.7,,Carbon disulfide,water/unspecified,kg,,dithiocarbonic anhydride
Mapping/Input/Flowlists/ecoinventEFv3.7.csv,ecoinventEFv3.7,,"Carbon monoxide, fossil","air/low population density, long-term",kg,,
Mapping/Input/Flowlists/ecoinventEFv3.7.csv,ecoinventEFv3.7,,"Carbon monoxide, fossil",air/lower stratosphere + upper troposphere,kg,,
Mapping/Input/Flowlists/ecoinventEFv3.7.csv,ecoinventEFv3.7,,"Carbon monoxide, fossil",air/non-urban air or from high stacks,kg,,
Mapping/Input/Flowlists/ecoinventEFv3.7.csv,ecoinventEFv3.7,,"Carbon monoxide, fossil",air/unspecified,kg,,
Mapping/Input/Flowlists/ecoinventEFv3.7.csv,ecoinventEFv3.7,,"Carbon monoxide, fossil",air/urban air close to ground,kg,,
Mapping/Input/Flowlists/ecoinventEFv3.7.csv,ecoinventEFv3.7,,"Carbon monoxide, from soil or biomass stock",air/indoor,kg,,
Mapping/Input/Flowlists/ecoinventEFv3.7.csv,ecoinventEFv3.7,,"Carbon monoxide, from soil or biomass stock","air/low population density, long-term",kg,,
Mapping/Input/Flowlists/ecoinventEFv3.7.csv,ecoinventEFv3.7,,"Carbon monoxide, from soil or biomass stock",air/lower stratosphere + upper troposphere,kg,,
Mapping/Input/Flowlists/ecoinventEFv3.7.csv,ecoinventEFv3.7,,"Carbon monoxide, from soil or biomass stock",air/non-urban air or from high stacks,kg,,
Mapping/Input/Flowlists/ecoinventEFv3.7.csv,ecoinventEFv3.7,,"Carbon monoxide, from soil or biomass stock",air/unspecified,kg,,
Mapping/Input/Flowlists/ecoinventEFv3.7.csv,ecoinventEFv3.7,,"Carbon monoxide, from soil or biomass stock",air/urban air close to ground,kg,,
Mapping/Input/Flowlists/ecoinventEFv3.7.csv,ecoinventEFv3.7,,"Carbon monoxide, non-fossil","air/low population density, long-term",kg,,
Mapping/Input/Flowlists/ecoinventEFv3.7.csv,ecoinventEFv3.7,,"Carbon monoxide, non-fossil",air/lower stratosphere + upper troposphere,kg,,
Mapping/Input/Flowlists/ecoinventEFv3.7.csv,ecoinventEFv3.7,,"Carbon monoxide, non-fossil",air/non-urban air or from high stacks,kg,,
Mapping/Input/Flowlists/ecoinventEFv3.7.csv,ecoinventEFv3.7,,"Carbon monoxide, non-fossil",air/unspecified,kg,,
Mapping/Input/Flowlists/ecoinventEFv3.7.csv,ecoinventEFv3.7,,"Carbon monoxide, non-fossil",air/urban air close to ground,kg,,
Mapping/Input/Flowlists/ecoinventEFv3.7.csv,ecoinventEFv3.7,,"Carbon, organic, in soil or biomass stock",natural resource/in ground,kg,,
Mapping/Input/Flowlists/ecoinventEFv3.7.csv,ecoinventEFv3.7,,Carbon-14,"air/low population density, long-term",kBq,,
Mapping/Input/Flowlists/ecoinventEFv3.7.csv,ecoinventEFv3.7,,Carbon-14,air/lower stratosphere + upper troposphere,kBq,,
Mapping/Input/Flowlists/ecoinventEFv3.7.csv,ecoinventEFv3.7,,Carbon-14,air/non-urban air or from high stacks,kBq,,
Mapping/Input/Flowlists/ecoinventEFv3.7.csv,ecoinventEFv3.7,,Carbon-14,air/unspecified,kBq,,
Mapping/Input/Flowlists/ecoinventEFv3.7.csv,ecoinventEFv3.7,,Carbon-14,air/urban air close to ground,kBq,,
Mapping/Input/Flowlists/ecoinventEFv3.7.csv,ecoinventEFv3.7,,Carbon-14,water/ground-,kBq,,
Mapping/Input/Flowlists/ecoinventEFv3.7.csv,ecoinventEFv3.7,,Carbon-14,"water/ground-, long-term",kBq,,
Mapping/Input/Flowlists/ecoinventEFv3.7.csv,ecoinventEFv3.7,,Carbon-14,water/ocean,kBq,,
Mapping/Input/Flowlists/ecoinventEFv3.7.csv,ecoinventEFv3.7,,Carbon-14,water/surface water,kBq,,
Mapping/Input/Flowlists/ecoinventEFv3.7.csv,ecoinventEFv3.7,,Carbon-14,water/unspecified,kBq,,
Mapping/Input/Flowlists/ecoinventEFv3.7.csv,ecoinventEFv3.7,,Carbonate,water/ground-,kg,,Carbon trioxide
Mapping/Input/Flowlists/ecoinventEFv3.7.csv,ecoinventEFv3.7,,Carbonate,"water/ground-, long-term",kg,,Carbon trioxide
Mapping/Input/Flowlists/ecoinventEFv3.7.csv,ecoinventEFv3.7,,Carbonate,water/ocean,kg,,Carbonate ion
Mapping/Input/Flowlists/ecoinventEFv3.7.csv,ecoinventEFv3.7,,Carbonate,water/surface water,kg,,Carbon trioxide
Mapping/Input/Flowlists/ecoinventEFv3.7.csv,ecoinventEFv3.7,,Carbonate,water/unspecified,kg,,Carbonate ion
Mapping/Input/Flowlists/ecoinventEFv3.7.csv,ecoinventEFv3.7,,Carbonyl sulfide,air/unspecified,kg,,
Mapping/Input/Flowlists/ecoinventEFv3.7.csv,ecoinventEFv3.7,,Carbosulfan,soil/agricultural,kg,,
Mapping/Input/Flowlists/ecoinventEFv3.7.csv,ecoinventEFv3.7,,Carboxin,soil/agricultural,kg,,"Carboxanilido-2,3-dihydro-6-methyl-1,4-oxathiin"
Mapping/Input/Flowlists/ecoinventEFv3.7.csv,ecoinventEFv3.7,,"Carboxylic acids, unspecified",water/ground-,kg,,
Mapping/Input/Flowlists/ecoinventEFv3.7.csv,ecoinventEFv3.7,,"Carboxylic acids, unspecified","water/ground-, long-term",kg,,
Mapping/Input/Flowlists/ecoinventEFv3.7.csv,ecoinventEFv3.7,,"Carboxylic acids, unspecified",water/ocean,kg,,
Mapping/Input/Flowlists/ecoinventEFv3.7.csv,ecoinventEFv3.7,,"Carboxylic acids, unspecified",water/surface water,kg,,
Mapping/Input/Flowlists/ecoinventEFv3.7.csv,ecoinventEFv3.7,,"Carboxylic acids, unspecified",water/unspecified,kg,,
Mapping/Input/Flowlists/ecoinventEFv3.7.csv,ecoinventEFv3.7,,Carfentrazone ethyl ester,soil/agricultural,kg,,Carfentrazone-ethyl
Mapping/Input/Flowlists/ecoinventEFv3.7.csv,ecoinventEFv3.7,,Carfentrazone-ethyl,air/non-urban air or from high stacks,kg,,
Mapping/Input/Flowlists/ecoinventEFv3.7.csv,ecoinventEFv3.7,,Carfentrazone-ethyl,soil/agricultural,kg,,
Mapping/Input/Flowlists/ecoinventEFv3.7.csv,ecoinventEFv3.7,,Carnallite,natural resource/in water,kg,,
Mapping/Input/Flowlists/ecoinventEFv3.7.csv,ecoinventEFv3.7,,"Cerium, 24% in bastnasite, 2.4% in crude ore, in ground",natural resource/in ground,kg,,
Mapping/Input/Flowlists/ecoinventEFv3.7.csv,ecoinventEFv3.7,,"Cerium, in ground",natural resource/in ground,kg,,
Mapping/Input/Flowlists/ecoinventEFv3.7.csv,ecoinventEFv3.7,,Cerium-141,"air/low population density, long-term",kBq,,
Mapping/Input/Flowlists/ecoinventEFv3.7.csv,ecoinventEFv3.7,,Cerium-141,air/lower stratosphere + upper troposphere,kBq,,
Mapping/Input/Flowlists/ecoinventEFv3.7.csv,ecoinventEFv3.7,,Cerium-141,air/non-urban air or from high stacks,kBq,,
Mapping/Input/Flowlists/ecoinventEFv3.7.csv,ecoinventEFv3.7,,Cerium-141,air/unspecified,kBq,,
Mapping/Input/Flowlists/ecoinventEFv3.7.csv,ecoinventEFv3.7,,Cerium-141,air/urban air close to ground,kBq,,
Mapping/Input/Flowlists/ecoinventEFv3.7.csv,ecoinventEFv3.7,,Cerium-141,water/ground-,kBq,,
Mapping/Input/Flowlists/ecoinventEFv3.7.csv,ecoinventEFv3.7,,Cerium-141,"water/ground-, long-term",kBq,,
Mapping/Input/Flowlists/ecoinventEFv3.7.csv,ecoinventEFv3.7,,Cerium-141,water/ocean,kBq,,
Mapping/Input/Flowlists/ecoinventEFv3.7.csv,ecoinventEFv3.7,,Cerium-141,water/surface water,kBq,,
Mapping/Input/Flowlists/ecoinventEFv3.7.csv,ecoinventEFv3.7,,Cerium-141,water/unspecified,kBq,,
Mapping/Input/Flowlists/ecoinventEFv3.7.csv,ecoinventEFv3.7,,Cerium-144,"air/low population density, long-term",kBq,,
Mapping/Input/Flowlists/ecoinventEFv3.7.csv,ecoinventEFv3.7,,Cerium-144,air/lower stratosphere + upper troposphere,kBq,,
Mapping/Input/Flowlists/ecoinventEFv3.7.csv,ecoinventEFv3.7,,Cerium-144,air/non-urban air or from high stacks,kBq,,
Mapping/Input/Flowlists/ecoinventEFv3.7.csv,ecoinventEFv3.7,,Cerium-144,air/unspecified,kBq,,
Mapping/Input/Flowlists/ecoinventEFv3.7.csv,ecoinventEFv3.7,,Cerium-144,air/urban air close to ground,kBq,,
Mapping/Input/Flowlists/ecoinventEFv3.7.csv,ecoinventEFv3.7,,Cerium-144,water/ground-,kBq,,
Mapping/Input/Flowlists/ecoinventEFv3.7.csv,ecoinventEFv3.7,,Cerium-144,"water/ground-, long-term",kBq,,
Mapping/Input/Flowlists/ecoinventEFv3.7.csv,ecoinventEFv3.7,,Cerium-144,water/ocean,kBq,,
Mapping/Input/Flowlists/ecoinventEFv3.7.csv,ecoinventEFv3.7,,Cerium-144,water/surface water,kBq,,
Mapping/Input/Flowlists/ecoinventEFv3.7.csv,ecoinventEFv3.7,,Cerium-144,water/unspecified,kBq,,
Mapping/Input/Flowlists/ecoinventEFv3.7.csv,ecoinventEFv3.7,,Cesium,water/ground-,kg,,
Mapping/Input/Flowlists/ecoinventEFv3.7.csv,ecoinventEFv3.7,,Cesium,"water/ground-, long-term",kg,,
Mapping/Input/Flowlists/ecoinventEFv3.7.csv,ecoinventEFv3.7,,Cesium,water/ocean,kg,,
Mapping/Input/Flowlists/ecoinventEFv3.7.csv,ecoinventEFv3.7,,Cesium,water/surface water,kg,,
Mapping/Input/Flowlists/ecoinventEFv3.7.csv,ecoinventEFv3.7,,Cesium,water/unspecified,kg,,
Mapping/Input/Flowlists/ecoinventEFv3.7.csv,ecoinventEFv3.7,,Cesium-134,"air/low population density, long-term",kBq,,
Mapping/Input/Flowlists/ecoinventEFv3.7.csv,ecoinventEFv3.7,,Cesium-134,air/lower stratosphere + upper troposphere,kBq,,
Mapping/Input/Flowlists/ecoinventEFv3.7.csv,ecoinventEFv3.7,,Cesium-134,air/non-urban air or from high stacks,kBq,,
Mapping/Input/Flowlists/ecoinventEFv3.7.csv,ecoinventEFv3.7,,Cesium-134,air/unspecified,kBq,,
Mapping/Input/Flowlists/ecoinventEFv3.7.csv,ecoinventEFv3.7,,Cesium-134,air/urban air close to ground,kBq,,
Mapping/Input/Flowlists/ecoinventEFv3.7.csv,ecoinventEFv3.7,,Cesium-134,water/ground-,kBq,,
Mapping/Input/Flowlists/ecoinventEFv3.7.csv,ecoinventEFv3.7,,Cesium-134,"water/ground-, long-term",kBq,,
Mapping/Input/Flowlists/ecoinventEFv3.7.csv,ecoinventEFv3.7,,Cesium-134,water/ocean,kBq,,
Mapping/Input/Flowlists/ecoinventEFv3.7.csv,ecoinventEFv3.7,,Cesium-134,water/surface water,kBq,,
Mapping/Input/Flowlists/ecoinventEFv3.7.csv,ecoinventEFv3.7,,Cesium-134,water/unspecified,kBq,,
Mapping/Input/Flowlists/ecoinventEFv3.7.csv,ecoinventEFv3.7,,Cesium-136,water/ground-,kBq,,
Mapping/Input/Flowlists/ecoinventEFv3.7.csv,ecoinventEFv3.7,,Cesium-136,"water/ground-, long-term",kBq,,
Mapping/Input/Flowlists/ecoinventEFv3.7.csv,ecoinventEFv3.7,,Cesium-136,water/ocean,kBq,,
Mapping/Input/Flowlists/ecoinventEFv3.7.csv,ecoinventEFv3.7,,Cesium-136,water/surface water,kBq,,
Mapping/Input/Flowlists/ecoinventEFv3.7.csv,ecoinventEFv3.7,,Cesium-136,water/unspecified,kBq,,
Mapping/Input/Flowlists/ecoinventEFv3.7.csv,ecoinventEFv3.7,,Cesium-137,"air/low population density, long-term",kBq,,
Mapping/Input/Flowlists/ecoinventEFv3.7.csv,ecoinventEFv3.7,,Cesium-137,air/lower stratosphere + upper troposphere,kBq,,
Mapping/Input/Flowlists/ecoinventEFv3.7.csv,ecoinventEFv3.7,,Cesium-137,air/non-urban air or from high stacks,kBq,,
Mapping/Input/Flowlists/ecoinventEFv3.7.csv,ecoinventEFv3.7,,Cesium-137,air/unspecified,kBq,,
Mapping/Input/Flowlists/ecoinventEFv3.7.csv,ecoinventEFv3.7,,Cesium-137,air/urban air close to ground,kBq,,
Mapping/Input/Flowlists/ecoinventEFv3.7.csv,ecoinventEFv3.7,,Cesium-137,water/ground-,kBq,,
Mapping/Input/Flowlists/ecoinventEFv3.7.csv,ecoinventEFv3.7,,Cesium-137,"water/ground-, long-term",kBq,,
Mapping/Input/Flowlists/ecoinventEFv3.7.csv,ecoinventEFv3.7,,Cesium-137,water/ocean,kBq,,
Mapping/Input/Flowlists/ecoinventEFv3.7.csv,ecoinventEFv3.7,,Cesium-137,water/surface water,kBq,,
Mapping/Input/Flowlists/ecoinventEFv3.7.csv,ecoinventEFv3.7,,Cesium-137,water/unspecified,kBq,,
Mapping/Input/Flowlists/ecoinventEFv3.7.csv,ecoinventEFv3.7,,Chloramine,"air/low population density, long-term",kg,,"chloramide, monochloramine"
Mapping/Input/Flowlists/ecoinventEFv3.7.csv,ecoinventEFv3.7,,Chloramine,air/lower stratosphere + upper troposphere,kg,,"chloramide, monochloramine"
Mapping/Input/Flowlists/ecoinventEFv3.7.csv,ecoinventEFv3.7,,Chloramine,air/non-urban air or from high stacks,kg,,"chloramide, monochloramine"
Mapping/Input/Flowlists/ecoinventEFv3.7.csv,ecoinventEFv3.7,,Chloramine,air/unspecified,kg,,"chloramide, monochloramine"
Mapping/Input/Flowlists/ecoinventEFv3.7.csv,ecoinventEFv3.7,,Chloramine,air/urban air close to ground,kg,,"chloramide, monochloramine"
Mapping/Input/Flowlists/ecoinventEFv3.7.csv,ecoinventEFv3.7,,Chloramine,water/ground-,kg,,"chloramide, monochloramine"
Mapping/Input/Flowlists/ecoinventEFv3.7.csv,ecoinventEFv3.7,,Chloramine,"water/ground-, long-term",kg,,"chloramide, monochloramine"
Mapping/Input/Flowlists/ecoinventEFv3.7.csv,ecoinventEFv3.7,,Chloramine,water/ocean,kg,,"chloramide, monochloramine"
Mapping/Input/Flowlists/ecoinventEFv3.7.csv,ecoinventEFv3.7,,Chloramine,water/surface water,kg,,"chloramide, monochloramine"
Mapping/Input/Flowlists/ecoinventEFv3.7.csv,ecoinventEFv3.7,,Chloramine,water/unspecified,kg,,"chloramide, monochloramine"
Mapping/Input/Flowlists/ecoinventEFv3.7.csv,ecoinventEFv3.7,,Chlorate,water/ground-,kg,,
Mapping/Input/Flowlists/ecoinventEFv3.7.csv,ecoinventEFv3.7,,Chlorate,"water/ground-, long-term",kg,,
Mapping/Input/Flowlists/ecoinventEFv3.7.csv,ecoinventEFv3.7,,Chlorate,water/ocean,kg,,
Mapping/Input/Flowlists/ecoinventEFv3.7.csv,ecoinventEFv3.7,,Chlorate,water/surface water,kg,,
Mapping/Input/Flowlists/ecoinventEFv3.7.csv,ecoinventEFv3.7,,Chlorate,water/unspecified,kg,,
Mapping/Input/Flowlists/ecoinventEFv3.7.csv,ecoinventEFv3.7,,Chlorbromuron,soil/agricultural,kg,,
Mapping/Input/Flowlists/ecoinventEFv3.7.csv,ecoinventEFv3.7,,Chlorbufam,soil/agricultural,kg,,
Mapping/Input/Flowlists/ecoinventEFv3.7.csv,ecoinventEFv3.7,,Chlorfenvinphos,soil/agricultural,kg,,
Mapping/Input/Flowlists/ecoinventEFv3.7.csv,ecoinventEFv3.7,,Chloridazon,soil/agricultural,kg,,5-amino-4-chloro-2-phenylpyridazin-3(2H)-one
Mapping/Input/Flowlists/ecoinventEFv3.7.csv,ecoinventEFv3.7,,Chloride,soil/agricultural,kg,,
Mapping/Input/Flowlists/ecoinventEFv3.7.csv,ecoinventEFv3.7,,Chloride,soil/forestry,kg,,
Mapping/Input/Flowlists/ecoinventEFv3.7.csv,ecoinventEFv3.7,,Chloride,soil/industrial,kg,,
Mapping/Input/Flowlists/ecoinventEFv3.7.csv,ecoinventEFv3.7,,Chloride,soil/unspecified,kg,,
Mapping/Input/Flowlists/ecoinventEFv3.7.csv,ecoinventEFv3.7,,Chloride,water/ground-,kg,,
Mapping/Input/Flowlists/ecoinventEFv3.7.csv,ecoinventEFv3.7,,Chloride,"water/ground-, long-term",kg,,
Mapping/Input/Flowlists/ecoinventEFv3.7.csv,ecoinventEFv3.7,,Chloride,water/ocean,kg,,
Mapping/Input/Flowlists/ecoinventEFv3.7.csv,ecoinventEFv3.7,,Chloride,water/surface water,kg,,
Mapping/Input/Flowlists/ecoinventEFv3.7.csv,ecoinventEFv3.7,,Chloride,water/unspecified,kg,,
Mapping/Input/Flowlists/ecoinventEFv3.7.csv,ecoinventEFv3.7,,"Chloride, ion",water/unspecified,kg,,
Mapping/Input/Flowlists/ecoinventEFv3.7.csv,ecoinventEFv3.7,,"Chlorides, unspecified",water/unspecified,kg,,
Mapping/Input/Flowlists/ecoinventEFv3.7.csv,ecoinventEFv3.7,,Chlorimuron-ethyl,air/non-urban air or from high stacks,kg,,
Mapping/Input/Flowlists/ecoinventEFv3.7.csv,ecoinventEFv3.7,,Chlorimuron-ethyl,soil/agricultural,kg,,ethyl 2-(4-chloro-6-methoxypyrimidin-2-ylcarbamoylsulfamoyl)benzoate
Mapping/Input/Flowlists/ecoinventEFv3.7.csv,ecoinventEFv3.7,,"Chlorinated solvents, unspecified",air/non-urban air or from high stacks,kg,,
Mapping/Input/Flowlists/ecoinventEFv3.7.csv,ecoinventEFv3.7,,"Chlorinated solvents, unspecified",water/ground-,kg,,
Mapping/Input/Flowlists/ecoinventEFv3.7.csv,ecoinventEFv3.7,,"Chlorinated solvents, unspecified","water/ground-, long-term",kg,,
Mapping/Input/Flowlists/ecoinventEFv3.7.csv,ecoinventEFv3.7,,"Chlorinated solvents, unspecified",water/ocean,kg,,
Mapping/Input/Flowlists/ecoinventEFv3.7.csv,ecoinventEFv3.7,,"Chlorinated solvents, unspecified",water/surface water,kg,,
Mapping/Input/Flowlists/ecoinventEFv3.7.csv,ecoinventEFv3.7,,"Chlorinated solvents, unspecified",water/unspecified,kg,,
Mapping/Input/Flowlists/ecoinventEFv3.7.csv,ecoinventEFv3.7,,Chlorine,"air/low population density, long-term",kg,,
Mapping/Input/Flowlists/ecoinventEFv3.7.csv,ecoinventEFv3.7,,Chlorine,air/lower stratosphere + upper troposphere,kg,,
Mapping/Input/Flowlists/ecoinventEFv3.7.csv,ecoinventEFv3.7,,Chlorine,air/non-urban air or from high stacks,kg,,
Mapping/Input/Flowlists/ecoinventEFv3.7.csv,ecoinventEFv3.7,,Chlorine,air/unspecified,kg,,
Mapping/Input/Flowlists/ecoinventEFv3.7.csv,ecoinventEFv3.7,,Chlorine,air/urban air close to ground,kg,,
Mapping/Input/Flowlists/ecoinventEFv3.7.csv,ecoinventEFv3.7,,Chlorine,soil/unspecified,kg,,
Mapping/Input/Flowlists/ecoinventEFv3.7.csv,ecoinventEFv3.7,,Chlorine,water/ground-,kg,,
Mapping/Input/Flowlists/ecoinventEFv3.7.csv,ecoinventEFv3.7,,Chlorine,"water/ground-, long-term",kg,,
Mapping/Input/Flowlists/ecoinventEFv3.7.csv,ecoinventEFv3.7,,Chlorine,water/ocean,kg,,
Mapping/Input/Flowlists/ecoinventEFv3.7.csv,ecoinventEFv3.7,,Chlorine,water/surface water,kg,,
Mapping/Input/Flowlists/ecoinventEFv3.7.csv,ecoinventEFv3.7,,Chlorine,water/unspecified,kg,,
Mapping/Input/Flowlists/ecoinventEFv3.7.csv,ecoinventEFv3.7,,Chlormequat,soil/agricultural,kg,,2-chloroethyltrimethylammonium
Mapping/Input/Flowlists/ecoinventEFv3.7.csv,ecoinventEFv3.7,,Chlormequat chloride,soil/agricultural,kg,,2-hydroxyethyltrimethylammoniumchlorid
Mapping/Input/Flowlists/ecoinventEFv3.7.csv,ecoinventEFv3.7,,Chloroacetic acid,"air/low population density, long-term",kg,,
Mapping/Input/Flowlists/ecoinventEFv3.7.csv,ecoinventEFv3.7,,Chloroacetic acid,air/lower stratosphere + upper troposphere,kg,,
Mapping/Input/Flowlists/ecoinventEFv3.7.csv,ecoinventEFv3.7,,Chloroacetic acid,air/non-urban air or from high stacks,kg,,
Mapping/Input/Flowlists/ecoinventEFv3.7.csv,ecoinventEFv3.7,,Chloroacetic acid,air/unspecified,kg,,
Mapping/Input/Flowlists/ecoinventEFv3.7.csv,ecoinventEFv3.7,,Chloroacetic acid,air/urban air close to ground,kg,,
Mapping/Input/Flowlists/ecoinventEFv3.7.csv,ecoinventEFv3.7,,Chloroacetic acid,water/ground-,kg,,
Mapping/Input/Flowlists/ecoinventEFv3.7.csv,ecoinventEFv3.7,,Chloroacetic acid,"water/ground-, long-term",kg,,
Mapping/Input/Flowlists/ecoinventEFv3.7.csv,ecoinventEFv3.7,,Chloroacetic acid,water/ocean,kg,,
Mapping/Input/Flowlists/ecoinventEFv3.7.csv,ecoinventEFv3.7,,Chloroacetic acid,water/surface water,kg,,
Mapping/Input/Flowlists/ecoinventEFv3.7.csv,ecoinventEFv3.7,,Chloroacetic acid,water/unspecified,kg,,
Mapping/Input/Flowlists/ecoinventEFv3.7.csv,ecoinventEFv3.7,,Chloroacetyl chloride,water/ground-,kg,,"monochloroacetyl chloride, chloracetic chloride"
Mapping/Input/Flowlists/ecoinventEFv3.7.csv,ecoinventEFv3.7,,Chloroacetyl chloride,"water/ground-, long-term",kg,,"monochloroacetyl chloride, chloracetic chloride"
Mapping/Input/Flowlists/ecoinventEFv3.7.csv,ecoinventEFv3.7,,Chloroacetyl chloride,water/ocean,kg,,"monochloroacetyl chloride, chloracetic chloride"
Mapping/Input/Flowlists/ecoinventEFv3.7.csv,ecoinventEFv3.7,,Chloroacetyl chloride,water/surface water,kg,,"monochloroacetyl chloride, chloracetic chloride"
Mapping/Input/Flowlists/ecoinventEFv3.7.csv,ecoinventEFv3.7,,Chloroacetyl chloride,water/unspecified,kg,,"monochloroacetyl chloride, chloracetic chloride"
Mapping/Input/Flowlists/ecoinventEFv3.7.csv,ecoinventEFv3.7,,Chloroform,"air/low population density, long-term",kg,,Trichlormethan
Mapping/Input/Flowlists/ecoinventEFv3.7.csv,ecoinventEFv3.7,,Chloroform,air/lower stratosphere + upper troposphere,kg,,Trichlormethan
Mapping/Input/Flowlists/ecoinventEFv3.7.csv,ecoinventEFv3.7,,Chloroform,air/non-urban air or from high stacks,kg,,
Mapping/Input/Flowlists/ecoinventEFv3.7.csv,ecoinventEFv3.7,,Chloroform,air/unspecified,kg,,
Mapping/Input/Flowlists/ecoinventEFv3.7.csv,ecoinventEFv3.7,,Chloroform,air/urban air close to ground,kg,,Trichlormethan
Mapping/Input/Flowlists/ecoinventEFv3.7.csv,ecoinventEFv3.7,,Chloroform,water/ground-,kg,,Trichlormethan
Mapping/Input/Flowlists/ecoinventEFv3.7.csv,ecoinventEFv3.7,,Chloroform,"water/ground-, long-term",kg,,Trichlormethan
Mapping/Input/Flowlists/ecoinventEFv3.7.csv,ecoinventEFv3.7,,Chloroform,water/ocean,kg,,Trichlormethan
Mapping/Input/Flowlists/ecoinventEFv3.7.csv,ecoinventEFv3.7,,Chloroform,water/surface water,kg,,Trichlormethan
Mapping/Input/Flowlists/ecoinventEFv3.7.csv,ecoinventEFv3.7,,Chloroform,water/unspecified,kg,,Trichlormethan
Mapping/Input/Flowlists/ecoinventEFv3.7.csv,ecoinventEFv3.7,,Chloropicrin,soil/agricultural,kg,,
Mapping/Input/Flowlists/ecoinventEFv3.7.csv,ecoinventEFv3.7,,"Chlorosilane, trimethyl-","air/low population density, long-term",kg,,
Mapping/Input/Flowlists/ecoinventEFv3.7.csv,ecoinventEFv3.7,,"Chlorosilane, trimethyl-",air/lower stratosphere + upper troposphere,kg,,
Mapping/Input/Flowlists/ecoinventEFv3.7.csv,ecoinventEFv3.7,,"Chlorosilane, trimethyl-",air/non-urban air or from high stacks,kg,,
Mapping/Input/Flowlists/ecoinventEFv3.7.csv,ecoinventEFv3.7,,"Chlorosilane, trimethyl-",air/unspecified,kg,,
Mapping/Input/Flowlists/ecoinventEFv3.7.csv,ecoinventEFv3.7,,"Chlorosilane, trimethyl-",air/urban air close to ground,kg,,
Mapping/Input/Flowlists/ecoinventEFv3.7.csv,ecoinventEFv3.7,,"Chlorosilane, trimethyl-",water/ground-,kg,,
Mapping/Input/Flowlists/ecoinventEFv3.7.csv,ecoinventEFv3.7,,"Chlorosilane, trimethyl-","water/ground-, long-term",kg,,
Mapping/Input/Flowlists/ecoinventEFv3.7.csv,ecoinventEFv3.7,,"Chlorosilane, trimethyl-",water/ocean,kg,,
Mapping/Input/Flowlists/ecoinventEFv3.7.csv,ecoinventEFv3.7,,"Chlorosilane, trimethyl-",water/surface water,kg,,
Mapping/Input/Flowlists/ecoinventEFv3.7.csv,ecoinventEFv3.7,,"Chlorosilane, trimethyl-",water/unspecified,kg,,
Mapping/Input/Flowlists/ecoinventEFv3.7.csv,ecoinventEFv3.7,,Chlorosulfonic acid,"air/low population density, long-term",kg,,"chlorosulphuric acid, chloridosulfonic acid, sulfuric chlorohydrin"
Mapping/Input/Flowlists/ecoinventEFv3.7.csv,ecoinventEFv3.7,,Chlorosulfonic acid,air/lower stratosphere + upper troposphere,kg,,"chlorosulphuric acid, chloridosulfonic acid, sulfuric chlorohydrin"
Mapping/Input/Flowlists/ecoinventEFv3.7.csv,ecoinventEFv3.7,,Chlorosulfonic acid,air/non-urban air or from high stacks,kg,,"chlorosulphuric acid, chloridosulfonic acid, sulfuric chlorohydrin"
Mapping/Input/Flowlists/ecoinventEFv3.7.csv,ecoinventEFv3.7,,Chlorosulfonic acid,air/unspecified,kg,,"chlorosulphuric acid, chloridosulfonic acid, sulfuric chlorohydrin"
Mapping/Input/Flowlists/ecoinventEFv3.7.csv,ecoinventEFv3.7,,Chlorosulfonic acid,air/urban air close to ground,kg,,"chlorosulphuric acid, chloridosulfonic acid, sulfuric chlorohydrin"
Mapping/Input/Flowlists/ecoinventEFv3.7.csv,ecoinventEFv3.7,,Chlorosulfonic acid,water/ground-,kg,,"chlorosulphuric acid, chloridosulfonic acid, sulfuric chlorohydrin"
Mapping/Input/Flowlists/ecoinventEFv3.7.csv,ecoinventEFv3.7,,Chlorosulfonic acid,"water/ground-, long-term",kg,,"chlorosulphuric acid, chloridosulfonic acid, sulfuric chlorohydrin"
Mapping/Input/Flowlists/ecoinventEFv3.7.csv,ecoinventEFv3.7,,Chlorosulfonic acid,water/ocean,kg,,"chlorosulphuric acid, chloridosulfonic acid, sulfuric chlorohydrin"
Mapping/Input/Flowlists/ecoinventEFv3.7.csv,ecoinventEFv3.7,,Chlorosulfonic acid,water/surface water,kg,,"chlorosulphuric acid, chloridosulfonic acid, sulfuric chlorohydrin"
Mapping/Input/Flowlists/ecoinventEFv3.7.csv,ecoinventEFv3.7,,Chlorosulfonic acid,water/unspecified,kg,,"chlorosulphuric acid, chloridosulfonic acid, sulfuric chlorohydrin"
Mapping/Input/Flowlists/ecoinventEFv3.7.csv,ecoinventEFv3.7,,Chlorothalonil,soil/agricultural,kg,,tetrachloroisophthalonitrile
Mapping/Input/Flowlists/ecoinventEFv3.7.csv,ecoinventEFv3.7,,Chlorotoluron,soil/agricultural,kg,,"3-(-3-chloro-p-tolyl)-1,1-dimethylurea"
Mapping/Input/Flowlists/ecoinventEFv3.7.csv,ecoinventEFv3.7,,Chlorpyrifos,air/non-urban air or from high stacks,kg,,
Mapping/Input/Flowlists/ecoinventEFv3.7.csv,ecoinventEFv3.7,,Chlorpyrifos,soil/agricultural,kg,,
Mapping/Input/Flowlists/ecoinventEFv3.7.csv,ecoinventEFv3.7,,Chlorpyrifos methyl,soil/agricultural,kg,,
Mapping/Input/Flowlists/ecoinventEFv3.7.csv,ecoinventEFv3.7,,Chlorsulfuron,soil/agricultural,kg,,2-Chlorsulfuron
Mapping/Input/Flowlists/ecoinventEFv3.7.csv,ecoinventEFv3.7,,Chlorthal,soil/agricultural,kg,,
Mapping/Input/Flowlists/ecoinventEFv3.7.csv,ecoinventEFv3.7,,Chlozolinate,soil/agricultural,kg,,
Mapping/Input/Flowlists/ecoinventEFv3.7.csv,ecoinventEFv3.7,,Choline chloride,soil/agricultural,kg,,Choline chloride
Mapping/Input/Flowlists/ecoinventEFv3.7.csv,ecoinventEFv3.7,,Chromium,"air/low population density, long-term",kg,,
Mapping/Input/Flowlists/ecoinventEFv3.7.csv,ecoinventEFv3.7,,Chromium,air/lower stratosphere + upper troposphere,kg,,
Mapping/Input/Flowlists/ecoinventEFv3.7.csv,ecoinventEFv3.7,,Chromium,air/non-urban air or from high stacks,kg,,
Mapping/Input/Flowlists/ecoinventEFv3.7.csv,ecoinventEFv3.7,,Chromium,air/unspecified,kg,,
Mapping/Input/Flowlists/ecoinventEFv3.7.csv,ecoinventEFv3.7,,Chromium,air/urban air close to ground,kg,,
Mapping/Input/Flowlists/ecoinventEFv3.7.csv,ecoinventEFv3.7,,Chromium,soil/agricultural,kg,,
Mapping/Input/Flowlists/ecoinventEFv3.7.csv,ecoinventEFv3.7,,Chromium,soil/forestry,kg,,
Mapping/Input/Flowlists/ecoinventEFv3.7.csv,ecoinventEFv3.7,,Chromium,soil/industrial,kg,,
Mapping/Input/Flowlists/ecoinventEFv3.7.csv,ecoinventEFv3.7,,Chromium,soil/unspecified,kg,,
Mapping/Input/Flowlists/ecoinventEFv3.7.csv,ecoinventEFv3.7,,Chromium IV,air/urban air close to ground,kg,,
Mapping/Input/Flowlists/ecoinventEFv3.7.csv,ecoinventEFv3.7,,Chromium VI,"air/low population density, long-term",kg,,
Mapping/Input/Flowlists/ecoinventEFv3.7.csv,ecoinventEFv3.7,,Chromium VI,air/lower stratosphere + upper troposphere,kg,,
Mapping/Input/Flowlists/ecoinventEFv3.7.csv,ecoinventEFv3.7,,Chromium VI,air/non-urban air or from high stacks,kg,,
Mapping/Input/Flowlists/ecoinventEFv3.7.csv,ecoinventEFv3.7,,Chromium VI,air/unspecified,kg,,
Mapping/Input/Flowlists/ecoinventEFv3.7.csv,ecoinventEFv3.7,,Chromium VI,air/urban air close to ground,kg,,
Mapping/Input/Flowlists/ecoinventEFv3.7.csv,ecoinventEFv3.7,,Chromium VI,soil/agricultural,kg,,
Mapping/Input/Flowlists/ecoinventEFv3.7.csv,ecoinventEFv3.7,,Chromium VI,soil/forestry,kg,,
Mapping/Input/Flowlists/ecoinventEFv3.7.csv,ecoinventEFv3.7,,Chromium VI,soil/industrial,kg,,
Mapping/Input/Flowlists/ecoinventEFv3.7.csv,ecoinventEFv3.7,,Chromium VI,soil/unspecified,kg,,
Mapping/Input/Flowlists/ecoinventEFv3.7.csv,ecoinventEFv3.7,,Chromium VI,water/ground-,kg,,
Mapping/Input/Flowlists/ecoinventEFv3.7.csv,ecoinventEFv3.7,,Chromium VI,"water/ground-, long-term",kg,,
Mapping/Input/Flowlists/ecoinventEFv3.7.csv,ecoinventEFv3.7,,Chromium VI,water/ocean,kg,,
Mapping/Input/Flowlists/ecoinventEFv3.7.csv,ecoinventEFv3.7,,Chromium VI,water/surface water,kg,,
Mapping/Input/Flowlists/ecoinventEFv3.7.csv,ecoinventEFv3.7,,Chromium VI,water/unspecified,kg,,
Mapping/Input/Flowlists/ecoinventEFv3.7.csv,ecoinventEFv3.7,,"Chromium, 25.5% in chromite, 11.6% in crude ore, in ground",natural resource/in ground,kg,,
Mapping/Input/Flowlists/ecoinventEFv3.7.csv,ecoinventEFv3.7,,"Chromium, in ground",natural resource/in ground,kg,,
Mapping/Input/Flowlists/ecoinventEFv3.7.csv,ecoinventEFv3.7,,"Chromium, ion",water/ground-,kg,,
Mapping/Input/Flowlists/ecoinventEFv3.7.csv,ecoinventEFv3.7,,"Chromium, ion","water/ground-, long-term",kg,,
Mapping/Input/Flowlists/ecoinventEFv3.7.csv,ecoinventEFv3.7,,"Chromium, ion",water/ocean,kg,,
Mapping/Input/Flowlists/ecoinventEFv3.7.csv,ecoinventEFv3.7,,"Chromium, ion",water/surface water,kg,,
Mapping/Input/Flowlists/ecoinventEFv3.7.csv,ecoinventEFv3.7,,"Chromium, ion",water/unspecified,kg,,
Mapping/Input/Flowlists/ecoinventEFv3.7.csv,ecoinventEFv3.7,,Chromium-51,"air/low population density, long-term",kBq,,
Mapping/Input/Flowlists/ecoinventEFv3.7.csv,ecoinventEFv3.7,,Chromium-51,air/lower stratosphere + upper troposphere,kBq,,
Mapping/Input/Flowlists/ecoinventEFv3.7.csv,ecoinventEFv3.7,,Chromium-51,air/non-urban air or from high stacks,kBq,,
Mapping/Input/Flowlists/ecoinventEFv3.7.csv,ecoinventEFv3.7,,Chromium-51,air/unspecified,kBq,,
Mapping/Input/Flowlists/ecoinventEFv3.7.csv,ecoinventEFv3.7,,Chromium-51,air/urban air close to ground,kBq,,
Mapping/Input/Flowlists/ecoinventEFv3.7.csv,ecoinventEFv3.7,,Chromium-51,water/ground-,kBq,,
Mapping/Input/Flowlists/ecoinventEFv3.7.csv,ecoinventEFv3.7,,Chromium-51,"water/ground-, long-term",kBq,,
Mapping/Input/Flowlists/ecoinventEFv3.7.csv,ecoinventEFv3.7,,Chromium-51,water/ocean,kBq,,
Mapping/Input/Flowlists/ecoinventEFv3.7.csv,ecoinventEFv3.7,,Chromium-51,water/surface water,kBq,,
Mapping/Input/Flowlists/ecoinventEFv3.7.csv,ecoinventEFv3.7,,Chromium-51,water/unspecified,kBq,,
Mapping/Input/Flowlists/ecoinventEFv3.7.csv,ecoinventEFv3.7,,Chrysene,air/unspecified,kg,,
Mapping/Input/Flowlists/ecoinventEFv3.7.csv,ecoinventEFv3.7,,Chrysene,water/surface water,kg,,Benzo(a)phenanthrene
Mapping/Input/Flowlists/ecoinventEFv3.7.csv,ecoinventEFv3.7,,"Chrysotile, in ground",natural resource/in ground,kg,,Asbest
Mapping/Input/Flowlists/ecoinventEFv3.7.csv,ecoinventEFv3.7,,Cinidon-ethyl,soil/agricultural,kg,,
Mapping/Input/Flowlists/ecoinventEFv3.7.csv,ecoinventEFv3.7,,"Cinnabar, in ground",natural resource/in ground,kg,,
Mapping/Input/Flowlists/ecoinventEFv3.7.csv,ecoinventEFv3.7,,"Clay, bentonite, in ground",natural resource/in ground,kg,,
Mapping/Input/Flowlists/ecoinventEFv3.7.csv,ecoinventEFv3.7,,"Clay, unspecified, in ground",natural resource/in ground,kg,,
Mapping/Input/Flowlists/ecoinventEFv3.7.csv,ecoinventEFv3.7,,Clethodim,air/non-urban air or from high stacks,kg,,
Mapping/Input/Flowlists/ecoinventEFv3.7.csv,ecoinventEFv3.7,,Clethodim,soil/agricultural,kg,,
Mapping/Input/Flowlists/ecoinventEFv3.7.csv,ecoinventEFv3.7,,Clodinafop-propargyl,soil/agricultural,kg,,prop-2-ynyl (R)-2-[4-(5-chloro-3-fluoropyridin-2-yloxy)phenoxypropionate
Mapping/Input/Flowlists/ecoinventEFv3.7.csv,ecoinventEFv3.7,,Clofentezine,soil/agricultural,kg,,
Mapping/Input/Flowlists/ecoinventEFv3.7.csv,ecoinventEFv3.7,,Clomazone,soil/agricultural,kg,,"2-(2-chlorobenzyl)-4,4-dimethyl-1,2-oxazolidin-3-one"
Mapping/Input/Flowlists/ecoinventEFv3.7.csv,ecoinventEFv3.7,,Clopyralid,soil/agricultural,kg,,"3,6-Dichloro-2-pyridinecarboxylic acid"
Mapping/Input/Flowlists/ecoinventEFv3.7.csv,ecoinventEFv3.7,,Cloquintocet-mexyl,soil/agricultural,kg,,5-chlor-8-chinolinoxy-essigsäure-1-methylhexylester
Mapping/Input/Flowlists/ecoinventEFv3.7.csv,ecoinventEFv3.7,,Cloransulam-methyl,air/non-urban air or from high stacks,kg,,
Mapping/Input/Flowlists/ecoinventEFv3.7.csv,ecoinventEFv3.7,,Cloransulam-methyl,soil/agricultural,kg,,
Mapping/Input/Flowlists/ecoinventEFv3.7.csv,ecoinventEFv3.7,,Clothianidin,soil/agricultural,kg,,
Mapping/Input/Flowlists/ecoinventEFv3.7.csv,ecoinventEFv3.7,,"Coal, brown, in ground",natural resource/in ground,kg,,
Mapping/Input/Flowlists/ecoinventEFv3.7.csv,ecoinventEFv3.7,,"Coal, hard, unspecified, in ground",natural resource/in ground,kg,,
Mapping/Input/Flowlists/ecoinventEFv3.7.csv,ecoinventEFv3.7,,Cobalt,"air/low population density, long-term",kg,,
Mapping/Input/Flowlists/ecoinventEFv3.7.csv,ecoinventEFv3.7,,Cobalt,air/lower stratosphere + upper troposphere,kg,,
Mapping/Input/Flowlists/ecoinventEFv3.7.csv,ecoinventEFv3.7,,Cobalt,air/non-urban air or from high stacks,kg,,
Mapping/Input/Flowlists/ecoinventEFv3.7.csv,ecoinventEFv3.7,,Cobalt,air/unspecified,kg,,
Mapping/Input/Flowlists/ecoinventEFv3.7.csv,ecoinventEFv3.7,,Cobalt,air/urban air close to ground,kg,,
Mapping/Input/Flowlists/ecoinventEFv3.7.csv,ecoinventEFv3.7,,Cobalt,soil/agricultural,kg,,
Mapping/Input/Flowlists/ecoinventEFv3.7.csv,ecoinventEFv3.7,,Cobalt,soil/forestry,kg,,
Mapping/Input/Flowlists/ecoinventEFv3.7.csv,ecoinventEFv3.7,,Cobalt,soil/industrial,kg,,
Mapping/Input/Flowlists/ecoinventEFv3.7.csv,ecoinventEFv3.7,,Cobalt,soil/unspecified,kg,,
Mapping/Input/Flowlists/ecoinventEFv3.7.csv,ecoinventEFv3.7,,Cobalt,water/ground-,kg,,
Mapping/Input/Flowlists/ecoinventEFv3.7.csv,ecoinventEFv3.7,,Cobalt,"water/ground-, long-term",kg,,
Mapping/Input/Flowlists/ecoinventEFv3.7.csv,ecoinventEFv3.7,,Cobalt,water/ocean,kg,,
Mapping/Input/Flowlists/ecoinventEFv3.7.csv,ecoinventEFv3.7,,Cobalt,water/surface water,kg,,
Mapping/Input/Flowlists/ecoinventEFv3.7.csv,ecoinventEFv3.7,,Cobalt,water/unspecified,kg,,
Mapping/Input/Flowlists/ecoinventEFv3.7.csv,ecoinventEFv3.7,,"Cobalt, Co 5.0E-2%, in mixed ore, in ground",natural resource/in ground,kg,,
Mapping/Input/Flowlists/ecoinventEFv3.7.csv,ecoinventEFv3.7,,"Cobalt, in ground",natural resource/in ground,kg,,
Mapping/Input/Flowlists/ecoinventEFv3.7.csv,ecoinventEFv3.7,,Cobalt-57,"air/low population density, long-term",kBq,,
Mapping/Input/Flowlists/ecoinventEFv3.7.csv,ecoinventEFv3.7,,Cobalt-57,air/lower stratosphere + upper troposphere,kBq,,
Mapping/Input/Flowlists/ecoinventEFv3.7.csv,ecoinventEFv3.7,,Cobalt-57,air/non-urban air or from high stacks,kBq,,
Mapping/Input/Flowlists/ecoinventEFv3.7.csv,ecoinventEFv3.7,,Cobalt-57,air/unspecified,kBq,,
Mapping/Input/Flowlists/ecoinventEFv3.7.csv,ecoinventEFv3.7,,Cobalt-57,air/urban air close to ground,kBq,,
Mapping/Input/Flowlists/ecoinventEFv3.7.csv,ecoinventEFv3.7,,Cobalt-57,water/ground-,kBq,,
Mapping/Input/Flowlists/ecoinventEFv3.7.csv,ecoinventEFv3.7,,Cobalt-57,"water/ground-, long-term",kBq,,
Mapping/Input/Flowlists/ecoinventEFv3.7.csv,ecoinventEFv3.7,,Cobalt-57,water/ocean,kBq,,
Mapping/Input/Flowlists/ecoinventEFv3.7.csv,ecoinventEFv3.7,,Cobalt-57,water/surface water,kBq,,
Mapping/Input/Flowlists/ecoinventEFv3.7.csv,ecoinventEFv3.7,,Cobalt-57,water/unspecified,kBq,,
Mapping/Input/Flowlists/ecoinventEFv3.7.csv,ecoinventEFv3.7,,Cobalt-58,"air/low population density, long-term",kBq,,
Mapping/Input/Flowlists/ecoinventEFv3.7.csv,ecoinventEFv3.7,,Cobalt-58,air/lower stratosphere + upper troposphere,kBq,,
Mapping/Input/Flowlists/ecoinventEFv3.7.csv,ecoinventEFv3.7,,Cobalt-58,air/non-urban air or from high stacks,kBq,,
Mapping/Input/Flowlists/ecoinventEFv3.7.csv,ecoinventEFv3.7,,Cobalt-58,air/unspecified,kBq,,
Mapping/Input/Flowlists/ecoinventEFv3.7.csv,ecoinventEFv3.7,,Cobalt-58,air/urban air close to ground,kBq,,
Mapping/Input/Flowlists/ecoinventEFv3.7.csv,ecoinventEFv3.7,,Cobalt-58,water/ground-,kBq,,
Mapping/Input/Flowlists/ecoinventEFv3.7.csv,ecoinventEFv3.7,,Cobalt-58,"water/ground-, long-term",kBq,,
Mapping/Input/Flowlists/ecoinventEFv3.7.csv,ecoinventEFv3.7,,Cobalt-58,water/ocean,kBq,,
Mapping/Input/Flowlists/ecoinventEFv3.7.csv,ecoinventEFv3.7,,Cobalt-58,water/surface water,kBq,,
Mapping/Input/Flowlists/ecoinventEFv3.7.csv,ecoinventEFv3.7,,Cobalt-58,water/unspecified,kBq,,
Mapping/Input/Flowlists/ecoinventEFv3.7.csv,ecoinventEFv3.7,,Cobalt-60,"air/low population density, long-term",kBq,,
Mapping/Input/Flowlists/ecoinventEFv3.7.csv,ecoinventEFv3.7,,Cobalt-60,air/lower stratosphere + upper troposphere,kBq,,
Mapping/Input/Flowlists/ecoinventEFv3.7.csv,ecoinventEFv3.7,,Cobalt-60,air/non-urban air or from high stacks,kBq,,
Mapping/Input/Flowlists/ecoinventEFv3.7.csv,ecoinventEFv3.7,,Cobalt-60,air/unspecified,kBq,,
Mapping/Input/Flowlists/ecoinventEFv3.7.csv,ecoinventEFv3.7,,Cobalt-60,air/urban air close to ground,kBq,,
Mapping/Input/Flowlists/ecoinventEFv3.7.csv,ecoinventEFv3.7,,Cobalt-60,water/ground-,kBq,,
Mapping/Input/Flowlists/ecoinventEFv3.7.csv,ecoinventEFv3.7,,Cobalt-60,"water/ground-, long-term",kBq,,
Mapping/Input/Flowlists/ecoinventEFv3.7.csv,ecoinventEFv3.7,,Cobalt-60,water/ocean,kBq,,
Mapping/Input/Flowlists/ecoinventEFv3.7.csv,ecoinventEFv3.7,,Cobalt-60,water/surface water,kBq,,
Mapping/Input/Flowlists/ecoinventEFv3.7.csv,ecoinventEFv3.7,,Cobalt-60,water/unspecified,kBq,,
Mapping/Input/Flowlists/ecoinventEFv3.7.csv,ecoinventEFv3.7,,"COD, Chemical Oxygen Demand",water/ground-,kg,,
Mapping/Input/Flowlists/ecoinventEFv3.7.csv,ecoinventEFv3.7,,"COD, Chemical Oxygen Demand","water/ground-, long-term",kg,,
Mapping/Input/Flowlists/ecoinventEFv3.7.csv,ecoinventEFv3.7,,"COD, Chemical Oxygen Demand",water/ocean,kg,,
Mapping/Input/Flowlists/ecoinventEFv3.7.csv,ecoinventEFv3.7,,"COD, Chemical Oxygen Demand",water/surface water,kg,,
Mapping/Input/Flowlists/ecoinventEFv3.7.csv,ecoinventEFv3.7,,"COD, Chemical Oxygen Demand",water/unspecified,kg,,
Mapping/Input/Flowlists/ecoinventEFv3.7.csv,ecoinventEFv3.7,,"Colemanite, in ground",natural resource/in ground,kg,,
Mapping/Input/Flowlists/ecoinventEFv3.7.csv,ecoinventEFv3.7,,Copper,"air/low population density, long-term",kg,,
Mapping/Input/Flowlists/ecoinventEFv3.7.csv,ecoinventEFv3.7,,Copper,air/lower stratosphere + upper troposphere,kg,,
Mapping/Input/Flowlists/ecoinventEFv3.7.csv,ecoinventEFv3.7,,Copper,air/non-urban air or from high stacks,kg,,
Mapping/Input/Flowlists/ecoinventEFv3.7.csv,ecoinventEFv3.7,,Copper,air/unspecified,kg,,
Mapping/Input/Flowlists/ecoinventEFv3.7.csv,ecoinventEFv3.7,,Copper,air/urban air close to ground,kg,,
Mapping/Input/Flowlists/ecoinventEFv3.7.csv,ecoinventEFv3.7,,Copper,soil/agricultural,kg,,
Mapping/Input/Flowlists/ecoinventEFv3.7.csv,ecoinventEFv3.7,,Copper,soil/forestry,kg,,
Mapping/Input/Flowlists/ecoinventEFv3.7.csv,ecoinventEFv3.7,,Copper,soil/industrial,kg,,
Mapping/Input/Flowlists/ecoinventEFv3.7.csv,ecoinventEFv3.7,,Copper,soil/unspecified,kg,,
Mapping/Input/Flowlists/ecoinventEFv3.7.csv,ecoinventEFv3.7,,"Copper, 0.52% in sulfide, Cu 0.27% and Mo 8.2E-3% in crude ore, in ground",natural resource/in ground,kg,,
Mapping/Input/Flowlists/ecoinventEFv3.7.csv,ecoinventEFv3.7,,"Copper, 0.59% in sulfide, Cu 0.22% and Mo 8.2E-3% in crude ore, in ground",natural resource/in ground,kg,,
Mapping/Input/Flowlists/ecoinventEFv3.7.csv,ecoinventEFv3.7,,"Copper, 0.97% in sulfide, Cu 0.36% and Mo 4.1E-2% in crude ore, in ground",natural resource/in ground,kg,,
Mapping/Input/Flowlists/ecoinventEFv3.7.csv,ecoinventEFv3.7,,"Copper, 0.99% in sulfide, Cu 0.36% and Mo 8.2E-3% in crude ore, in ground",natural resource/in ground,kg,,
Mapping/Input/Flowlists/ecoinventEFv3.7.csv,ecoinventEFv3.7,,"Copper, 1.13% in sulfide, Cu 0.76% and Ni 0.76% in crude ore, in ground",natural resource/in ground,kg,,
Mapping/Input/Flowlists/ecoinventEFv3.7.csv,ecoinventEFv3.7,,"Copper, 1.18% in sulfide, Cu 0.39% and Mo 8.2E-3% in crude ore, in ground",natural resource/in ground,kg,,
Mapping/Input/Flowlists/ecoinventEFv3.7.csv,ecoinventEFv3.7,,"Copper, 1.25% in sulfide, Cu 0.24% and Zn 0,1% in crude ore, in ground",natural resource/in ground,kg,,
Mapping/Input/Flowlists/ecoinventEFv3.7.csv,ecoinventEFv3.7,,"Copper, 1.42% in sulfide, Cu 0.81% and Mo 8.2E-3% in crude ore, in ground",natural resource/in ground,kg,,
Mapping/Input/Flowlists/ecoinventEFv3.7.csv,ecoinventEFv3.7,,"Copper, 2.19% in sulfide, Cu 1.83% and Mo 8.2E-3% in crude ore, in ground",natural resource/in ground,kg,,
Mapping/Input/Flowlists/ecoinventEFv3.7.csv,ecoinventEFv3.7,,"Copper, Cu 0.2%, in mixed ore, in ground",natural resource/in ground,kg,,
Mapping/Input/Flowlists/ecoinventEFv3.7.csv,ecoinventEFv3.7,,"Copper, Cu 0.38%, in mixed ore, in ground",natural resource/in ground,kg,,
Mapping/Input/Flowlists/ecoinventEFv3.7.csv,ecoinventEFv3.7,,"Copper, Cu 6.8E-1%, in mixed ore, in ground",natural resource/in ground,kg,,
Mapping/Input/Flowlists/ecoinventEFv3.7.csv,ecoinventEFv3.7,,"Copper, in ground",natural resource/in ground,kg,,
Mapping/Input/Flowlists/ecoinventEFv3.7.csv,ecoinventEFv3.7,,"Copper, ion",water/ground-,kg,,
Mapping/Input/Flowlists/ecoinventEFv3.7.csv,ecoinventEFv3.7,,"Copper, ion","water/ground-, long-term",kg,,
Mapping/Input/Flowlists/ecoinventEFv3.7.csv,ecoinventEFv3.7,,"Copper, ion",water/ocean,kg,,
Mapping/Input/Flowlists/ecoinventEFv3.7.csv,ecoinventEFv3.7,,"Copper, ion",water/surface water,kg,,
Mapping/Input/Flowlists/ecoinventEFv3.7.csv,ecoinventEFv3.7,,"Copper, ion",water/unspecified,kg,,
Mapping/Input/Flowlists/ecoinventEFv3.7.csv,ecoinventEFv3.7,,"Cu, Cu 3.2E+0%, Pt 2.5E-4%, Pd 7.3E-4%, Rh 2.0E-5%, Ni 2.3E+0% in ore, in ground",natural resource/in ground,kg,,
Mapping/Input/Flowlists/ecoinventEFv3.7.csv,ecoinventEFv3.7,,"Cu, Cu 5.2E-2%, Pt 4.8E-4%, Pd 2.0E-4%, Rh 2.4E-5%, Ni 3.7E-2% in ore, in ground",natural resource/in ground,kg,,
Mapping/Input/Flowlists/ecoinventEFv3.7.csv,ecoinventEFv3.7,,Cu-HDO,water/unspecified,kg,,Bis-(N-cyclohexyldiazeniumdioxy)-copper
Mapping/Input/Flowlists/ecoinventEFv3.7.csv,ecoinventEFv3.7,,Cumene,"air/low population density, long-term",kg,,methyl ethyl benzene
Mapping/Input/Flowlists/ecoinventEFv3.7.csv,ecoinventEFv3.7,,Cumene,air/lower stratosphere + upper troposphere,kg,,2-Phenylpropane
Mapping/Input/Flowlists/ecoinventEFv3.7.csv,ecoinventEFv3.7,,Cumene,air/non-urban air or from high stacks,kg,,
Mapping/Input/Flowlists/ecoinventEFv3.7.csv,ecoinventEFv3.7,,Cumene,air/unspecified,kg,,
Mapping/Input/Flowlists/ecoinventEFv3.7.csv,ecoinventEFv3.7,,Cumene,air/urban air close to ground,kg,,Cumol
Mapping/Input/Flowlists/ecoinventEFv3.7.csv,ecoinventEFv3.7,,Cumene,water/ground-,kg,,
Mapping/Input/Flowlists/ecoinventEFv3.7.csv,ecoinventEFv3.7,,Cumene,"water/ground-, long-term",kg,,
Mapping/Input/Flowlists/ecoinventEFv3.7.csv,ecoinventEFv3.7,,Cumene,water/ocean,kg,,
Mapping/Input/Flowlists/ecoinventEFv3.7.csv,ecoinventEFv3.7,,Cumene,water/surface water,kg,,
Mapping/Input/Flowlists/ecoinventEFv3.7.csv,ecoinventEFv3.7,,Cumene,water/unspecified,kg,,
Mapping/Input/Flowlists/ecoinventEFv3.7.csv,ecoinventEFv3.7,,Curium alpha,"air/low population density, long-term",kBq,,
Mapping/Input/Flowlists/ecoinventEFv3.7.csv,ecoinventEFv3.7,,Curium alpha,air/lower stratosphere + upper troposphere,kBq,,
Mapping/Input/Flowlists/ecoinventEFv3.7.csv,ecoinventEFv3.7,,Curium alpha,air/non-urban air or from high stacks,kBq,,
Mapping/Input/Flowlists/ecoinventEFv3.7.csv,ecoinventEFv3.7,,Curium alpha,air/unspecified,kBq,,
Mapping/Input/Flowlists/ecoinventEFv3.7.csv,ecoinventEFv3.7,,Curium alpha,air/urban air close to ground,kBq,,
Mapping/Input/Flowlists/ecoinventEFv3.7.csv,ecoinventEFv3.7,,Curium alpha,water/ground-,kBq,,
Mapping/Input/Flowlists/ecoinventEFv3.7.csv,ecoinventEFv3.7,,Curium alpha,"water/ground-, long-term",kBq,,
Mapping/Input/Flowlists/ecoinventEFv3.7.csv,ecoinventEFv3.7,,Curium alpha,water/ocean,kBq,,
Mapping/Input/Flowlists/ecoinventEFv3.7.csv,ecoinventEFv3.7,,Curium alpha,water/surface water,kBq,,
Mapping/Input/Flowlists/ecoinventEFv3.7.csv,ecoinventEFv3.7,,Curium alpha,water/unspecified,kBq,,
Mapping/Input/Flowlists/ecoinventEFv3.7.csv,ecoinventEFv3.7,,Curium-242,"air/low population density, long-term",kBq,,
Mapping/Input/Flowlists/ecoinventEFv3.7.csv,ecoinventEFv3.7,,Curium-242,air/lower stratosphere + upper troposphere,kBq,,
Mapping/Input/Flowlists/ecoinventEFv3.7.csv,ecoinventEFv3.7,,Curium-242,air/non-urban air or from high stacks,kBq,,
Mapping/Input/Flowlists/ecoinventEFv3.7.csv,ecoinventEFv3.7,,Curium-242,air/unspecified,kBq,,
Mapping/Input/Flowlists/ecoinventEFv3.7.csv,ecoinventEFv3.7,,Curium-242,air/urban air close to ground,kBq,,
Mapping/Input/Flowlists/ecoinventEFv3.7.csv,ecoinventEFv3.7,,Curium-244,"air/low population density, long-term",kBq,,
Mapping/Input/Flowlists/ecoinventEFv3.7.csv,ecoinventEFv3.7,,Curium-244,air/lower stratosphere + upper troposphere,kBq,,
Mapping/Input/Flowlists/ecoinventEFv3.7.csv,ecoinventEFv3.7,,Curium-244,air/non-urban air or from high stacks,kBq,,
Mapping/Input/Flowlists/ecoinventEFv3.7.csv,ecoinventEFv3.7,,Curium-244,air/unspecified,kBq,,
Mapping/Input/Flowlists/ecoinventEFv3.7.csv,ecoinventEFv3.7,,Curium-244,air/urban air close to ground,kBq,,
Mapping/Input/Flowlists/ecoinventEFv3.7.csv,ecoinventEFv3.7,,Cyanamide,soil/agricultural,kg,,
Mapping/Input/Flowlists/ecoinventEFv3.7.csv,ecoinventEFv3.7,,Cyanazine,soil/agricultural,kg,,2-[[4-chloro-6-(ethylamino)-s-triazin-2-yl]amino]-2-methylpropionitrile
Mapping/Input/Flowlists/ecoinventEFv3.7.csv,ecoinventEFv3.7,,Cyanide,"air/low population density, long-term",kg,,
Mapping/Input/Flowlists/ecoinventEFv3.7.csv,ecoinventEFv3.7,,Cyanide,air/lower stratosphere + upper troposphere,kg,,
Mapping/Input/Flowlists/ecoinventEFv3.7.csv,ecoinventEFv3.7,,Cyanide,air/non-urban air or from high stacks,kg,,
Mapping/Input/Flowlists/ecoinventEFv3.7.csv,ecoinventEFv3.7,,Cyanide,air/unspecified,kg,,
Mapping/Input/Flowlists/ecoinventEFv3.7.csv,ecoinventEFv3.7,,Cyanide,air/urban air close to ground,kg,,
Mapping/Input/Flowlists/ecoinventEFv3.7.csv,ecoinventEFv3.7,,Cyanide,water/ground-,kg,,
Mapping/Input/Flowlists/ecoinventEFv3.7.csv,ecoinventEFv3.7,,Cyanide,"water/ground-, long-term",kg,,
Mapping/Input/Flowlists/ecoinventEFv3.7.csv,ecoinventEFv3.7,,Cyanide,water/ocean,kg,,
Mapping/Input/Flowlists/ecoinventEFv3.7.csv,ecoinventEFv3.7,,Cyanide,water/surface water,kg,,
Mapping/Input/Flowlists/ecoinventEFv3.7.csv,ecoinventEFv3.7,,Cyanide,water/unspecified,kg,,
Mapping/Input/Flowlists/ecoinventEFv3.7.csv,ecoinventEFv3.7,,Cyanoacetic acid,"air/low population density, long-term",kg,,Malonic mononitrile
Mapping/Input/Flowlists/ecoinventEFv3.7.csv,ecoinventEFv3.7,,Cyanoacetic acid,air/lower stratosphere + upper troposphere,kg,,Malonic mononitrile
Mapping/Input/Flowlists/ecoinventEFv3.7.csv,ecoinventEFv3.7,,Cyanoacetic acid,air/non-urban air or from high stacks,kg,,Malonic mononitrile
Mapping/Input/Flowlists/ecoinventEFv3.7.csv,ecoinventEFv3.7,,Cyanoacetic acid,air/unspecified,kg,,Malonic mononitrile
Mapping/Input/Flowlists/ecoinventEFv3.7.csv,ecoinventEFv3.7,,Cyanoacetic acid,air/urban air close to ground,kg,,Malonic mononitrile
Mapping/Input/Flowlists/ecoinventEFv3.7.csv,ecoinventEFv3.7,,Cyazofamid,soil/agricultural,kg,,
Mapping/Input/Flowlists/ecoinventEFv3.7.csv,ecoinventEFv3.7,,Cyclanilide,soil/agricultural,kg,,"1-(((2,4-dichlorophenyl)amino)carbonyl)cyclopropanecarboxylic acid"
Mapping/Input/Flowlists/ecoinventEFv3.7.csv,ecoinventEFv3.7,,Cyclohexane,"air/low population density, long-term",kg,,CxHy aromatic
Mapping/Input/Flowlists/ecoinventEFv3.7.csv,ecoinventEFv3.7,,Cyclohexane,air/lower stratosphere + upper troposphere,kg,,CxHy aromatic
Mapping/Input/Flowlists/ecoinventEFv3.7.csv,ecoinventEFv3.7,,Cyclohexane,air/non-urban air or from high stacks,kg,,CxHy aromatic
Mapping/Input/Flowlists/ecoinventEFv3.7.csv,ecoinventEFv3.7,,Cyclohexane,air/unspecified,kg,,CxHy aromatic
Mapping/Input/Flowlists/ecoinventEFv3.7.csv,ecoinventEFv3.7,,Cyclohexane,air/urban air close to ground,kg,,CxHy aromatic
Mapping/Input/Flowlists/ecoinventEFv3.7.csv,ecoinventEFv3.7,,Cyclohexane,water/ground-,kg,,
Mapping/Input/Flowlists/ecoinventEFv3.7.csv,ecoinventEFv3.7,,Cyclohexane,"water/ground-, long-term",kg,,
Mapping/Input/Flowlists/ecoinventEFv3.7.csv,ecoinventEFv3.7,,Cyclohexane,water/ocean,kg,,
Mapping/Input/Flowlists/ecoinventEFv3.7.csv,ecoinventEFv3.7,,Cyclohexane,water/surface water,kg,,
Mapping/Input/Flowlists/ecoinventEFv3.7.csv,ecoinventEFv3.7,,Cyclohexane,water/unspecified,kg,,
Mapping/Input/Flowlists/ecoinventEFv3.7.csv,ecoinventEFv3.7,,Cyclohexane (for all cycloalkanes),air/urban air close to ground,kg,,
Mapping/Input/Flowlists/ecoinventEFv3.7.csv,ecoinventEFv3.7,,Cyclopentane,air/urban air close to ground,kg,,
Mapping/Input/Flowlists/ecoinventEFv3.7.csv,ecoinventEFv3.7,,Cycloxydim,soil/agricultural,kg,,BAS-517-H
Mapping/Input/Flowlists/ecoinventEFv3.7.csv,ecoinventEFv3.7,,Cycluron,soil/agricultural,kg,,
Mapping/Input/Flowlists/ecoinventEFv3.7.csv,ecoinventEFv3.7,,Cyfluthrin,air/non-urban air or from high stacks,kg,,
Mapping/Input/Flowlists/ecoinventEFv3.7.csv,ecoinventEFv3.7,,Cyfluthrin,soil/agricultural,kg,,
Mapping/Input/Flowlists/ecoinventEFv3.7.csv,ecoinventEFv3.7,,Cyhalothrin,soil/agricultural,kg,,
Mapping/Input/Flowlists/ecoinventEFv3.7.csv,ecoinventEFv3.7,,"Cyhalothrin, gamma-",air/non-urban air or from high stacks,kg,,
Mapping/Input/Flowlists/ecoinventEFv3.7.csv,ecoinventEFv3.7,,"Cyhalothrin, gamma-",soil/agricultural,kg,,
Mapping/Input/Flowlists/ecoinventEFv3.7.csv,ecoinventEFv3.7,,Cyhexatin,soil/agricultural,kg,,
Mapping/Input/Flowlists/ecoinventEFv3.7.csv,ecoinventEFv3.7,,Cymoxanil,soil/agricultural,kg,,1-(2-cyano-2-methoxyiminoacetyl)-3-ethylurea
Mapping/Input/Flowlists/ecoinventEFv3.7.csv,ecoinventEFv3.7,,Cypermethrin,air/non-urban air or from high stacks,kg,,PSM
Mapping/Input/Flowlists/ecoinventEFv3.7.csv,ecoinventEFv3.7,,Cypermethrin,soil/agricultural,kg,,PSM
Mapping/Input/Flowlists/ecoinventEFv3.7.csv,ecoinventEFv3.7,,Cyproconazole,soil/agricultural,kg,,PSM
Mapping/Input/Flowlists/ecoinventEFv3.7.csv,ecoinventEFv3.7,,Cyprodinil,soil/agricultural,kg,,4-cyclopropyl-6-methyl-N-phenylpyrimidin-2-amine
Mapping/Input/Flowlists/ecoinventEFv3.7.csv,ecoinventEFv3.7,,Cyromazine,soil/agricultural,kg,,
Mapping/Input/Flowlists/ecoinventEFv3.7.csv,ecoinventEFv3.7,,Daminozide,soil/agricultural,kg,,
Mapping/Input/Flowlists/ecoinventEFv3.7.csv,ecoinventEFv3.7,,Dazomet,soil/agricultural,kg,,
Mapping/Input/Flowlists/ecoinventEFv3.7.csv,ecoinventEFv3.7,,Decanoic acid,water/unspecified,kg,,
Mapping/Input/Flowlists/ecoinventEFv3.7.csv,ecoinventEFv3.7,,Deltamethrin,soil/agricultural,kg,,PSM
Mapping/Input/Flowlists/ecoinventEFv3.7.csv,ecoinventEFv3.7,,Demeton-S-methylsulfon,soil/agricultural,kg,,
Mapping/Input/Flowlists/ecoinventEFv3.7.csv,ecoinventEFv3.7,,Desmedipham,soil/agricultural,kg,,ethyl 3-phenylcarbamoyloxyphenylcarbamate
Mapping/Input/Flowlists/ecoinventEFv3.7.csv,ecoinventEFv3.7,,Diafenthiuron,soil/agricultural,kg,,
Mapping/Input/Flowlists/ecoinventEFv3.7.csv,ecoinventEFv3.7,,Dialifor,soil/agricultural,kg,,
Mapping/Input/Flowlists/ecoinventEFv3.7.csv,ecoinventEFv3.7,,"Diatomite, in ground",natural resource/in ground,kg,,Kieselgur
Mapping/Input/Flowlists/ecoinventEFv3.7.csv,ecoinventEFv3.7,,Diazinon,soil/agricultural,kg,,Dimpylatum
Mapping/Input/Flowlists/ecoinventEFv3.7.csv,ecoinventEFv3.7,,"Dibenz(a,h)anthracene",air/unspecified,kg,,
Mapping/Input/Flowlists/ecoinventEFv3.7.csv,ecoinventEFv3.7,,"Dibenz(a,h)anthracene",water/surface water,kg,,
Mapping/Input/Flowlists/ecoinventEFv3.7.csv,ecoinventEFv3.7,,Diborane,"air/low population density, long-term",kg,,
Mapping/Input/Flowlists/ecoinventEFv3.7.csv,ecoinventEFv3.7,,Diborane,air/lower stratosphere + upper troposphere,kg,,
Mapping/Input/Flowlists/ecoinventEFv3.7.csv,ecoinventEFv3.7,,Diborane,air/non-urban air or from high stacks,kg,,
Mapping/Input/Flowlists/ecoinventEFv3.7.csv,ecoinventEFv3.7,,Diborane,air/unspecified,kg,,
Mapping/Input/Flowlists/ecoinventEFv3.7.csv,ecoinventEFv3.7,,Diborane,air/urban air close to ground,kg,,
Mapping/Input/Flowlists/ecoinventEFv3.7.csv,ecoinventEFv3.7,,Diborane,water/ground-,kg,,
Mapping/Input/Flowlists/ecoinventEFv3.7.csv,ecoinventEFv3.7,,Diborane,"water/ground-, long-term",kg,,
Mapping/Input/Flowlists/ecoinventEFv3.7.csv,ecoinventEFv3.7,,Diborane,water/ocean,kg,,
Mapping/Input/Flowlists/ecoinventEFv3.7.csv,ecoinventEFv3.7,,Diborane,water/surface water,kg,,
Mapping/Input/Flowlists/ecoinventEFv3.7.csv,ecoinventEFv3.7,,Diborane,water/unspecified,kg,,
Mapping/Input/Flowlists/ecoinventEFv3.7.csv,ecoinventEFv3.7,,Dibutyltin,water/ocean,kg,,
Mapping/Input/Flowlists/ecoinventEFv3.7.csv,ecoinventEFv3.7,,Dicamba,air/non-urban air or from high stacks,kg,,
Mapping/Input/Flowlists/ecoinventEFv3.7.csv,ecoinventEFv3.7,,Dicamba,soil/agricultural,kg,,"3,6-dichloro-o-anisic acid"
Mapping/Input/Flowlists/ecoinventEFv3.7.csv,ecoinventEFv3.7,,Dicamba,water/ground-,kg,,"3,6-dichloro-o-anisic acid"
Mapping/Input/Flowlists/ecoinventEFv3.7.csv,ecoinventEFv3.7,,Dicamba,water/surface water,kg,,"3,6-dichloro-o-anisic acid"
Mapping/Input/Flowlists/ecoinventEFv3.7.csv,ecoinventEFv3.7,,Dichlobenil,soil/agricultural,kg,,"2,6-dichlorobenzonitrile"
Mapping/Input/Flowlists/ecoinventEFv3.7.csv,ecoinventEFv3.7,,Dichlofluanid,soil/agricultural,kg,,
Mapping/Input/Flowlists/ecoinventEFv3.7.csv,ecoinventEFv3.7,,Dichlorodimethylsilane,air/unspecified,kg,,
Mapping/Input/Flowlists/ecoinventEFv3.7.csv,ecoinventEFv3.7,,Dichlorprop,air/non-urban air or from high stacks,kg,,
Mapping/Input/Flowlists/ecoinventEFv3.7.csv,ecoinventEFv3.7,,Dichlorprop,soil/agricultural,kg,,
Mapping/Input/Flowlists/ecoinventEFv3.7.csv,ecoinventEFv3.7,,Dichlorprop,water/ground-,kg,,
Mapping/Input/Flowlists/ecoinventEFv3.7.csv,ecoinventEFv3.7,,Dichlorprop,water/surface water,kg,,
Mapping/Input/Flowlists/ecoinventEFv3.7.csv,ecoinventEFv3.7,,Dichlorprop-P,soil/agricultural,kg,,"(R)-2-(2,4-dichlorophenoxy)propionic acid"
Mapping/Input/Flowlists/ecoinventEFv3.7.csv,ecoinventEFv3.7,,Dichlorvos,soil/agricultural,kg,,
Mapping/Input/Flowlists/ecoinventEFv3.7.csv,ecoinventEFv3.7,,Dichromate,water/ground-,kg,,
Mapping/Input/Flowlists/ecoinventEFv3.7.csv,ecoinventEFv3.7,,Dichromate,"water/ground-, long-term",kg,,
Mapping/Input/Flowlists/ecoinventEFv3.7.csv,ecoinventEFv3.7,,Dichromate,water/ocean,kg,,
Mapping/Input/Flowlists/ecoinventEFv3.7.csv,ecoinventEFv3.7,,Dichromate,water/surface water,kg,,
Mapping/Input/Flowlists/ecoinventEFv3.7.csv,ecoinventEFv3.7,,Dichromate,water/unspecified,kg,,
Mapping/Input/Flowlists/ecoinventEFv3.7.csv,ecoinventEFv3.7,,Diclofop,soil/agricultural,kg,,HOE-021079
Mapping/Input/Flowlists/ecoinventEFv3.7.csv,ecoinventEFv3.7,,Diclofop-methyl,soil/agricultural,kg,,Diclofop-Methyl
Mapping/Input/Flowlists/ecoinventEFv3.7.csv,ecoinventEFv3.7,,Dicofol,soil/agricultural,kg,,"1,1-bis-(chlorophenyl)-2,2,2-trichloroethanol"
Mapping/Input/Flowlists/ecoinventEFv3.7.csv,ecoinventEFv3.7,,Dicrotophos,soil/agricultural,kg,,Phosphoric acid (E)-3-(dimethylamino)-1-methyl-3-oxo-1-propenyl dimethyl ester
Mapping/Input/Flowlists/ecoinventEFv3.7.csv,ecoinventEFv3.7,,Dienochlor,soil/agricultural,kg,,
Mapping/Input/Flowlists/ecoinventEFv3.7.csv,ecoinventEFv3.7,,Diethanolamine,water/unspecified,kg,,
Mapping/Input/Flowlists/ecoinventEFv3.7.csv,ecoinventEFv3.7,,Diethofencarb,soil/agricultural,kg,,
Mapping/Input/Flowlists/ecoinventEFv3.7.csv,ecoinventEFv3.7,,Diethyl ether,"air/low population density, long-term",kg,,
Mapping/Input/Flowlists/ecoinventEFv3.7.csv,ecoinventEFv3.7,,Diethyl ether,air/lower stratosphere + upper troposphere,kg,,
Mapping/Input/Flowlists/ecoinventEFv3.7.csv,ecoinventEFv3.7,,Diethyl ether,air/non-urban air or from high stacks,kg,,
Mapping/Input/Flowlists/ecoinventEFv3.7.csv,ecoinventEFv3.7,,Diethyl ether,air/unspecified,kg,,
Mapping/Input/Flowlists/ecoinventEFv3.7.csv,ecoinventEFv3.7,,Diethyl ether,air/urban air close to ground,kg,,
Mapping/Input/Flowlists/ecoinventEFv3.7.csv,ecoinventEFv3.7,,Diethylamine,"air/low population density, long-term",kg,,
Mapping/Input/Flowlists/ecoinventEFv3.7.csv,ecoinventEFv3.7,,Diethylamine,air/lower stratosphere + upper troposphere,kg,,
Mapping/Input/Flowlists/ecoinventEFv3.7.csv,ecoinventEFv3.7,,Diethylamine,air/non-urban air or from high stacks,kg,,
Mapping/Input/Flowlists/ecoinventEFv3.7.csv,ecoinventEFv3.7,,Diethylamine,air/unspecified,kg,,
Mapping/Input/Flowlists/ecoinventEFv3.7.csv,ecoinventEFv3.7,,Diethylamine,air/urban air close to ground,kg,,
Mapping/Input/Flowlists/ecoinventEFv3.7.csv,ecoinventEFv3.7,,Diethylamine,water/ground-,kg,,
Mapping/Input/Flowlists/ecoinventEFv3.7.csv,ecoinventEFv3.7,,Diethylamine,"water/ground-, long-term",kg,,
Mapping/Input/Flowlists/ecoinventEFv3.7.csv,ecoinventEFv3.7,,Diethylamine,water/ocean,kg,,
Mapping/Input/Flowlists/ecoinventEFv3.7.csv,ecoinventEFv3.7,,Diethylamine,water/surface water,kg,,
Mapping/Input/Flowlists/ecoinventEFv3.7.csv,ecoinventEFv3.7,,Diethylamine,water/unspecified,kg,,
Mapping/Input/Flowlists/ecoinventEFv3.7.csv,ecoinventEFv3.7,,Diethylene glycol,"air/low population density, long-term",kg,,
Mapping/Input/Flowlists/ecoinventEFv3.7.csv,ecoinventEFv3.7,,Diethylene glycol,air/lower stratosphere + upper troposphere,kg,,
Mapping/Input/Flowlists/ecoinventEFv3.7.csv,ecoinventEFv3.7,,Diethylene glycol,air/non-urban air or from high stacks,kg,,
Mapping/Input/Flowlists/ecoinventEFv3.7.csv,ecoinventEFv3.7,,Diethylene glycol,air/unspecified,kg,,
Mapping/Input/Flowlists/ecoinventEFv3.7.csv,ecoinventEFv3.7,,Diethylene glycol,air/urban air close to ground,kg,,
Mapping/Input/Flowlists/ecoinventEFv3.7.csv,ecoinventEFv3.7,,Diethylene glycol,water/ground-,kg,,
Mapping/Input/Flowlists/ecoinventEFv3.7.csv,ecoinventEFv3.7,,Diethylene glycol,"water/ground-, long-term",kg,,
Mapping/Input/Flowlists/ecoinventEFv3.7.csv,ecoinventEFv3.7,,Diethylene glycol,water/ocean,kg,,
Mapping/Input/Flowlists/ecoinventEFv3.7.csv,ecoinventEFv3.7,,Diethylene glycol,water/surface water,kg,,
Mapping/Input/Flowlists/ecoinventEFv3.7.csv,ecoinventEFv3.7,,Diethylene glycol,water/unspecified,kg,,
Mapping/Input/Flowlists/ecoinventEFv3.7.csv,ecoinventEFv3.7,,Difenoconazole,soil/agricultural,kg,,PSM
Mapping/Input/Flowlists/ecoinventEFv3.7.csv,ecoinventEFv3.7,,Diflubenzuron,air/non-urban air or from high stacks,kg,,
Mapping/Input/Flowlists/ecoinventEFv3.7.csv,ecoinventEFv3.7,,Diflubenzuron,soil/agricultural,kg,,"1-(4-chlorophenyl)-3-(2,6-difluorobenzoyl)urea"
Mapping/Input/Flowlists/ecoinventEFv3.7.csv,ecoinventEFv3.7,,Diflufenican,soil/agricultural,kg,,"2',4'-difluoro-2-(alpha,alpha,alpha-trifluoro-m-tolyloxy)nicotinanilide"
Mapping/Input/Flowlists/ecoinventEFv3.7.csv,ecoinventEFv3.7,,Diflufenzopyr-sodium,soil/agricultural,kg,,"sodium 2-{(EZ)-1-[4-(3,5-difluorophenyl)semicarbazono]ethyl}nicotinate"
Mapping/Input/Flowlists/ecoinventEFv3.7.csv,ecoinventEFv3.7,,Diisobutyl ketone,water/ground-,kg,,
Mapping/Input/Flowlists/ecoinventEFv3.7.csv,ecoinventEFv3.7,,Diisobutyl ketone,"water/ground-, long-term",kg,,
Mapping/Input/Flowlists/ecoinventEFv3.7.csv,ecoinventEFv3.7,,Diisobutyl ketone,water/ocean,kg,,
Mapping/Input/Flowlists/ecoinventEFv3.7.csv,ecoinventEFv3.7,,Diisobutyl ketone,water/surface water,kg,,
Mapping/Input/Flowlists/ecoinventEFv3.7.csv,ecoinventEFv3.7,,Diisobutyl ketone,water/unspecified,kg,,
Mapping/Input/Flowlists/ecoinventEFv3.7.csv,ecoinventEFv3.7,,Dimefuron,soil/agricultural,kg,,PSM
Mapping/Input/Flowlists/ecoinventEFv3.7.csv,ecoinventEFv3.7,,Dimethachlor,soil/agricultural,kg,,"2-chloro-N-(2-methoxyethyl)acet-2′,6′-xylidide"
Mapping/Input/Flowlists/ecoinventEFv3.7.csv,ecoinventEFv3.7,,Dimethenamid,air/non-urban air or from high stacks,kg,,PSM
Mapping/Input/Flowlists/ecoinventEFv3.7.csv,ecoinventEFv3.7,,Dimethenamid,soil/agricultural,kg,,PSM
Mapping/Input/Flowlists/ecoinventEFv3.7.csv,ecoinventEFv3.7,,Dimethenamid,water/ground-,kg,,PSM
Mapping/Input/Flowlists/ecoinventEFv3.7.csv,ecoinventEFv3.7,,Dimethenamid,water/surface water,kg,,PSM
Mapping/Input/Flowlists/ecoinventEFv3.7.csv,ecoinventEFv3.7,,Dimethenamid-P,soil/agricultural,kg,,
Mapping/Input/Flowlists/ecoinventEFv3.7.csv,ecoinventEFv3.7,,Dimethipin,soil/agricultural,kg,,"2,3-Dihydro-5,6-dimethyl-1,4-dithiin 1,1,4,4-tetraoxide"
Mapping/Input/Flowlists/ecoinventEFv3.7.csv,ecoinventEFv3.7,,Dimethoate,soil/agricultural,kg,,"O,O-dimethyl S-methylcarbamoylmethyl phosphorodithioate"
Mapping/Input/Flowlists/ecoinventEFv3.7.csv,ecoinventEFv3.7,,Dimethomorph,soil/agricultural,kg,,"(E,Z 4-[3-(4-chlorophenyl)-3-(3,4-dimethoxyphenyl)acryloyl]morpholine"
Mapping/Input/Flowlists/ecoinventEFv3.7.csv,ecoinventEFv3.7,,Dimethyl carbonate,air/unspecified,kg,,
Mapping/Input/Flowlists/ecoinventEFv3.7.csv,ecoinventEFv3.7,,Dimethyl ether,air/indoor,kg,,
Mapping/Input/Flowlists/ecoinventEFv3.7.csv,ecoinventEFv3.7,,Dimethyl ether,"air/low population density, long-term",kg,,
Mapping/Input/Flowlists/ecoinventEFv3.7.csv,ecoinventEFv3.7,,Dimethyl ether,air/lower stratosphere + upper troposphere,kg,,
Mapping/Input/Flowlists/ecoinventEFv3.7.csv,ecoinventEFv3.7,,Dimethyl ether,air/non-urban air or from high stacks,kg,,
Mapping/Input/Flowlists/ecoinventEFv3.7.csv,ecoinventEFv3.7,,Dimethyl ether,air/unspecified,kg,,
Mapping/Input/Flowlists/ecoinventEFv3.7.csv,ecoinventEFv3.7,,Dimethyl ether,air/urban air close to ground,kg,,
Mapping/Input/Flowlists/ecoinventEFv3.7.csv,ecoinventEFv3.7,,Dimethyl ether,water/ground-,kg,,
Mapping/Input/Flowlists/ecoinventEFv3.7.csv,ecoinventEFv3.7,,Dimethyl ether,"water/ground-, long-term",kg,,
Mapping/Input/Flowlists/ecoinventEFv3.7.csv,ecoinventEFv3.7,,Dimethyl ether,water/ocean,kg,,
Mapping/Input/Flowlists/ecoinventEFv3.7.csv,ecoinventEFv3.7,,Dimethyl ether,water/surface water,kg,,
Mapping/Input/Flowlists/ecoinventEFv3.7.csv,ecoinventEFv3.7,,Dimethyl ether,water/unspecified,kg,,
Mapping/Input/Flowlists/ecoinventEFv3.7.csv,ecoinventEFv3.7,,Dimethyl hexanediol,water/unspecified,kg,,
Mapping/Input/Flowlists/ecoinventEFv3.7.csv,ecoinventEFv3.7,,Dimethyl hexynediol,water/unspecified,kg,,
Mapping/Input/Flowlists/ecoinventEFv3.7.csv,ecoinventEFv3.7,,Dimethyl malonate,"air/low population density, long-term",kg,,"malonic acid dimethyl ester, propanedioic acid dimethyl ester"
Mapping/Input/Flowlists/ecoinventEFv3.7.csv,ecoinventEFv3.7,,Dimethyl malonate,air/lower stratosphere + upper troposphere,kg,,"malonic acid dimethyl ester, propanedioic acid dimethyl ester"
Mapping/Input/Flowlists/ecoinventEFv3.7.csv,ecoinventEFv3.7,,Dimethyl malonate,air/non-urban air or from high stacks,kg,,"malonic acid dimethyl ester, propanedioic acid dimethyl ester"
Mapping/Input/Flowlists/ecoinventEFv3.7.csv,ecoinventEFv3.7,,Dimethyl malonate,air/unspecified,kg,,"malonic acid dimethyl ester, propanedioic acid dimethyl ester"
Mapping/Input/Flowlists/ecoinventEFv3.7.csv,ecoinventEFv3.7,,Dimethyl malonate,air/urban air close to ground,kg,,"malonic acid dimethyl ester, propanedioic acid dimethyl ester"
Mapping/Input/Flowlists/ecoinventEFv3.7.csv,ecoinventEFv3.7,,Dimethylamine,"air/low population density, long-term",kg,,
Mapping/Input/Flowlists/ecoinventEFv3.7.csv,ecoinventEFv3.7,,Dimethylamine,air/lower stratosphere + upper troposphere,kg,,
Mapping/Input/Flowlists/ecoinventEFv3.7.csv,ecoinventEFv3.7,,Dimethylamine,air/non-urban air or from high stacks,kg,,
Mapping/Input/Flowlists/ecoinventEFv3.7.csv,ecoinventEFv3.7,,Dimethylamine,air/unspecified,kg,,
Mapping/Input/Flowlists/ecoinventEFv3.7.csv,ecoinventEFv3.7,,Dimethylamine,air/urban air close to ground,kg,,
Mapping/Input/Flowlists/ecoinventEFv3.7.csv,ecoinventEFv3.7,,Dimethylamine,water/ground-,kg,,
Mapping/Input/Flowlists/ecoinventEFv3.7.csv,ecoinventEFv3.7,,Dimethylamine,"water/ground-, long-term",kg,,
Mapping/Input/Flowlists/ecoinventEFv3.7.csv,ecoinventEFv3.7,,Dimethylamine,water/ocean,kg,,
Mapping/Input/Flowlists/ecoinventEFv3.7.csv,ecoinventEFv3.7,,Dimethylamine,water/surface water,kg,,
Mapping/Input/Flowlists/ecoinventEFv3.7.csv,ecoinventEFv3.7,,Dimethylamine,water/unspecified,kg,,
Mapping/Input/Flowlists/ecoinventEFv3.7.csv,ecoinventEFv3.7,,Dimethyldichlorosilane,air/unspecified,kg,,
Mapping/Input/Flowlists/ecoinventEFv3.7.csv,ecoinventEFv3.7,,Dimethyldichlorosilane,water/unspecified,kg,,
Mapping/Input/Flowlists/ecoinventEFv3.7.csv,ecoinventEFv3.7,,Dinitrogen monoxide,"air/low population density, long-term",kg,,Stickstoffdioxid
Mapping/Input/Flowlists/ecoinventEFv3.7.csv,ecoinventEFv3.7,,Dinitrogen monoxide,air/lower stratosphere + upper troposphere,kg,,Stickstoffdioxid
Mapping/Input/Flowlists/ecoinventEFv3.7.csv,ecoinventEFv3.7,,Dinitrogen monoxide,air/non-urban air or from high stacks,kg,,
Mapping/Input/Flowlists/ecoinventEFv3.7.csv,ecoinventEFv3.7,,Dinitrogen monoxide,air/unspecified,kg,,
Mapping/Input/Flowlists/ecoinventEFv3.7.csv,ecoinventEFv3.7,,Dinitrogen monoxide,air/urban air close to ground,kg,,
Mapping/Input/Flowlists/ecoinventEFv3.7.csv,ecoinventEFv3.7,,Dinitrogen tetroxide,air/unspecified,kg,,
Mapping/Input/Flowlists/ecoinventEFv3.7.csv,ecoinventEFv3.7,,Dinocap,soil/agricultural,kg,,
Mapping/Input/Flowlists/ecoinventEFv3.7.csv,ecoinventEFv3.7,,Dinoseb,soil/agricultural,kg,,"2-sec-butyl-4,6-dinitrophenol"
Mapping/Input/Flowlists/ecoinventEFv3.7.csv,ecoinventEFv3.7,,Diofenolan,soil/agricultural,kg,,
Mapping/Input/Flowlists/ecoinventEFv3.7.csv,ecoinventEFv3.7,,"Dioxins, measured as 2,3,7,8-tetrachlorodibenzo-p-dioxin","air/low population density, long-term",kg,,
Mapping/Input/Flowlists/ecoinventEFv3.7.csv,ecoinventEFv3.7,,"Dioxins, measured as 2,3,7,8-tetrachlorodibenzo-p-dioxin",air/lower stratosphere + upper troposphere,kg,,
Mapping/Input/Flowlists/ecoinventEFv3.7.csv,ecoinventEFv3.7,,"Dioxins, measured as 2,3,7,8-tetrachlorodibenzo-p-dioxin",air/non-urban air or from high stacks,kg,,
Mapping/Input/Flowlists/ecoinventEFv3.7.csv,ecoinventEFv3.7,,"Dioxins, measured as 2,3,7,8-tetrachlorodibenzo-p-dioxin",air/unspecified,kg,,
Mapping/Input/Flowlists/ecoinventEFv3.7.csv,ecoinventEFv3.7,,"Dioxins, measured as 2,3,7,8-tetrachlorodibenzo-p-dioxin",air/urban air close to ground,kg,,
Mapping/Input/Flowlists/ecoinventEFv3.7.csv,ecoinventEFv3.7,,"Dioxins, measured as 2,3,7,8-tetrachlorodibenzo-p-dioxin",soil/agricultural,kg,,
Mapping/Input/Flowlists/ecoinventEFv3.7.csv,ecoinventEFv3.7,,"Dioxins, measured as 2,3,7,8-tetrachlorodibenzo-p-dioxin",soil/forestry,kg,,
Mapping/Input/Flowlists/ecoinventEFv3.7.csv,ecoinventEFv3.7,,"Dioxins, measured as 2,3,7,8-tetrachlorodibenzo-p-dioxin",soil/industrial,kg,,
Mapping/Input/Flowlists/ecoinventEFv3.7.csv,ecoinventEFv3.7,,"Dioxins, measured as 2,3,7,8-tetrachlorodibenzo-p-dioxin",soil/unspecified,kg,,
Mapping/Input/Flowlists/ecoinventEFv3.7.csv,ecoinventEFv3.7,,"Dioxins, measured as 2,3,7,8-tetrachlorodibenzo-p-dioxin",water/ground-,kg,,
Mapping/Input/Flowlists/ecoinventEFv3.7.csv,ecoinventEFv3.7,,"Dioxins, measured as 2,3,7,8-tetrachlorodibenzo-p-dioxin","water/ground-, long-term",kg,,
Mapping/Input/Flowlists/ecoinventEFv3.7.csv,ecoinventEFv3.7,,"Dioxins, measured as 2,3,7,8-tetrachlorodibenzo-p-dioxin",water/ocean,kg,,
Mapping/Input/Flowlists/ecoinventEFv3.7.csv,ecoinventEFv3.7,,"Dioxins, measured as 2,3,7,8-tetrachlorodibenzo-p-dioxin",water/surface water,kg,,
Mapping/Input/Flowlists/ecoinventEFv3.7.csv,ecoinventEFv3.7,,"Dioxins, measured as 2,3,7,8-tetrachlorodibenzo-p-dioxin",water/unspecified,kg,,
Mapping/Input/Flowlists/ecoinventEFv3.7.csv,ecoinventEFv3.7,,Diphenylether-compound,water/unspecified,kg,,
Mapping/Input/Flowlists/ecoinventEFv3.7.csv,ecoinventEFv3.7,,Diphenyltin,water/ocean,kg,,
Mapping/Input/Flowlists/ecoinventEFv3.7.csv,ecoinventEFv3.7,,Dipropylamine,"air/low population density, long-term",kg,,
Mapping/Input/Flowlists/ecoinventEFv3.7.csv,ecoinventEFv3.7,,Dipropylamine,air/lower stratosphere + upper troposphere,kg,,
Mapping/Input/Flowlists/ecoinventEFv3.7.csv,ecoinventEFv3.7,,Dipropylamine,air/non-urban air or from high stacks,kg,,
Mapping/Input/Flowlists/ecoinventEFv3.7.csv,ecoinventEFv3.7,,Dipropylamine,air/unspecified,kg,,
Mapping/Input/Flowlists/ecoinventEFv3.7.csv,ecoinventEFv3.7,,Dipropylamine,air/urban air close to ground,kg,,
Mapping/Input/Flowlists/ecoinventEFv3.7.csv,ecoinventEFv3.7,,Dipropylamine,water/ground-,kg,,
Mapping/Input/Flowlists/ecoinventEFv3.7.csv,ecoinventEFv3.7,,Dipropylamine,"water/ground-, long-term",kg,,
Mapping/Input/Flowlists/ecoinventEFv3.7.csv,ecoinventEFv3.7,,Dipropylamine,water/ocean,kg,,
Mapping/Input/Flowlists/ecoinventEFv3.7.csv,ecoinventEFv3.7,,Dipropylamine,water/surface water,kg,,
Mapping/Input/Flowlists/ecoinventEFv3.7.csv,ecoinventEFv3.7,,Dipropylamine,water/unspecified,kg,,
Mapping/Input/Flowlists/ecoinventEFv3.7.csv,ecoinventEFv3.7,,Diquat,soil/agricultural,kg,,"1,1´-ethylene-2.2´bipyridyldiylium"
Mapping/Input/Flowlists/ecoinventEFv3.7.csv,ecoinventEFv3.7,,Diquat dibromide,soil/agricultural,kg,,
Mapping/Input/Flowlists/ecoinventEFv3.7.csv,ecoinventEFv3.7,,"Discarded fish, demersal, to ocean",water/ocean,kg,,
Mapping/Input/Flowlists/ecoinventEFv3.7.csv,ecoinventEFv3.7,,"Discarded fish, pelagic, to ocean",water/ocean,kg,,
Mapping/Input/Flowlists/ecoinventEFv3.7.csv,ecoinventEFv3.7,,"Disinfectants, unspecified",water/ground-,kg,,
Mapping/Input/Flowlists/ecoinventEFv3.7.csv,ecoinventEFv3.7,,"Disinfectants, unspecified","water/ground-, long-term",kg,,
Mapping/Input/Flowlists/ecoinventEFv3.7.csv,ecoinventEFv3.7,,"Disinfectants, unspecified",water/ocean,kg,,
Mapping/Input/Flowlists/ecoinventEFv3.7.csv,ecoinventEFv3.7,,"Disinfectants, unspecified",water/surface water,kg,,
Mapping/Input/Flowlists/ecoinventEFv3.7.csv,ecoinventEFv3.7,,"Disinfectants, unspecified",water/unspecified,kg,,
Mapping/Input/Flowlists/ecoinventEFv3.7.csv,ecoinventEFv3.7,,Dissolved solids,water/ground-,kg,,
Mapping/Input/Flowlists/ecoinventEFv3.7.csv,ecoinventEFv3.7,,Dissolved solids,"water/ground-, long-term",kg,,
Mapping/Input/Flowlists/ecoinventEFv3.7.csv,ecoinventEFv3.7,,Dissolved solids,water/ocean,kg,,
Mapping/Input/Flowlists/ecoinventEFv3.7.csv,ecoinventEFv3.7,,Dissolved solids,water/surface water,kg,,
Mapping/Input/Flowlists/ecoinventEFv3.7.csv,ecoinventEFv3.7,,Dissolved solids,water/unspecified,kg,,
Mapping/Input/Flowlists/ecoinventEFv3.7.csv,ecoinventEFv3.7,,Disulfoton,soil/agricultural,kg,,"O,O-diethyl S-(2-(ethylthio)ethyl) phosphorodithioate"
Mapping/Input/Flowlists/ecoinventEFv3.7.csv,ecoinventEFv3.7,,Dithianon,soil/agricultural,kg,,"5,10-dihydro-5,10-dioxonaphtho[2,3-b]-1,4-dithiine-2,3-dicarbonitrile"
Mapping/Input/Flowlists/ecoinventEFv3.7.csv,ecoinventEFv3.7,,Diuron,soil/agricultural,kg,,Diurex
Mapping/Input/Flowlists/ecoinventEFv3.7.csv,ecoinventEFv3.7,,DNOC,soil/agricultural,kg,,"2,4-Dinitro-o-kresol"
Mapping/Input/Flowlists/ecoinventEFv3.7.csv,ecoinventEFv3.7,,"DOC, Dissolved Organic Carbon",water/ground-,kg,,
Mapping/Input/Flowlists/ecoinventEFv3.7.csv,ecoinventEFv3.7,,"DOC, Dissolved Organic Carbon","water/ground-, long-term",kg,,
Mapping/Input/Flowlists/ecoinventEFv3.7.csv,ecoinventEFv3.7,,"DOC, Dissolved Organic Carbon",water/ocean,kg,,
Mapping/Input/Flowlists/ecoinventEFv3.7.csv,ecoinventEFv3.7,,"DOC, Dissolved Organic Carbon",water/surface water,kg,,
Mapping/Input/Flowlists/ecoinventEFv3.7.csv,ecoinventEFv3.7,,"DOC, Dissolved Organic Carbon",water/unspecified,kg,,
Mapping/Input/Flowlists/ecoinventEFv3.7.csv,ecoinventEFv3.7,,Dodecanol,water/unspecified,kg,,
Mapping/Input/Flowlists/ecoinventEFv3.7.csv,ecoinventEFv3.7,,Dodemorph,soil/agricultural,kg,,
Mapping/Input/Flowlists/ecoinventEFv3.7.csv,ecoinventEFv3.7,,Dodine,soil/agricultural,kg,,
Mapping/Input/Flowlists/ecoinventEFv3.7.csv,ecoinventEFv3.7,,"Dolomite, in ground",natural resource/in ground,kg,,kristallines Calciummagnesiumcarbonat
Mapping/Input/Flowlists/ecoinventEFv3.7.csv,ecoinventEFv3.7,,DSMA,soil/agricultural,kg,,Dinate
Mapping/Input/Flowlists/ecoinventEFv3.7.csv,ecoinventEFv3.7,,"Dysprosium, in ground",natural resource/in ground,kg,,
Mapping/Input/Flowlists/ecoinventEFv3.7.csv,ecoinventEFv3.7,,Elemental carbon,air/urban air close to ground,kg,,
Mapping/Input/Flowlists/ecoinventEFv3.7.csv,ecoinventEFv3.7,,Elemental carbon,soil/unspecified,kg,,
Mapping/Input/Flowlists/ecoinventEFv3.7.csv,ecoinventEFv3.7,,Elemental carbon,water/ground-,kg,,
Mapping/Input/Flowlists/ecoinventEFv3.7.csv,ecoinventEFv3.7,,Elemental carbon,water/unspecified,kg,,
Mapping/Input/Flowlists/ecoinventEFv3.7.csv,ecoinventEFv3.7,,Endosulfan,soil/agricultural,kg,,"1,4,5,6,7,7-hexachloro-8,9,10-trinorborn-5-en-2,3-ylenebismethylene sulfite"
Mapping/Input/Flowlists/ecoinventEFv3.7.csv,ecoinventEFv3.7,,Endothall,soil/agricultural,kg,,"7-oxabicyclo[2.2.1]heptane-2,3-Dicarboxylic acid"
Mapping/Input/Flowlists/ecoinventEFv3.7.csv,ecoinventEFv3.7,,"Energy, geothermal, converted",natural resource/in ground,MJ,,
Mapping/Input/Flowlists/ecoinventEFv3.7.csv,ecoinventEFv3.7,,"Energy, gross calorific value, in biomass",natural resource/biotic,MJ,,
Mapping/Input/Flowlists/ecoinventEFv3.7.csv,ecoinventEFv3.7,,"Energy, gross calorific value, in biomass, primary forest",natural resource/biotic,MJ,,
Mapping/Input/Flowlists/ecoinventEFv3.7.csv,ecoinventEFv3.7,,"Energy, kinetic (in wind), converted",natural resource/in air,MJ,,
Mapping/Input/Flowlists/ecoinventEFv3.7.csv,ecoinventEFv3.7,,"Energy, potential (in hydropower reservoir), converted",natural resource/in water,MJ,,
Mapping/Input/Flowlists/ecoinventEFv3.7.csv,ecoinventEFv3.7,,"Energy, solar, converted",natural resource/in air,MJ,,
Mapping/Input/Flowlists/ecoinventEFv3.7.csv,ecoinventEFv3.7,,Epichlorohydrin,"air/low population density, long-term",kg,,
Mapping/Input/Flowlists/ecoinventEFv3.7.csv,ecoinventEFv3.7,,Epichlorohydrin,air/lower stratosphere + upper troposphere,kg,,
Mapping/Input/Flowlists/ecoinventEFv3.7.csv,ecoinventEFv3.7,,Epichlorohydrin,air/non-urban air or from high stacks,kg,,
Mapping/Input/Flowlists/ecoinventEFv3.7.csv,ecoinventEFv3.7,,Epichlorohydrin,air/unspecified,kg,,
Mapping/Input/Flowlists/ecoinventEFv3.7.csv,ecoinventEFv3.7,,Epichlorohydrin,air/urban air close to ground,kg,,
Mapping/Input/Flowlists/ecoinventEFv3.7.csv,ecoinventEFv3.7,,Epichlorohydrin,water/unspecified,kg,,
Mapping/Input/Flowlists/ecoinventEFv3.7.csv,ecoinventEFv3.7,,Epoxiconazole,soil/agricultural,kg,,PSM
Mapping/Input/Flowlists/ecoinventEFv3.7.csv,ecoinventEFv3.7,,EPTC,soil/agricultural,kg,,"N,N-dipropylthiocarbamic acid s ethyl ester"
Mapping/Input/Flowlists/ecoinventEFv3.7.csv,ecoinventEFv3.7,,"Erbium, in ground",natural resource/in ground,kg,,
Mapping/Input/Flowlists/ecoinventEFv3.7.csv,ecoinventEFv3.7,,Esfenvalerate,air/non-urban air or from high stacks,kg,,
Mapping/Input/Flowlists/ecoinventEFv3.7.csv,ecoinventEFv3.7,,Esfenvalerate,soil/agricultural,kg,,(S)-α-cyano-3-phenoxybenzyl (S)-2-(4-chlorophenyl)-3-methylbutyrate
Mapping/Input/Flowlists/ecoinventEFv3.7.csv,ecoinventEFv3.7,,Ethalfluralin,soil/agricultural,kg,,Ethalfuralin
Mapping/Input/Flowlists/ecoinventEFv3.7.csv,ecoinventEFv3.7,,Ethane,"air/low population density, long-term",kg,,
Mapping/Input/Flowlists/ecoinventEFv3.7.csv,ecoinventEFv3.7,,Ethane,air/lower stratosphere + upper troposphere,kg,,
Mapping/Input/Flowlists/ecoinventEFv3.7.csv,ecoinventEFv3.7,,Ethane,air/non-urban air or from high stacks,kg,,
Mapping/Input/Flowlists/ecoinventEFv3.7.csv,ecoinventEFv3.7,,Ethane,air/unspecified,kg,,
Mapping/Input/Flowlists/ecoinventEFv3.7.csv,ecoinventEFv3.7,,Ethane,air/urban air close to ground,kg,,
Mapping/Input/Flowlists/ecoinventEFv3.7.csv,ecoinventEFv3.7,,Ethane thiol,"air/low population density, long-term",kg,,Ethyl hydrosulfide
Mapping/Input/Flowlists/ecoinventEFv3.7.csv,ecoinventEFv3.7,,Ethane thiol,air/lower stratosphere + upper troposphere,kg,,Ethyl hydrosulfide
Mapping/Input/Flowlists/ecoinventEFv3.7.csv,ecoinventEFv3.7,,Ethane thiol,air/non-urban air or from high stacks,kg,,Mercaptoethane
Mapping/Input/Flowlists/ecoinventEFv3.7.csv,ecoinventEFv3.7,,Ethane thiol,air/unspecified,kg,,Ethyl sulfhydrate
Mapping/Input/Flowlists/ecoinventEFv3.7.csv,ecoinventEFv3.7,,Ethane thiol,air/urban air close to ground,kg,,Ethyl mercaptan
Mapping/Input/Flowlists/ecoinventEFv3.7.csv,ecoinventEFv3.7,,"Ethane, 1,1,1,2-tetrafluoro-, HFC-134a","air/low population density, long-term",kg,,R134a
Mapping/Input/Flowlists/ecoinventEFv3.7.csv,ecoinventEFv3.7,,"Ethane, 1,1,1,2-tetrafluoro-, HFC-134a",air/lower stratosphere + upper troposphere,kg,,R134a
Mapping/Input/Flowlists/ecoinventEFv3.7.csv,ecoinventEFv3.7,,"Ethane, 1,1,1,2-tetrafluoro-, HFC-134a",air/non-urban air or from high stacks,kg,,
Mapping/Input/Flowlists/ecoinventEFv3.7.csv,ecoinventEFv3.7,,"Ethane, 1,1,1,2-tetrafluoro-, HFC-134a",air/unspecified,kg,,R134a
Mapping/Input/Flowlists/ecoinventEFv3.7.csv,ecoinventEFv3.7,,"Ethane, 1,1,1,2-tetrafluoro-, HFC-134a",air/urban air close to ground,kg,,R134a
Mapping/Input/Flowlists/ecoinventEFv3.7.csv,ecoinventEFv3.7,,"Ethane, 1,1,1-trichloro-, HCFC-140","air/low population density, long-term",kg,,"1,1,1-Trichlorethan"
Mapping/Input/Flowlists/ecoinventEFv3.7.csv,ecoinventEFv3.7,,"Ethane, 1,1,1-trichloro-, HCFC-140",air/lower stratosphere + upper troposphere,kg,,"1,1,1-Trichlorethan"
Mapping/Input/Flowlists/ecoinventEFv3.7.csv,ecoinventEFv3.7,,"Ethane, 1,1,1-trichloro-, HCFC-140",air/non-urban air or from high stacks,kg,,
Mapping/Input/Flowlists/ecoinventEFv3.7.csv,ecoinventEFv3.7,,"Ethane, 1,1,1-trichloro-, HCFC-140",air/unspecified,kg,,
Mapping/Input/Flowlists/ecoinventEFv3.7.csv,ecoinventEFv3.7,,"Ethane, 1,1,1-trichloro-, HCFC-140",air/urban air close to ground,kg,,"1,1,1-Trichlorethan"
Mapping/Input/Flowlists/ecoinventEFv3.7.csv,ecoinventEFv3.7,,"Ethane, 1,1,1-trichloro-, HCFC-140",water/ground-,kg,,"1,1,1-Trichlorethan"
Mapping/Input/Flowlists/ecoinventEFv3.7.csv,ecoinventEFv3.7,,"Ethane, 1,1,1-trichloro-, HCFC-140","water/ground-, long-term",kg,,"1,1,1-Trichlorethan"
Mapping/Input/Flowlists/ecoinventEFv3.7.csv,ecoinventEFv3.7,,"Ethane, 1,1,1-trichloro-, HCFC-140",water/ocean,kg,,"1,1,1-Trichlorethan"
Mapping/Input/Flowlists/ecoinventEFv3.7.csv,ecoinventEFv3.7,,"Ethane, 1,1,1-trichloro-, HCFC-140",water/surface water,kg,,"1,1,1-Trichlorethan"
Mapping/Input/Flowlists/ecoinventEFv3.7.csv,ecoinventEFv3.7,,"Ethane, 1,1,1-trichloro-, HCFC-140",water/unspecified,kg,,"1,1,1-Trichlorethan"
Mapping/Input/Flowlists/ecoinventEFv3.7.csv,ecoinventEFv3.7,,"Ethane, 1,1,1-trifluoro-, HFC-143a","air/low population density, long-term",kg,,R143a
Mapping/Input/Flowlists/ecoinventEFv3.7.csv,ecoinventEFv3.7,,"Ethane, 1,1,1-trifluoro-, HFC-143a",air/lower stratosphere + upper troposphere,kg,,R143a
Mapping/Input/Flowlists/ecoinventEFv3.7.csv,ecoinventEFv3.7,,"Ethane, 1,1,1-trifluoro-, HFC-143a",air/non-urban air or from high stacks,kg,,R143a
Mapping/Input/Flowlists/ecoinventEFv3.7.csv,ecoinventEFv3.7,,"Ethane, 1,1,1-trifluoro-, HFC-143a",air/unspecified,kg,,R143a
Mapping/Input/Flowlists/ecoinventEFv3.7.csv,ecoinventEFv3.7,,"Ethane, 1,1,1-trifluoro-, HFC-143a",air/urban air close to ground,kg,,R143a
Mapping/Input/Flowlists/ecoinventEFv3.7.csv,ecoinventEFv3.7,,"Ethane, 1,1,2-trichloro-","air/low population density, long-term",kg,,"1,1,2-Trichlorethan"
Mapping/Input/Flowlists/ecoinventEFv3.7.csv,ecoinventEFv3.7,,"Ethane, 1,1,2-trichloro-",air/lower stratosphere + upper troposphere,kg,,"1,1,2-Trichlorethan"
Mapping/Input/Flowlists/ecoinventEFv3.7.csv,ecoinventEFv3.7,,"Ethane, 1,1,2-trichloro-",air/non-urban air or from high stacks,kg,,"1,1,2-Trichlorethan"
Mapping/Input/Flowlists/ecoinventEFv3.7.csv,ecoinventEFv3.7,,"Ethane, 1,1,2-trichloro-",air/unspecified,kg,,"1,1,2-Trichlorethan"
Mapping/Input/Flowlists/ecoinventEFv3.7.csv,ecoinventEFv3.7,,"Ethane, 1,1,2-trichloro-",air/urban air close to ground,kg,,"1,1,2-Trichlorethan"
Mapping/Input/Flowlists/ecoinventEFv3.7.csv,ecoinventEFv3.7,,"Ethane, 1,1,2-trichloro-1,2,2-trifluoro-, CFC-113","air/low population density, long-term",kg,,R113
Mapping/Input/Flowlists/ecoinventEFv3.7.csv,ecoinventEFv3.7,,"Ethane, 1,1,2-trichloro-1,2,2-trifluoro-, CFC-113",air/lower stratosphere + upper troposphere,kg,,R113
Mapping/Input/Flowlists/ecoinventEFv3.7.csv,ecoinventEFv3.7,,"Ethane, 1,1,2-trichloro-1,2,2-trifluoro-, CFC-113",air/non-urban air or from high stacks,kg,,R113
Mapping/Input/Flowlists/ecoinventEFv3.7.csv,ecoinventEFv3.7,,"Ethane, 1,1,2-trichloro-1,2,2-trifluoro-, CFC-113",air/unspecified,kg,,R113
Mapping/Input/Flowlists/ecoinventEFv3.7.csv,ecoinventEFv3.7,,"Ethane, 1,1,2-trichloro-1,2,2-trifluoro-, CFC-113",air/urban air close to ground,kg,,R113
Mapping/Input/Flowlists/ecoinventEFv3.7.csv,ecoinventEFv3.7,,"Ethane, 1,1-dichloro-1-fluoro-, HCFC-141b","air/low population density, long-term",kg,,R141b
Mapping/Input/Flowlists/ecoinventEFv3.7.csv,ecoinventEFv3.7,,"Ethane, 1,1-dichloro-1-fluoro-, HCFC-141b",air/lower stratosphere + upper troposphere,kg,,R141b
Mapping/Input/Flowlists/ecoinventEFv3.7.csv,ecoinventEFv3.7,,"Ethane, 1,1-dichloro-1-fluoro-, HCFC-141b",air/non-urban air or from high stacks,kg,,R141b
Mapping/Input/Flowlists/ecoinventEFv3.7.csv,ecoinventEFv3.7,,"Ethane, 1,1-dichloro-1-fluoro-, HCFC-141b",air/unspecified,kg,,R141b
Mapping/Input/Flowlists/ecoinventEFv3.7.csv,ecoinventEFv3.7,,"Ethane, 1,1-dichloro-1-fluoro-, HCFC-141b",air/urban air close to ground,kg,,R141b
Mapping/Input/Flowlists/ecoinventEFv3.7.csv,ecoinventEFv3.7,,"Ethane, 1,1-difluoro-, HFC-152a","air/low population density, long-term",kg,,R152a
Mapping/Input/Flowlists/ecoinventEFv3.7.csv,ecoinventEFv3.7,,"Ethane, 1,1-difluoro-, HFC-152a",air/lower stratosphere + upper troposphere,kg,,R152a
Mapping/Input/Flowlists/ecoinventEFv3.7.csv,ecoinventEFv3.7,,"Ethane, 1,1-difluoro-, HFC-152a",air/non-urban air or from high stacks,kg,,R152a
Mapping/Input/Flowlists/ecoinventEFv3.7.csv,ecoinventEFv3.7,,"Ethane, 1,1-difluoro-, HFC-152a",air/unspecified,kg,,R152a
Mapping/Input/Flowlists/ecoinventEFv3.7.csv,ecoinventEFv3.7,,"Ethane, 1,1-difluoro-, HFC-152a",air/urban air close to ground,kg,,R152a
Mapping/Input/Flowlists/ecoinventEFv3.7.csv,ecoinventEFv3.7,,"Ethane, 1,2-dichloro-","air/low population density, long-term",kg,,Ethylendichlorid
Mapping/Input/Flowlists/ecoinventEFv3.7.csv,ecoinventEFv3.7,,"Ethane, 1,2-dichloro-",air/lower stratosphere + upper troposphere,kg,,Ethylendichlorid
Mapping/Input/Flowlists/ecoinventEFv3.7.csv,ecoinventEFv3.7,,"Ethane, 1,2-dichloro-",air/non-urban air or from high stacks,kg,,
Mapping/Input/Flowlists/ecoinventEFv3.7.csv,ecoinventEFv3.7,,"Ethane, 1,2-dichloro-",air/unspecified,kg,,
Mapping/Input/Flowlists/ecoinventEFv3.7.csv,ecoinventEFv3.7,,"Ethane, 1,2-dichloro-",air/urban air close to ground,kg,,Ethylendichlorid
Mapping/Input/Flowlists/ecoinventEFv3.7.csv,ecoinventEFv3.7,,"Ethane, 1,2-dichloro-",water/ground-,kg,,Ethylendichlorid
Mapping/Input/Flowlists/ecoinventEFv3.7.csv,ecoinventEFv3.7,,"Ethane, 1,2-dichloro-","water/ground-, long-term",kg,,Ethylene dichloride
Mapping/Input/Flowlists/ecoinventEFv3.7.csv,ecoinventEFv3.7,,"Ethane, 1,2-dichloro-",water/ocean,kg,,Ethylene dichloride
Mapping/Input/Flowlists/ecoinventEFv3.7.csv,ecoinventEFv3.7,,"Ethane, 1,2-dichloro-",water/surface water,kg,,Ethylendichlorid
Mapping/Input/Flowlists/ecoinventEFv3.7.csv,ecoinventEFv3.7,,"Ethane, 1,2-dichloro-",water/unspecified,kg,,Ethylene dichloride
Mapping/Input/Flowlists/ecoinventEFv3.7.csv,ecoinventEFv3.7,,"Ethane, 1,2-dichloro-1,1,2,2-tetrafluoro-, CFC-114","air/low population density, long-term",kg,,R114
Mapping/Input/Flowlists/ecoinventEFv3.7.csv,ecoinventEFv3.7,,"Ethane, 1,2-dichloro-1,1,2,2-tetrafluoro-, CFC-114",air/lower stratosphere + upper troposphere,kg,,R114
Mapping/Input/Flowlists/ecoinventEFv3.7.csv,ecoinventEFv3.7,,"Ethane, 1,2-dichloro-1,1,2,2-tetrafluoro-, CFC-114",air/non-urban air or from high stacks,kg,,R114
Mapping/Input/Flowlists/ecoinventEFv3.7.csv,ecoinventEFv3.7,,"Ethane, 1,2-dichloro-1,1,2,2-tetrafluoro-, CFC-114",air/unspecified,kg,,R114
Mapping/Input/Flowlists/ecoinventEFv3.7.csv,ecoinventEFv3.7,,"Ethane, 1,2-dichloro-1,1,2,2-tetrafluoro-, CFC-114",air/urban air close to ground,kg,,R114
Mapping/Input/Flowlists/ecoinventEFv3.7.csv,ecoinventEFv3.7,,"Ethane, 1-chloro-1,1-difluoro-, HCFC-142b","air/low population density, long-term",kg,,R142b
Mapping/Input/Flowlists/ecoinventEFv3.7.csv,ecoinventEFv3.7,,"Ethane, 1-chloro-1,1-difluoro-, HCFC-142b",air/lower stratosphere + upper troposphere,kg,,R142b
Mapping/Input/Flowlists/ecoinventEFv3.7.csv,ecoinventEFv3.7,,"Ethane, 1-chloro-1,1-difluoro-, HCFC-142b",air/non-urban air or from high stacks,kg,,R142b
Mapping/Input/Flowlists/ecoinventEFv3.7.csv,ecoinventEFv3.7,,"Ethane, 1-chloro-1,1-difluoro-, HCFC-142b",air/unspecified,kg,,R142b
Mapping/Input/Flowlists/ecoinventEFv3.7.csv,ecoinventEFv3.7,,"Ethane, 1-chloro-1,1-difluoro-, HCFC-142b",air/urban air close to ground,kg,,R142b
Mapping/Input/Flowlists/ecoinventEFv3.7.csv,ecoinventEFv3.7,,"Ethane, 2,2-dichloro-1,1,1-trifluoro-, HCFC-123","air/low population density, long-term",kg,,R123
Mapping/Input/Flowlists/ecoinventEFv3.7.csv,ecoinventEFv3.7,,"Ethane, 2,2-dichloro-1,1,1-trifluoro-, HCFC-123",air/lower stratosphere + upper troposphere,kg,,R123
Mapping/Input/Flowlists/ecoinventEFv3.7.csv,ecoinventEFv3.7,,"Ethane, 2,2-dichloro-1,1,1-trifluoro-, HCFC-123",air/non-urban air or from high stacks,kg,,R123
Mapping/Input/Flowlists/ecoinventEFv3.7.csv,ecoinventEFv3.7,,"Ethane, 2,2-dichloro-1,1,1-trifluoro-, HCFC-123",air/unspecified,kg,,R123
Mapping/Input/Flowlists/ecoinventEFv3.7.csv,ecoinventEFv3.7,,"Ethane, 2,2-dichloro-1,1,1-trifluoro-, HCFC-123",air/urban air close to ground,kg,,R123
Mapping/Input/Flowlists/ecoinventEFv3.7.csv,ecoinventEFv3.7,,"Ethane, 2-chloro-1,1,1,2-tetrafluoro-, HCFC-124","air/low population density, long-term",kg,,R124
Mapping/Input/Flowlists/ecoinventEFv3.7.csv,ecoinventEFv3.7,,"Ethane, 2-chloro-1,1,1,2-tetrafluoro-, HCFC-124",air/lower stratosphere + upper troposphere,kg,,R124
Mapping/Input/Flowlists/ecoinventEFv3.7.csv,ecoinventEFv3.7,,"Ethane, 2-chloro-1,1,1,2-tetrafluoro-, HCFC-124",air/non-urban air or from high stacks,kg,,R124
Mapping/Input/Flowlists/ecoinventEFv3.7.csv,ecoinventEFv3.7,,"Ethane, 2-chloro-1,1,1,2-tetrafluoro-, HCFC-124",air/unspecified,kg,,R124
Mapping/Input/Flowlists/ecoinventEFv3.7.csv,ecoinventEFv3.7,,"Ethane, 2-chloro-1,1,1,2-tetrafluoro-, HCFC-124",air/urban air close to ground,kg,,R124
Mapping/Input/Flowlists/ecoinventEFv3.7.csv,ecoinventEFv3.7,,"Ethane, chloropentafluoro-, CFC-115","air/low population density, long-term",kg,,R115
Mapping/Input/Flowlists/ecoinventEFv3.7.csv,ecoinventEFv3.7,,"Ethane, chloropentafluoro-, CFC-115",air/lower stratosphere + upper troposphere,kg,,R115
Mapping/Input/Flowlists/ecoinventEFv3.7.csv,ecoinventEFv3.7,,"Ethane, chloropentafluoro-, CFC-115",air/non-urban air or from high stacks,kg,,R115
Mapping/Input/Flowlists/ecoinventEFv3.7.csv,ecoinventEFv3.7,,"Ethane, chloropentafluoro-, CFC-115",air/unspecified,kg,,R115
Mapping/Input/Flowlists/ecoinventEFv3.7.csv,ecoinventEFv3.7,,"Ethane, chloropentafluoro-, CFC-115",air/urban air close to ground,kg,,R115
Mapping/Input/Flowlists/ecoinventEFv3.7.csv,ecoinventEFv3.7,,"Ethane, hexachloro-",water/ground-,kg,,
Mapping/Input/Flowlists/ecoinventEFv3.7.csv,ecoinventEFv3.7,,"Ethane, hexachloro-","water/ground-, long-term",kg,,
Mapping/Input/Flowlists/ecoinventEFv3.7.csv,ecoinventEFv3.7,,"Ethane, hexachloro-",water/ocean,kg,,
Mapping/Input/Flowlists/ecoinventEFv3.7.csv,ecoinventEFv3.7,,"Ethane, hexachloro-",water/surface water,kg,,
Mapping/Input/Flowlists/ecoinventEFv3.7.csv,ecoinventEFv3.7,,"Ethane, hexachloro-",water/unspecified,kg,,
Mapping/Input/Flowlists/ecoinventEFv3.7.csv,ecoinventEFv3.7,,"Ethane, hexafluoro-, HFC-116","air/low population density, long-term",kg,,R116
Mapping/Input/Flowlists/ecoinventEFv3.7.csv,ecoinventEFv3.7,,"Ethane, hexafluoro-, HFC-116",air/lower stratosphere + upper troposphere,kg,,R116
Mapping/Input/Flowlists/ecoinventEFv3.7.csv,ecoinventEFv3.7,,"Ethane, hexafluoro-, HFC-116",air/non-urban air or from high stacks,kg,,R116
Mapping/Input/Flowlists/ecoinventEFv3.7.csv,ecoinventEFv3.7,,"Ethane, hexafluoro-, HFC-116",air/unspecified,kg,,
Mapping/Input/Flowlists/ecoinventEFv3.7.csv,ecoinventEFv3.7,,"Ethane, hexafluoro-, HFC-116",air/urban air close to ground,kg,,R116
Mapping/Input/Flowlists/ecoinventEFv3.7.csv,ecoinventEFv3.7,,"Ethane, pentafluoro-, HFC-125","air/low population density, long-term",kg,,R125
Mapping/Input/Flowlists/ecoinventEFv3.7.csv,ecoinventEFv3.7,,"Ethane, pentafluoro-, HFC-125",air/lower stratosphere + upper troposphere,kg,,R125
Mapping/Input/Flowlists/ecoinventEFv3.7.csv,ecoinventEFv3.7,,"Ethane, pentafluoro-, HFC-125",air/non-urban air or from high stacks,kg,,R125
Mapping/Input/Flowlists/ecoinventEFv3.7.csv,ecoinventEFv3.7,,"Ethane, pentafluoro-, HFC-125",air/unspecified,kg,,R125
Mapping/Input/Flowlists/ecoinventEFv3.7.csv,ecoinventEFv3.7,,"Ethane, pentafluoro-, HFC-125",air/urban air close to ground,kg,,R125
Mapping/Input/Flowlists/ecoinventEFv3.7.csv,ecoinventEFv3.7,,Ethanol,"air/low population density, long-term",kg,,
Mapping/Input/Flowlists/ecoinventEFv3.7.csv,ecoinventEFv3.7,,Ethanol,air/lower stratosphere + upper troposphere,kg,,
Mapping/Input/Flowlists/ecoinventEFv3.7.csv,ecoinventEFv3.7,,Ethanol,air/non-urban air or from high stacks,kg,,
Mapping/Input/Flowlists/ecoinventEFv3.7.csv,ecoinventEFv3.7,,Ethanol,air/unspecified,kg,,
Mapping/Input/Flowlists/ecoinventEFv3.7.csv,ecoinventEFv3.7,,Ethanol,air/urban air close to ground,kg,,
Mapping/Input/Flowlists/ecoinventEFv3.7.csv,ecoinventEFv3.7,,Ethanol,water/ground-,kg,,
Mapping/Input/Flowlists/ecoinventEFv3.7.csv,ecoinventEFv3.7,,Ethanol,"water/ground-, long-term",kg,,
Mapping/Input/Flowlists/ecoinventEFv3.7.csv,ecoinventEFv3.7,,Ethanol,water/ocean,kg,,
Mapping/Input/Flowlists/ecoinventEFv3.7.csv,ecoinventEFv3.7,,Ethanol,water/surface water,kg,,
Mapping/Input/Flowlists/ecoinventEFv3.7.csv,ecoinventEFv3.7,,Ethanol,water/unspecified,kg,,
Mapping/Input/Flowlists/ecoinventEFv3.7.csv,ecoinventEFv3.7,,Ethene,"air/low population density, long-term",kg,,
Mapping/Input/Flowlists/ecoinventEFv3.7.csv,ecoinventEFv3.7,,Ethene,air/lower stratosphere + upper troposphere,kg,,
Mapping/Input/Flowlists/ecoinventEFv3.7.csv,ecoinventEFv3.7,,Ethene,air/non-urban air or from high stacks,kg,,
Mapping/Input/Flowlists/ecoinventEFv3.7.csv,ecoinventEFv3.7,,Ethene,air/unspecified,kg,,
Mapping/Input/Flowlists/ecoinventEFv3.7.csv,ecoinventEFv3.7,,Ethene,air/urban air close to ground,kg,,
Mapping/Input/Flowlists/ecoinventEFv3.7.csv,ecoinventEFv3.7,,Ethene,water/ground-,kg,,
Mapping/Input/Flowlists/ecoinventEFv3.7.csv,ecoinventEFv3.7,,Ethene,"water/ground-, long-term",kg,,
Mapping/Input/Flowlists/ecoinventEFv3.7.csv,ecoinventEFv3.7,,Ethene,water/ocean,kg,,
Mapping/Input/Flowlists/ecoinventEFv3.7.csv,ecoinventEFv3.7,,Ethene,water/surface water,kg,,
Mapping/Input/Flowlists/ecoinventEFv3.7.csv,ecoinventEFv3.7,,Ethene,water/unspecified,kg,,
Mapping/Input/Flowlists/ecoinventEFv3.7.csv,ecoinventEFv3.7,,"Ethene, chloro-","air/low population density, long-term",kg,,
Mapping/Input/Flowlists/ecoinventEFv3.7.csv,ecoinventEFv3.7,,"Ethene, chloro-",air/lower stratosphere + upper troposphere,kg,,
Mapping/Input/Flowlists/ecoinventEFv3.7.csv,ecoinventEFv3.7,,"Ethene, chloro-",air/non-urban air or from high stacks,kg,,
Mapping/Input/Flowlists/ecoinventEFv3.7.csv,ecoinventEFv3.7,,"Ethene, chloro-",air/unspecified,kg,,
Mapping/Input/Flowlists/ecoinventEFv3.7.csv,ecoinventEFv3.7,,"Ethene, chloro-",air/urban air close to ground,kg,,
Mapping/Input/Flowlists/ecoinventEFv3.7.csv,ecoinventEFv3.7,,"Ethene, chloro-",water/ground-,kg,,PVC
Mapping/Input/Flowlists/ecoinventEFv3.7.csv,ecoinventEFv3.7,,"Ethene, chloro-","water/ground-, long-term",kg,,PVC
Mapping/Input/Flowlists/ecoinventEFv3.7.csv,ecoinventEFv3.7,,"Ethene, chloro-",water/ocean,kg,,PVC
Mapping/Input/Flowlists/ecoinventEFv3.7.csv,ecoinventEFv3.7,,"Ethene, chloro-",water/surface water,kg,,PVC
Mapping/Input/Flowlists/ecoinventEFv3.7.csv,ecoinventEFv3.7,,"Ethene, chloro-",water/unspecified,kg,,PVC
Mapping/Input/Flowlists/ecoinventEFv3.7.csv,ecoinventEFv3.7,,"Ethene, tetrachloro-","air/low population density, long-term",kg,,Perchlorethylen
Mapping/Input/Flowlists/ecoinventEFv3.7.csv,ecoinventEFv3.7,,"Ethene, tetrachloro-",air/lower stratosphere + upper troposphere,kg,,Perchlorethylen
Mapping/Input/Flowlists/ecoinventEFv3.7.csv,ecoinventEFv3.7,,"Ethene, tetrachloro-",air/non-urban air or from high stacks,kg,,
Mapping/Input/Flowlists/ecoinventEFv3.7.csv,ecoinventEFv3.7,,"Ethene, tetrachloro-",air/unspecified,kg,,
Mapping/Input/Flowlists/ecoinventEFv3.7.csv,ecoinventEFv3.7,,"Ethene, tetrachloro-",air/urban air close to ground,kg,,Perchlorethylen
Mapping/Input/Flowlists/ecoinventEFv3.7.csv,ecoinventEFv3.7,,"Ethene, tetrachloro-",water/ground-,kg,,
Mapping/Input/Flowlists/ecoinventEFv3.7.csv,ecoinventEFv3.7,,"Ethene, tetrachloro-","water/ground-, long-term",kg,,
Mapping/Input/Flowlists/ecoinventEFv3.7.csv,ecoinventEFv3.7,,"Ethene, tetrachloro-",water/ocean,kg,,
Mapping/Input/Flowlists/ecoinventEFv3.7.csv,ecoinventEFv3.7,,"Ethene, tetrachloro-",water/surface water,kg,,
Mapping/Input/Flowlists/ecoinventEFv3.7.csv,ecoinventEFv3.7,,"Ethene, tetrachloro-",water/unspecified,kg,,
Mapping/Input/Flowlists/ecoinventEFv3.7.csv,ecoinventEFv3.7,,"Ethene, trichloro-","air/low population density, long-term",kg,,Trichlorethylen
Mapping/Input/Flowlists/ecoinventEFv3.7.csv,ecoinventEFv3.7,,"Ethene, trichloro-",air/lower stratosphere + upper troposphere,kg,,Trichlorethylen
Mapping/Input/Flowlists/ecoinventEFv3.7.csv,ecoinventEFv3.7,,"Ethene, trichloro-",air/non-urban air or from high stacks,kg,,Trichlorethylen
Mapping/Input/Flowlists/ecoinventEFv3.7.csv,ecoinventEFv3.7,,"Ethene, trichloro-",air/unspecified,kg,,Trichlorethylen
Mapping/Input/Flowlists/ecoinventEFv3.7.csv,ecoinventEFv3.7,,"Ethene, trichloro-",air/urban air close to ground,kg,,Trichlorethylen
Mapping/Input/Flowlists/ecoinventEFv3.7.csv,ecoinventEFv3.7,,"Ethene, trichloro-",water/ground-,kg,,
Mapping/Input/Flowlists/ecoinventEFv3.7.csv,ecoinventEFv3.7,,"Ethene, trichloro-","water/ground-, long-term",kg,,
Mapping/Input/Flowlists/ecoinventEFv3.7.csv,ecoinventEFv3.7,,"Ethene, trichloro-",water/ocean,kg,,
Mapping/Input/Flowlists/ecoinventEFv3.7.csv,ecoinventEFv3.7,,"Ethene, trichloro-",water/surface water,kg,,
Mapping/Input/Flowlists/ecoinventEFv3.7.csv,ecoinventEFv3.7,,"Ethene, trichloro-",water/unspecified,kg,,
Mapping/Input/Flowlists/ecoinventEFv3.7.csv,ecoinventEFv3.7,,Ethephon,air/non-urban air or from high stacks,kg,,2-chloroethylphosphonic acid
Mapping/Input/Flowlists/ecoinventEFv3.7.csv,ecoinventEFv3.7,,Ethephon,soil/agricultural,kg,,2-chloroethylphosphonic acid
Mapping/Input/Flowlists/ecoinventEFv3.7.csv,ecoinventEFv3.7,,Ethephon,water/ground-,kg,,2-chloroethylphosphonic acid
Mapping/Input/Flowlists/ecoinventEFv3.7.csv,ecoinventEFv3.7,,Ethephon,water/surface water,kg,,2-chloroethylphosphonic acid
Mapping/Input/Flowlists/ecoinventEFv3.7.csv,ecoinventEFv3.7,,Ethiofencarb,soil/agricultural,kg,,
Mapping/Input/Flowlists/ecoinventEFv3.7.csv,ecoinventEFv3.7,,Ethofumesate,soil/agricultural,kg,,"(+-)-2-ethoxy-2,3-dihydro-3,3-dimethylbenzofuran-5-yl methanesufonate"
Mapping/Input/Flowlists/ecoinventEFv3.7.csv,ecoinventEFv3.7,,Ethoprop,soil/agricultural,kg,,"O-ethyl S,S-dipropyl dithiophosphate"
Mapping/Input/Flowlists/ecoinventEFv3.7.csv,ecoinventEFv3.7,,Ethyl acetate,"air/low population density, long-term",kg,,
Mapping/Input/Flowlists/ecoinventEFv3.7.csv,ecoinventEFv3.7,,Ethyl acetate,air/lower stratosphere + upper troposphere,kg,,
Mapping/Input/Flowlists/ecoinventEFv3.7.csv,ecoinventEFv3.7,,Ethyl acetate,air/non-urban air or from high stacks,kg,,
Mapping/Input/Flowlists/ecoinventEFv3.7.csv,ecoinventEFv3.7,,Ethyl acetate,air/unspecified,kg,,
Mapping/Input/Flowlists/ecoinventEFv3.7.csv,ecoinventEFv3.7,,Ethyl acetate,air/urban air close to ground,kg,,
Mapping/Input/Flowlists/ecoinventEFv3.7.csv,ecoinventEFv3.7,,Ethyl acetate,water/ground-,kg,,
Mapping/Input/Flowlists/ecoinventEFv3.7.csv,ecoinventEFv3.7,,Ethyl acetate,"water/ground-, long-term",kg,,
Mapping/Input/Flowlists/ecoinventEFv3.7.csv,ecoinventEFv3.7,,Ethyl acetate,water/ocean,kg,,
Mapping/Input/Flowlists/ecoinventEFv3.7.csv,ecoinventEFv3.7,,Ethyl acetate,water/surface water,kg,,
Mapping/Input/Flowlists/ecoinventEFv3.7.csv,ecoinventEFv3.7,,Ethyl acetate,water/unspecified,kg,,
Mapping/Input/Flowlists/ecoinventEFv3.7.csv,ecoinventEFv3.7,,Ethyl cellulose,"air/low population density, long-term",kg,,
Mapping/Input/Flowlists/ecoinventEFv3.7.csv,ecoinventEFv3.7,,Ethyl cellulose,air/lower stratosphere + upper troposphere,kg,,
Mapping/Input/Flowlists/ecoinventEFv3.7.csv,ecoinventEFv3.7,,Ethyl cellulose,air/non-urban air or from high stacks,kg,,
Mapping/Input/Flowlists/ecoinventEFv3.7.csv,ecoinventEFv3.7,,Ethyl cellulose,air/unspecified,kg,,
Mapping/Input/Flowlists/ecoinventEFv3.7.csv,ecoinventEFv3.7,,Ethyl cellulose,air/urban air close to ground,kg,,
Mapping/Input/Flowlists/ecoinventEFv3.7.csv,ecoinventEFv3.7,,Ethylamine,"air/low population density, long-term",kg,,"Ethaneamine, Monoethylamine, Aminoethane, 1-Aminoethane"
Mapping/Input/Flowlists/ecoinventEFv3.7.csv,ecoinventEFv3.7,,Ethylamine,air/lower stratosphere + upper troposphere,kg,,"Ethaneamine, Monoethylamine, Aminoethane, 1-Aminoethane"
Mapping/Input/Flowlists/ecoinventEFv3.7.csv,ecoinventEFv3.7,,Ethylamine,air/non-urban air or from high stacks,kg,,"Ethaneamine, Monoethylamine, Aminoethane, 1-Aminoethane"
Mapping/Input/Flowlists/ecoinventEFv3.7.csv,ecoinventEFv3.7,,Ethylamine,air/unspecified,kg,,"Ethaneamine, Monoethylamine, Aminoethane, 1-Aminoethane"
Mapping/Input/Flowlists/ecoinventEFv3.7.csv,ecoinventEFv3.7,,Ethylamine,air/urban air close to ground,kg,,"Ethaneamine, Monoethylamine, Aminoethane, 1-Aminoethane"
Mapping/Input/Flowlists/ecoinventEFv3.7.csv,ecoinventEFv3.7,,Ethylamine,water/ground-,kg,,"Ethaneamine, Monoethylamine, Aminoethane, 1-Aminoethane"
Mapping/Input/Flowlists/ecoinventEFv3.7.csv,ecoinventEFv3.7,,Ethylamine,"water/ground-, long-term",kg,,"Ethaneamine, Monoethylamine, Aminoethane, 1-Aminoethane"
Mapping/Input/Flowlists/ecoinventEFv3.7.csv,ecoinventEFv3.7,,Ethylamine,water/ocean,kg,,"Ethaneamine, Monoethylamine, Aminoethane, 1-Aminoethane"
Mapping/Input/Flowlists/ecoinventEFv3.7.csv,ecoinventEFv3.7,,Ethylamine,water/surface water,kg,,"Ethaneamine, Monoethylamine, Aminoethane, 1-Aminoethane"
Mapping/Input/Flowlists/ecoinventEFv3.7.csv,ecoinventEFv3.7,,Ethylamine,water/unspecified,kg,,"Ethaneamine, Monoethylamine, Aminoethane, 1-Aminoethane"
Mapping/Input/Flowlists/ecoinventEFv3.7.csv,ecoinventEFv3.7,,Ethylene,air/unspecified,kg,,
Mapping/Input/Flowlists/ecoinventEFv3.7.csv,ecoinventEFv3.7,,Ethylene diamine,"air/low population density, long-term",kg,,
Mapping/Input/Flowlists/ecoinventEFv3.7.csv,ecoinventEFv3.7,,Ethylene diamine,air/lower stratosphere + upper troposphere,kg,,
Mapping/Input/Flowlists/ecoinventEFv3.7.csv,ecoinventEFv3.7,,Ethylene diamine,air/non-urban air or from high stacks,kg,,
Mapping/Input/Flowlists/ecoinventEFv3.7.csv,ecoinventEFv3.7,,Ethylene diamine,air/unspecified,kg,,
Mapping/Input/Flowlists/ecoinventEFv3.7.csv,ecoinventEFv3.7,,Ethylene diamine,air/urban air close to ground,kg,,
Mapping/Input/Flowlists/ecoinventEFv3.7.csv,ecoinventEFv3.7,,Ethylene diamine,water/ground-,kg,,
Mapping/Input/Flowlists/ecoinventEFv3.7.csv,ecoinventEFv3.7,,Ethylene diamine,"water/ground-, long-term",kg,,
Mapping/Input/Flowlists/ecoinventEFv3.7.csv,ecoinventEFv3.7,,Ethylene diamine,water/ocean,kg,,
Mapping/Input/Flowlists/ecoinventEFv3.7.csv,ecoinventEFv3.7,,Ethylene diamine,water/surface water,kg,,
Mapping/Input/Flowlists/ecoinventEFv3.7.csv,ecoinventEFv3.7,,Ethylene diamine,water/unspecified,kg,,
Mapping/Input/Flowlists/ecoinventEFv3.7.csv,ecoinventEFv3.7,,Ethylene glycol monoethyl ether,"air/low population density, long-term",kg,,
Mapping/Input/Flowlists/ecoinventEFv3.7.csv,ecoinventEFv3.7,,Ethylene glycol monoethyl ether,air/lower stratosphere + upper troposphere,kg,,
Mapping/Input/Flowlists/ecoinventEFv3.7.csv,ecoinventEFv3.7,,Ethylene glycol monoethyl ether,air/non-urban air or from high stacks,kg,,
Mapping/Input/Flowlists/ecoinventEFv3.7.csv,ecoinventEFv3.7,,Ethylene glycol monoethyl ether,air/unspecified,kg,,
Mapping/Input/Flowlists/ecoinventEFv3.7.csv,ecoinventEFv3.7,,Ethylene glycol monoethyl ether,air/urban air close to ground,kg,,
Mapping/Input/Flowlists/ecoinventEFv3.7.csv,ecoinventEFv3.7,,Ethylene glycol monoethyl ether,water/ground-,kg,,
Mapping/Input/Flowlists/ecoinventEFv3.7.csv,ecoinventEFv3.7,,Ethylene glycol monoethyl ether,"water/ground-, long-term",kg,,
Mapping/Input/Flowlists/ecoinventEFv3.7.csv,ecoinventEFv3.7,,Ethylene glycol monoethyl ether,water/ocean,kg,,
Mapping/Input/Flowlists/ecoinventEFv3.7.csv,ecoinventEFv3.7,,Ethylene glycol monoethyl ether,water/surface water,kg,,
Mapping/Input/Flowlists/ecoinventEFv3.7.csv,ecoinventEFv3.7,,Ethylene glycol monoethyl ether,water/unspecified,kg,,
Mapping/Input/Flowlists/ecoinventEFv3.7.csv,ecoinventEFv3.7,,Ethylene oxide,"air/low population density, long-term",kg,,
Mapping/Input/Flowlists/ecoinventEFv3.7.csv,ecoinventEFv3.7,,Ethylene oxide,air/lower stratosphere + upper troposphere,kg,,
Mapping/Input/Flowlists/ecoinventEFv3.7.csv,ecoinventEFv3.7,,Ethylene oxide,air/non-urban air or from high stacks,kg,,
Mapping/Input/Flowlists/ecoinventEFv3.7.csv,ecoinventEFv3.7,,Ethylene oxide,air/unspecified,kg,,
Mapping/Input/Flowlists/ecoinventEFv3.7.csv,ecoinventEFv3.7,,Ethylene oxide,air/urban air close to ground,kg,,
Mapping/Input/Flowlists/ecoinventEFv3.7.csv,ecoinventEFv3.7,,Ethylene oxide,water/ground-,kg,,
Mapping/Input/Flowlists/ecoinventEFv3.7.csv,ecoinventEFv3.7,,Ethylene oxide,"water/ground-, long-term",kg,,
Mapping/Input/Flowlists/ecoinventEFv3.7.csv,ecoinventEFv3.7,,Ethylene oxide,water/ocean,kg,,
Mapping/Input/Flowlists/ecoinventEFv3.7.csv,ecoinventEFv3.7,,Ethylene oxide,water/surface water,kg,,
Mapping/Input/Flowlists/ecoinventEFv3.7.csv,ecoinventEFv3.7,,Ethylene oxide,water/unspecified,kg,,
Mapping/Input/Flowlists/ecoinventEFv3.7.csv,ecoinventEFv3.7,,Ethyne,"air/low population density, long-term",kg,,
Mapping/Input/Flowlists/ecoinventEFv3.7.csv,ecoinventEFv3.7,,Ethyne,air/lower stratosphere + upper troposphere,kg,,
Mapping/Input/Flowlists/ecoinventEFv3.7.csv,ecoinventEFv3.7,,Ethyne,air/non-urban air or from high stacks,kg,,
Mapping/Input/Flowlists/ecoinventEFv3.7.csv,ecoinventEFv3.7,,Ethyne,air/unspecified,kg,,
Mapping/Input/Flowlists/ecoinventEFv3.7.csv,ecoinventEFv3.7,,Ethyne,air/urban air close to ground,kg,,
Mapping/Input/Flowlists/ecoinventEFv3.7.csv,ecoinventEFv3.7,,Etoxazole,soil/agricultural,kg,,
Mapping/Input/Flowlists/ecoinventEFv3.7.csv,ecoinventEFv3.7,,Etridiazole,soil/agricultural,kg,,Tuban
Mapping/Input/Flowlists/ecoinventEFv3.7.csv,ecoinventEFv3.7,,"Europium, 0.06% in bastnasite, 0.006% in crude ore, in ground",natural resource/in ground,kg,,
Mapping/Input/Flowlists/ecoinventEFv3.7.csv,ecoinventEFv3.7,,"Europium, in ground",natural resource/in ground,kg,,
Mapping/Input/Flowlists/ecoinventEFv3.7.csv,ecoinventEFv3.7,,Famoxadone,soil/agricultural,kg,,
Mapping/Input/Flowlists/ecoinventEFv3.7.csv,ecoinventEFv3.7,,"Feldspar, in ground",natural resource/in ground,kg,,
Mapping/Input/Flowlists/ecoinventEFv3.7.csv,ecoinventEFv3.7,,Fenamidone,soil/agricultural,kg,,
Mapping/Input/Flowlists/ecoinventEFv3.7.csv,ecoinventEFv3.7,,Fenamiphos,soil/agricultural,kg,,
Mapping/Input/Flowlists/ecoinventEFv3.7.csv,ecoinventEFv3.7,,Fenazaquin,soil/agricultural,kg,,
Mapping/Input/Flowlists/ecoinventEFv3.7.csv,ecoinventEFv3.7,,Fenbuconazole,soil/agricultural,kg,,"(RS)-4-(4-chlorophenyl)-2-phenyl-2-(1H-1,2,4-triazol-1-ylmethyl)butyronitrile"
Mapping/Input/Flowlists/ecoinventEFv3.7.csv,ecoinventEFv3.7,,Fenbutatin oxide,soil/agricultural,kg,,
Mapping/Input/Flowlists/ecoinventEFv3.7.csv,ecoinventEFv3.7,,Fenfuram,soil/agricultural,kg,,
Mapping/Input/Flowlists/ecoinventEFv3.7.csv,ecoinventEFv3.7,,Fenhexamid,soil/agricultural,kg,,
Mapping/Input/Flowlists/ecoinventEFv3.7.csv,ecoinventEFv3.7,,Fenitrothion,soil/agricultural,kg,,
Mapping/Input/Flowlists/ecoinventEFv3.7.csv,ecoinventEFv3.7,,Fenoxaprop,air/non-urban air or from high stacks,kg,,
Mapping/Input/Flowlists/ecoinventEFv3.7.csv,ecoinventEFv3.7,,Fenoxaprop,soil/agricultural,kg,,"(RS)-2-[4-(6-chloro-1,3-benzoxazol-2-yloxy)phenoxy]propionic acid"
Mapping/Input/Flowlists/ecoinventEFv3.7.csv,ecoinventEFv3.7,,Fenoxaprop ethyl ester,soil/agricultural,kg,,
Mapping/Input/Flowlists/ecoinventEFv3.7.csv,ecoinventEFv3.7,,Fenoxaprop-P ethyl ester,soil/agricultural,kg,,Fenoxaprop-p-ethyl
Mapping/Input/Flowlists/ecoinventEFv3.7.csv,ecoinventEFv3.7,,Fenoxycarb,soil/agricultural,kg,,
Mapping/Input/Flowlists/ecoinventEFv3.7.csv,ecoinventEFv3.7,,Fenpiclonil,soil/agricultural,kg,,"4-(2,3-dichlorophenyl)pyrrole-3-carbonitrile"
Mapping/Input/Flowlists/ecoinventEFv3.7.csv,ecoinventEFv3.7,,Fenpropathrin,soil/agricultural,kg,,"alpha-cyano-3-phenoxybenzyl 2,2,3,3-tetramethylcyclopropanecarboxylate"
Mapping/Input/Flowlists/ecoinventEFv3.7.csv,ecoinventEFv3.7,,Fenpropidin,soil/agricultural,kg,,(RS)-1-[3-(4-tert-butylphenyl)-2-methylpropyl]piperidine
Mapping/Input/Flowlists/ecoinventEFv3.7.csv,ecoinventEFv3.7,,Fenpropimorph,soil/agricultural,kg,,"(+-)-cis-4-[3-(4-tert-butylphenyl)-2-methylpropyl]-2,6-dimethylmorpholine"
Mapping/Input/Flowlists/ecoinventEFv3.7.csv,ecoinventEFv3.7,,Fenpyroximate,soil/agricultural,kg,,
Mapping/Input/Flowlists/ecoinventEFv3.7.csv,ecoinventEFv3.7,,Fentin acetate,soil/agricultural,kg,,triphenyltin acetate
Mapping/Input/Flowlists/ecoinventEFv3.7.csv,ecoinventEFv3.7,,Fentin hydroxide,soil/agricultural,kg,,
Mapping/Input/Flowlists/ecoinventEFv3.7.csv,ecoinventEFv3.7,,Fipronil,soil/agricultural,kg,,
Mapping/Input/Flowlists/ecoinventEFv3.7.csv,ecoinventEFv3.7,,"Fish, demersal, in ocean",natural resource/biotic,kg,,
Mapping/Input/Flowlists/ecoinventEFv3.7.csv,ecoinventEFv3.7,,"Fish, pelagic, in ocean",natural resource/biotic,kg,,
Mapping/Input/Flowlists/ecoinventEFv3.7.csv,ecoinventEFv3.7,,Flazasulfuron,soil/agricultural,kg,,
Mapping/Input/Flowlists/ecoinventEFv3.7.csv,ecoinventEFv3.7,,Florasulam,soil/agricultural,kg,,Floransulam
Mapping/Input/Flowlists/ecoinventEFv3.7.csv,ecoinventEFv3.7,,Fluazifop,soil/agricultural,kg,,
Mapping/Input/Flowlists/ecoinventEFv3.7.csv,ecoinventEFv3.7,,Fluazifop-p-butyl,air/non-urban air or from high stacks,kg,,
Mapping/Input/Flowlists/ecoinventEFv3.7.csv,ecoinventEFv3.7,,Fluazifop-P-butyl,soil/agricultural,kg,,butyl-(R)-2-[4-(5-trifluormethyl-2-pyridyloxy)phenoxy]propionat
Mapping/Input/Flowlists/ecoinventEFv3.7.csv,ecoinventEFv3.7,,Fluazinam,soil/agricultural,kg,,PSM
Mapping/Input/Flowlists/ecoinventEFv3.7.csv,ecoinventEFv3.7,,Flucarbazone sodium salt,soil/agricultural,kg,,
Mapping/Input/Flowlists/ecoinventEFv3.7.csv,ecoinventEFv3.7,,Fludioxonil,soil/agricultural,kg,,"Pyrrole-3-carbonitrile, 4-(2,2-difluoro-1,3-benzodioxol-4-yl)-"
Mapping/Input/Flowlists/ecoinventEFv3.7.csv,ecoinventEFv3.7,,Flufenacet,air/non-urban air or from high stacks,kg,,
Mapping/Input/Flowlists/ecoinventEFv3.7.csv,ecoinventEFv3.7,,Flufenacet,soil/agricultural,kg,,
Mapping/Input/Flowlists/ecoinventEFv3.7.csv,ecoinventEFv3.7,,Flumetsulam,air/non-urban air or from high stacks,kg,,
Mapping/Input/Flowlists/ecoinventEFv3.7.csv,ecoinventEFv3.7,,Flumetsulam,soil/agricultural,kg,,"2′,6′-difluoro-5-methyl[1,2,4]triazolo[1,5-a]pyrimidine-2-sulfonanilide"
Mapping/Input/Flowlists/ecoinventEFv3.7.csv,ecoinventEFv3.7,,Flumiclorac-pentyl,air/non-urban air or from high stacks,kg,,
Mapping/Input/Flowlists/ecoinventEFv3.7.csv,ecoinventEFv3.7,,Flumiclorac-pentyl,soil/agricultural,kg,,
Mapping/Input/Flowlists/ecoinventEFv3.7.csv,ecoinventEFv3.7,,Flumioxazin,air/non-urban air or from high stacks,kg,,
Mapping/Input/Flowlists/ecoinventEFv3.7.csv,ecoinventEFv3.7,,Flumioxazin,soil/agricultural,kg,,
Mapping/Input/Flowlists/ecoinventEFv3.7.csv,ecoinventEFv3.7,,Fluoboric acid,water/ground-,kg,,
Mapping/Input/Flowlists/ecoinventEFv3.7.csv,ecoinventEFv3.7,,Fluoboric acid,"water/ground-, long-term",kg,,
Mapping/Input/Flowlists/ecoinventEFv3.7.csv,ecoinventEFv3.7,,Fluoboric acid,water/ocean,kg,,
Mapping/Input/Flowlists/ecoinventEFv3.7.csv,ecoinventEFv3.7,,Fluoboric acid,water/surface water,kg,,
Mapping/Input/Flowlists/ecoinventEFv3.7.csv,ecoinventEFv3.7,,Fluoboric acid,water/unspecified,kg,,
Mapping/Input/Flowlists/ecoinventEFv3.7.csv,ecoinventEFv3.7,,Fluometuron,soil/agricultural,kg,,herbicide c-2059
Mapping/Input/Flowlists/ecoinventEFv3.7.csv,ecoinventEFv3.7,,Fluoranthene,air/unspecified,kg,,
Mapping/Input/Flowlists/ecoinventEFv3.7.csv,ecoinventEFv3.7,,Fluoranthene,water/surface water,kg,,"1,2-Benzacenaphthene"
Mapping/Input/Flowlists/ecoinventEFv3.7.csv,ecoinventEFv3.7,,Fluorene,air/unspecified,kg,,
Mapping/Input/Flowlists/ecoinventEFv3.7.csv,ecoinventEFv3.7,,Fluorene,water/surface water,kg,,9H-Fluorene
Mapping/Input/Flowlists/ecoinventEFv3.7.csv,ecoinventEFv3.7,,Fluoride,soil/agricultural,kg,,
Mapping/Input/Flowlists/ecoinventEFv3.7.csv,ecoinventEFv3.7,,Fluoride,soil/forestry,kg,,
Mapping/Input/Flowlists/ecoinventEFv3.7.csv,ecoinventEFv3.7,,Fluoride,soil/industrial,kg,,
Mapping/Input/Flowlists/ecoinventEFv3.7.csv,ecoinventEFv3.7,,Fluoride,soil/unspecified,kg,,
Mapping/Input/Flowlists/ecoinventEFv3.7.csv,ecoinventEFv3.7,,Fluoride,water/ground-,kg,,
Mapping/Input/Flowlists/ecoinventEFv3.7.csv,ecoinventEFv3.7,,Fluoride,"water/ground-, long-term",kg,,
Mapping/Input/Flowlists/ecoinventEFv3.7.csv,ecoinventEFv3.7,,Fluoride,water/ocean,kg,,
Mapping/Input/Flowlists/ecoinventEFv3.7.csv,ecoinventEFv3.7,,Fluoride,water/surface water,kg,,
Mapping/Input/Flowlists/ecoinventEFv3.7.csv,ecoinventEFv3.7,,Fluoride,water/unspecified,kg,,
Mapping/Input/Flowlists/ecoinventEFv3.7.csv,ecoinventEFv3.7,,Fluorine,"air/low population density, long-term",kg,,
Mapping/Input/Flowlists/ecoinventEFv3.7.csv,ecoinventEFv3.7,,Fluorine,air/lower stratosphere + upper troposphere,kg,,
Mapping/Input/Flowlists/ecoinventEFv3.7.csv,ecoinventEFv3.7,,Fluorine,air/non-urban air or from high stacks,kg,,
Mapping/Input/Flowlists/ecoinventEFv3.7.csv,ecoinventEFv3.7,,Fluorine,air/unspecified,kg,,
Mapping/Input/Flowlists/ecoinventEFv3.7.csv,ecoinventEFv3.7,,Fluorine,air/urban air close to ground,kg,,
Mapping/Input/Flowlists/ecoinventEFv3.7.csv,ecoinventEFv3.7,,"Fluorine, 4.5% in apatite, 1% in crude ore, in ground",natural resource/in ground,kg,,
Mapping/Input/Flowlists/ecoinventEFv3.7.csv,ecoinventEFv3.7,,"Fluorine, 4.5% in apatite, 3% in crude ore, in ground",natural resource/in ground,kg,,
Mapping/Input/Flowlists/ecoinventEFv3.7.csv,ecoinventEFv3.7,,"Fluorine, in ground",natural resource/in ground,kg,,
Mapping/Input/Flowlists/ecoinventEFv3.7.csv,ecoinventEFv3.7,,Fluorochloridone,soil/agricultural,kg,,2-Pyrrolidon-3-chloro-4-chloromethyl-1-(3-trifluoromethylphenyl)
Mapping/Input/Flowlists/ecoinventEFv3.7.csv,ecoinventEFv3.7,,Fluoroglycofen,soil/agricultural,kg,,
Mapping/Input/Flowlists/ecoinventEFv3.7.csv,ecoinventEFv3.7,,Fluoroglycofen-ethyl,soil/agricultural,kg,,PSM
Mapping/Input/Flowlists/ecoinventEFv3.7.csv,ecoinventEFv3.7,,"Fluorspar, 92%, in ground",natural resource/in ground,kg,,CAS also 7789-75-5
Mapping/Input/Flowlists/ecoinventEFv3.7.csv,ecoinventEFv3.7,,"Fluorspar, in ground",natural resource/in ground,kg,,
Mapping/Input/Flowlists/ecoinventEFv3.7.csv,ecoinventEFv3.7,,Fluosilicic acid,"air/low population density, long-term",kg,,
Mapping/Input/Flowlists/ecoinventEFv3.7.csv,ecoinventEFv3.7,,Fluosilicic acid,air/lower stratosphere + upper troposphere,kg,,
Mapping/Input/Flowlists/ecoinventEFv3.7.csv,ecoinventEFv3.7,,Fluosilicic acid,air/non-urban air or from high stacks,kg,,
Mapping/Input/Flowlists/ecoinventEFv3.7.csv,ecoinventEFv3.7,,Fluosilicic acid,air/unspecified,kg,,
Mapping/Input/Flowlists/ecoinventEFv3.7.csv,ecoinventEFv3.7,,Fluosilicic acid,air/urban air close to ground,kg,,
Mapping/Input/Flowlists/ecoinventEFv3.7.csv,ecoinventEFv3.7,,Fluosilicic acid,water/ground-,kg,,
Mapping/Input/Flowlists/ecoinventEFv3.7.csv,ecoinventEFv3.7,,Fluosilicic acid,"water/ground-, long-term",kg,,
Mapping/Input/Flowlists/ecoinventEFv3.7.csv,ecoinventEFv3.7,,Fluosilicic acid,water/ocean,kg,,
Mapping/Input/Flowlists/ecoinventEFv3.7.csv,ecoinventEFv3.7,,Fluosilicic acid,water/surface water,kg,,
Mapping/Input/Flowlists/ecoinventEFv3.7.csv,ecoinventEFv3.7,,Fluosilicic acid,water/unspecified,kg,,
Mapping/Input/Flowlists/ecoinventEFv3.7.csv,ecoinventEFv3.7,,Flupyrsulfuron-methyl,soil/agricultural,kg,,
Mapping/Input/Flowlists/ecoinventEFv3.7.csv,ecoinventEFv3.7,,Fluquinconazole,soil/agricultural,kg,,"3-(2,4-dichlorophenyl)-6-fluoro-2-(1H-1,2,4-triazol-1-yl)quinazolin-4(3H)-one"
Mapping/Input/Flowlists/ecoinventEFv3.7.csv,ecoinventEFv3.7,,Flurenol,soil/agricultural,kg,,
Mapping/Input/Flowlists/ecoinventEFv3.7.csv,ecoinventEFv3.7,,Flurochloridone,soil/agricultural,kg,,
Mapping/Input/Flowlists/ecoinventEFv3.7.csv,ecoinventEFv3.7,,Fluroxypyr,soil/agricultural,kg,,"4-amino-3,5-dichloro-6-fluoro-2-pyridyloxyacetic acid"
Mapping/Input/Flowlists/ecoinventEFv3.7.csv,ecoinventEFv3.7,,Flurtamone,soil/agricultural,kg,,flurtamone
Mapping/Input/Flowlists/ecoinventEFv3.7.csv,ecoinventEFv3.7,,Flusilazole,soil/agricultural,kg,,"bis(4-fluorophenyl)(methyl)(1H-1,2,4-triazol-1-ylmethyl)silane"
Mapping/Input/Flowlists/ecoinventEFv3.7.csv,ecoinventEFv3.7,,Flutolanil,soil/agricultural,kg,,N-(3-(1-methylethoxy)phenyl)-2-(trifluoromethyl)benzamide
Mapping/Input/Flowlists/ecoinventEFv3.7.csv,ecoinventEFv3.7,,Folpet,soil/agricultural,kg,,
Mapping/Input/Flowlists/ecoinventEFv3.7.csv,ecoinventEFv3.7,,Fomesafen,air/non-urban air or from high stacks,kg,,
Mapping/Input/Flowlists/ecoinventEFv3.7.csv,ecoinventEFv3.7,,Fomesafen,soil/agricultural,kg,,"5-(2-chloro-α,α,α-trifluoro-p-tolyloxy)-N-mesyl-2-nitrobenzamide"
Mapping/Input/Flowlists/ecoinventEFv3.7.csv,ecoinventEFv3.7,,Fonofos,soil/agricultural,kg,,
Mapping/Input/Flowlists/ecoinventEFv3.7.csv,ecoinventEFv3.7,,Foramsulfuron,soil/agricultural,kg,,
Mapping/Input/Flowlists/ecoinventEFv3.7.csv,ecoinventEFv3.7,,Formaldehyde,"air/low population density, long-term",kg,,
Mapping/Input/Flowlists/ecoinventEFv3.7.csv,ecoinventEFv3.7,,Formaldehyde,air/lower stratosphere + upper troposphere,kg,,
Mapping/Input/Flowlists/ecoinventEFv3.7.csv,ecoinventEFv3.7,,Formaldehyde,air/non-urban air or from high stacks,kg,,
Mapping/Input/Flowlists/ecoinventEFv3.7.csv,ecoinventEFv3.7,,Formaldehyde,air/unspecified,kg,,
Mapping/Input/Flowlists/ecoinventEFv3.7.csv,ecoinventEFv3.7,,Formaldehyde,air/urban air close to ground,kg,,
Mapping/Input/Flowlists/ecoinventEFv3.7.csv,ecoinventEFv3.7,,Formaldehyde,water/ground-,kg,,
Mapping/Input/Flowlists/ecoinventEFv3.7.csv,ecoinventEFv3.7,,Formaldehyde,"water/ground-, long-term",kg,,
Mapping/Input/Flowlists/ecoinventEFv3.7.csv,ecoinventEFv3.7,,Formaldehyde,water/ocean,kg,,
Mapping/Input/Flowlists/ecoinventEFv3.7.csv,ecoinventEFv3.7,,Formaldehyde,water/surface water,kg,,
Mapping/Input/Flowlists/ecoinventEFv3.7.csv,ecoinventEFv3.7,,Formaldehyde,water/unspecified,kg,,
Mapping/Input/Flowlists/ecoinventEFv3.7.csv,ecoinventEFv3.7,,Formamide,"air/low population density, long-term",kg,,"methanamide, carbamaldehyde"
Mapping/Input/Flowlists/ecoinventEFv3.7.csv,ecoinventEFv3.7,,Formamide,air/lower stratosphere + upper troposphere,kg,,"methanamide, carbamaldehyde"
Mapping/Input/Flowlists/ecoinventEFv3.7.csv,ecoinventEFv3.7,,Formamide,air/non-urban air or from high stacks,kg,,"methanamide, carbamaldehyde"
Mapping/Input/Flowlists/ecoinventEFv3.7.csv,ecoinventEFv3.7,,Formamide,air/unspecified,kg,,"methanamide, carbamaldehyde"
Mapping/Input/Flowlists/ecoinventEFv3.7.csv,ecoinventEFv3.7,,Formamide,air/urban air close to ground,kg,,"methanamide, carbamaldehyde"
Mapping/Input/Flowlists/ecoinventEFv3.7.csv,ecoinventEFv3.7,,Formamide,water/ground-,kg,,"methanamide, carbamaldehyde"
Mapping/Input/Flowlists/ecoinventEFv3.7.csv,ecoinventEFv3.7,,Formamide,"water/ground-, long-term",kg,,"methanamide, carbamaldehyde"
Mapping/Input/Flowlists/ecoinventEFv3.7.csv,ecoinventEFv3.7,,Formamide,water/ocean,kg,,"methanamide, carbamaldehyde"
Mapping/Input/Flowlists/ecoinventEFv3.7.csv,ecoinventEFv3.7,,Formamide,water/surface water,kg,,"methanamide, carbamaldehyde"
Mapping/Input/Flowlists/ecoinventEFv3.7.csv,ecoinventEFv3.7,,Formamide,water/unspecified,kg,,"methanamide, carbamaldehyde"
Mapping/Input/Flowlists/ecoinventEFv3.7.csv,ecoinventEFv3.7,,Formate,water/ground-,kg,,"formate ion, methanoate ion"
Mapping/Input/Flowlists/ecoinventEFv3.7.csv,ecoinventEFv3.7,,Formate,"water/ground-, long-term",kg,,"formate ion, methanoate ion"
Mapping/Input/Flowlists/ecoinventEFv3.7.csv,ecoinventEFv3.7,,Formate,water/ocean,kg,,"formate ion, methanoate ion"
Mapping/Input/Flowlists/ecoinventEFv3.7.csv,ecoinventEFv3.7,,Formate,water/surface water,kg,,"formate ion, methanoate ion"
Mapping/Input/Flowlists/ecoinventEFv3.7.csv,ecoinventEFv3.7,,Formate,water/unspecified,kg,,"formate ion, methanoate ion"
Mapping/Input/Flowlists/ecoinventEFv3.7.csv,ecoinventEFv3.7,,Formic acid,"air/low population density, long-term",kg,,
Mapping/Input/Flowlists/ecoinventEFv3.7.csv,ecoinventEFv3.7,,Formic acid,air/lower stratosphere + upper troposphere,kg,,
Mapping/Input/Flowlists/ecoinventEFv3.7.csv,ecoinventEFv3.7,,Formic acid,air/non-urban air or from high stacks,kg,,
Mapping/Input/Flowlists/ecoinventEFv3.7.csv,ecoinventEFv3.7,,Formic acid,air/unspecified,kg,,
Mapping/Input/Flowlists/ecoinventEFv3.7.csv,ecoinventEFv3.7,,Formic acid,air/urban air close to ground,kg,,
Mapping/Input/Flowlists/ecoinventEFv3.7.csv,ecoinventEFv3.7,,Formic acid,water/ground-,kg,,"aminic acid, formylic acid, hydrogen carboxylic acid, methanoic acid"
Mapping/Input/Flowlists/ecoinventEFv3.7.csv,ecoinventEFv3.7,,Formic acid,"water/ground-, long-term",kg,,"aminic acid, formylic acid, hydrogen carboxylic acid, methanoic acid"
Mapping/Input/Flowlists/ecoinventEFv3.7.csv,ecoinventEFv3.7,,Formic acid,water/ocean,kg,,"aminic acid, formylic acid, hydrogen carboxylic acid, methanoic acid"
Mapping/Input/Flowlists/ecoinventEFv3.7.csv,ecoinventEFv3.7,,Formic acid,water/surface water,kg,,"aminic acid, formylic acid, hydrogen carboxylic acid, methanoic acid"
Mapping/Input/Flowlists/ecoinventEFv3.7.csv,ecoinventEFv3.7,,Formic acid,water/unspecified,kg,,"aminic acid, formylic acid, hydrogen carboxylic acid, methanoic acid"
Mapping/Input/Flowlists/ecoinventEFv3.7.csv,ecoinventEFv3.7,,Fosetyl,soil/agricultural,kg,,
Mapping/Input/Flowlists/ecoinventEFv3.7.csv,ecoinventEFv3.7,,Fosetyl-aluminium,soil/agricultural,kg,,Fosetyl-Al
Mapping/Input/Flowlists/ecoinventEFv3.7.csv,ecoinventEFv3.7,,Fresh water (obsolete),water/surface water,m3,,
Mapping/Input/Flowlists/ecoinventEFv3.7.csv,ecoinventEFv3.7,,Fuberidazole,soil/agricultural,kg,,VII/177
Mapping/Input/Flowlists/ecoinventEFv3.7.csv,ecoinventEFv3.7,,"Fungicides, unspecified",soil/agricultural,kg,,
Mapping/Input/Flowlists/ecoinventEFv3.7.csv,ecoinventEFv3.7,,"Fungicides, unspecified",water/ground-,kg,,
Mapping/Input/Flowlists/ecoinventEFv3.7.csv,ecoinventEFv3.7,,"Fungicides, unspecified","water/ground-, long-term",kg,,
Mapping/Input/Flowlists/ecoinventEFv3.7.csv,ecoinventEFv3.7,,"Fungicides, unspecified",water/ocean,kg,,
Mapping/Input/Flowlists/ecoinventEFv3.7.csv,ecoinventEFv3.7,,"Fungicides, unspecified",water/surface water,kg,,
Mapping/Input/Flowlists/ecoinventEFv3.7.csv,ecoinventEFv3.7,,"Fungicides, unspecified",water/unspecified,kg,,
Mapping/Input/Flowlists/ecoinventEFv3.7.csv,ecoinventEFv3.7,,Furalaxyl,soil/agricultural,kg,,
Mapping/Input/Flowlists/ecoinventEFv3.7.csv,ecoinventEFv3.7,,Furan,"air/low population density, long-term",kg,,Axole
Mapping/Input/Flowlists/ecoinventEFv3.7.csv,ecoinventEFv3.7,,Furan,air/lower stratosphere + upper troposphere,kg,,Oxacyclopentadiene
Mapping/Input/Flowlists/ecoinventEFv3.7.csv,ecoinventEFv3.7,,Furan,air/non-urban air or from high stacks,kg,,
Mapping/Input/Flowlists/ecoinventEFv3.7.csv,ecoinventEFv3.7,,Furan,air/unspecified,kg,,furfuran
Mapping/Input/Flowlists/ecoinventEFv3.7.csv,ecoinventEFv3.7,,Furan,air/urban air close to ground,kg,,Oxacyclopentadiene
Mapping/Input/Flowlists/ecoinventEFv3.7.csv,ecoinventEFv3.7,,Furathiocarb,soil/agricultural,kg,,"butyl 2,3-dihydro-2,2-dimethylbenzofuran-7-yl N,N′-dimethyl-N,N′-thiodicarbamate"
Mapping/Input/Flowlists/ecoinventEFv3.7.csv,ecoinventEFv3.7,,Furfural,air/unspecified,kg,,
Mapping/Input/Flowlists/ecoinventEFv3.7.csv,ecoinventEFv3.7,,"Gadolinium, 0.15% in bastnasite, 0.015% in crude ore, in ground",natural resource/in ground,kg,,
Mapping/Input/Flowlists/ecoinventEFv3.7.csv,ecoinventEFv3.7,,"Gadolinium, in ground",natural resource/in ground,kg,,
Mapping/Input/Flowlists/ecoinventEFv3.7.csv,ecoinventEFv3.7,,"Gallium, 0.014% in bauxite, in ground",natural resource/in ground,kg,,
Mapping/Input/Flowlists/ecoinventEFv3.7.csv,ecoinventEFv3.7,,"Gallium, in ground",natural resource/in ground,kg,,
Mapping/Input/Flowlists/ecoinventEFv3.7.csv,ecoinventEFv3.7,,"Gangue, bauxite, in ground",natural resource/in ground,kg,,
Mapping/Input/Flowlists/ecoinventEFv3.7.csv,ecoinventEFv3.7,,"Gangue, in ground",natural resource/in ground,kg,,
Mapping/Input/Flowlists/ecoinventEFv3.7.csv,ecoinventEFv3.7,,"Gas, mine, off-gas, process, coal mining",natural resource/in ground,m3,,
Mapping/Input/Flowlists/ecoinventEFv3.7.csv,ecoinventEFv3.7,,"Gas, natural, in ground",natural resource/in ground,m3,,
Mapping/Input/Flowlists/ecoinventEFv3.7.csv,ecoinventEFv3.7,,"Germanium, in ground",natural resource/in ground,kg,,Germane
Mapping/Input/Flowlists/ecoinventEFv3.7.csv,ecoinventEFv3.7,,Glucose,water/unspecified,kg,,
Mapping/Input/Flowlists/ecoinventEFv3.7.csv,ecoinventEFv3.7,,Glufosinate,soil/agricultural,kg,,4-[hydroxy(methyl)phosphinoyl]-DL-homoalanine
Mapping/Input/Flowlists/ecoinventEFv3.7.csv,ecoinventEFv3.7,,Glufosinate ammonium,soil/agricultural,kg,,Monoammonium 2-amino-4(hydroxymethylphosphinyl)butanoate
Mapping/Input/Flowlists/ecoinventEFv3.7.csv,ecoinventEFv3.7,,Glutaraldehyde,water/ground-,kg,,
Mapping/Input/Flowlists/ecoinventEFv3.7.csv,ecoinventEFv3.7,,Glutaraldehyde,"water/ground-, long-term",kg,,
Mapping/Input/Flowlists/ecoinventEFv3.7.csv,ecoinventEFv3.7,,Glutaraldehyde,water/ocean,kg,,
Mapping/Input/Flowlists/ecoinventEFv3.7.csv,ecoinventEFv3.7,,Glutaraldehyde,water/surface water,kg,,
Mapping/Input/Flowlists/ecoinventEFv3.7.csv,ecoinventEFv3.7,,Glutaraldehyde,water/unspecified,kg,,
Mapping/Input/Flowlists/ecoinventEFv3.7.csv,ecoinventEFv3.7,,Glyphosate,air/non-urban air or from high stacks,kg,,
Mapping/Input/Flowlists/ecoinventEFv3.7.csv,ecoinventEFv3.7,,Glyphosate,soil/agricultural,kg,,
Mapping/Input/Flowlists/ecoinventEFv3.7.csv,ecoinventEFv3.7,,Glyphosate,soil/industrial,kg,,N-(phosphonomethyl)glycine
Mapping/Input/Flowlists/ecoinventEFv3.7.csv,ecoinventEFv3.7,,Glyphosate,water/ground-,kg,,N-(phosphonomethyl)glycine
Mapping/Input/Flowlists/ecoinventEFv3.7.csv,ecoinventEFv3.7,,Glyphosate,water/surface water,kg,,N-(phosphonomethyl)glycine
Mapping/Input/Flowlists/ecoinventEFv3.7.csv,ecoinventEFv3.7,,Glyphosate,water/unspecified,kg,,N-(phosphonomethyl)glycine
Mapping/Input/Flowlists/ecoinventEFv3.7.csv,ecoinventEFv3.7,,Gold,water/ground-,kg,,
Mapping/Input/Flowlists/ecoinventEFv3.7.csv,ecoinventEFv3.7,,Gold,"water/ground-, long-term",kg,,
Mapping/Input/Flowlists/ecoinventEFv3.7.csv,ecoinventEFv3.7,,Gold,water/ocean,kg,,
Mapping/Input/Flowlists/ecoinventEFv3.7.csv,ecoinventEFv3.7,,Gold,water/surface water,kg,,
Mapping/Input/Flowlists/ecoinventEFv3.7.csv,ecoinventEFv3.7,,Gold,water/unspecified,kg,,
Mapping/Input/Flowlists/ecoinventEFv3.7.csv,ecoinventEFv3.7,,"Gold, Au 1.0E-7%, in mixed ore, in ground",natural resource/in ground,kg,,
Mapping/Input/Flowlists/ecoinventEFv3.7.csv,ecoinventEFv3.7,,"Gold, Au 1.1E-4%, Ag 4.2E-3%, in ore, in ground",natural resource/in ground,kg,,
Mapping/Input/Flowlists/ecoinventEFv3.7.csv,ecoinventEFv3.7,,"Gold, Au 1.3E-4%, Ag 4.6E-5%, in ore, in ground",natural resource/in ground,kg,,
Mapping/Input/Flowlists/ecoinventEFv3.7.csv,ecoinventEFv3.7,,"Gold, Au 1.4E-4%, in ore, in ground",natural resource/in ground,kg,,
Mapping/Input/Flowlists/ecoinventEFv3.7.csv,ecoinventEFv3.7,,"Gold, Au 1.8E-4%, in mixed ore, in ground",natural resource/in ground,kg,,
Mapping/Input/Flowlists/ecoinventEFv3.7.csv,ecoinventEFv3.7,,"Gold, Au 2.1E-4%, Ag 2.1E-4%, in ore, in ground",natural resource/in ground,kg,,
Mapping/Input/Flowlists/ecoinventEFv3.7.csv,ecoinventEFv3.7,,"Gold, Au 4.3E-4%, in ore, in ground",natural resource/in ground,kg,,
Mapping/Input/Flowlists/ecoinventEFv3.7.csv,ecoinventEFv3.7,,"Gold, Au 4.9E-5%, in ore, in ground",natural resource/in ground,kg,,
Mapping/Input/Flowlists/ecoinventEFv3.7.csv,ecoinventEFv3.7,,"Gold, Au 5.4E-4%, Ag 1.5E-5%, in ore, in ground",natural resource/in ground,kg,,
Mapping/Input/Flowlists/ecoinventEFv3.7.csv,ecoinventEFv3.7,,"Gold, Au 6.7E-4%, in ore, in ground",natural resource/in ground,kg,,
Mapping/Input/Flowlists/ecoinventEFv3.7.csv,ecoinventEFv3.7,,"Gold, Au 6.8E-4%, Ag 1.5E-4%, in ore, in ground",natural resource/in ground,kg,,
Mapping/Input/Flowlists/ecoinventEFv3.7.csv,ecoinventEFv3.7,,"Gold, Au 7.1E-4%, in ore, in ground",natural resource/in ground,kg,,
Mapping/Input/Flowlists/ecoinventEFv3.7.csv,ecoinventEFv3.7,,"Gold, Au 9.7E-4%, in mixed ore, in ground",natural resource/in ground,kg,,
Mapping/Input/Flowlists/ecoinventEFv3.7.csv,ecoinventEFv3.7,,"Gold, Au 9.7E-5%, Ag 7.6E-5%, in ore, in ground",natural resource/in ground,kg,,
Mapping/Input/Flowlists/ecoinventEFv3.7.csv,ecoinventEFv3.7,,"Gold, in ground",natural resource/in ground,kg,,
Mapping/Input/Flowlists/ecoinventEFv3.7.csv,ecoinventEFv3.7,,"Granite, in ground",natural resource/in ground,kg,,
Mapping/Input/Flowlists/ecoinventEFv3.7.csv,ecoinventEFv3.7,,"Gravel, in ground",natural resource/in ground,kg,,
Mapping/Input/Flowlists/ecoinventEFv3.7.csv,ecoinventEFv3.7,,Guazatine,soil/agricultural,kg,,
Mapping/Input/Flowlists/ecoinventEFv3.7.csv,ecoinventEFv3.7,,"Gypsum, in ground",natural resource/in ground,kg,,Calcium sulfate dihydrate
Mapping/Input/Flowlists/ecoinventEFv3.7.csv,ecoinventEFv3.7,,"Hafnium, in ground",natural resource/in ground,kg,,
Mapping/Input/Flowlists/ecoinventEFv3.7.csv,ecoinventEFv3.7,,Halosulfuron-methyl,soil/agricultural,kg,,NC-319
Mapping/Input/Flowlists/ecoinventEFv3.7.csv,ecoinventEFv3.7,,Haloxyfop- (R) Methylester,soil/agricultural,kg,,
Mapping/Input/Flowlists/ecoinventEFv3.7.csv,ecoinventEFv3.7,,Haloxyfop-P-methyl,soil/agricultural,kg,,
Mapping/Input/Flowlists/ecoinventEFv3.7.csv,ecoinventEFv3.7,,"Heat, waste","air/low population density, long-term",MJ,,
Mapping/Input/Flowlists/ecoinventEFv3.7.csv,ecoinventEFv3.7,,"Heat, waste",air/lower stratosphere + upper troposphere,MJ,,
Mapping/Input/Flowlists/ecoinventEFv3.7.csv,ecoinventEFv3.7,,"Heat, waste",air/non-urban air or from high stacks,MJ,,
Mapping/Input/Flowlists/ecoinventEFv3.7.csv,ecoinventEFv3.7,,"Heat, waste",air/unspecified,MJ,,
Mapping/Input/Flowlists/ecoinventEFv3.7.csv,ecoinventEFv3.7,,"Heat, waste",air/urban air close to ground,MJ,,
Mapping/Input/Flowlists/ecoinventEFv3.7.csv,ecoinventEFv3.7,,"Heat, waste",soil/agricultural,MJ,,
Mapping/Input/Flowlists/ecoinventEFv3.7.csv,ecoinventEFv3.7,,"Heat, waste",soil/forestry,MJ,,
Mapping/Input/Flowlists/ecoinventEFv3.7.csv,ecoinventEFv3.7,,"Heat, waste",soil/industrial,MJ,,
Mapping/Input/Flowlists/ecoinventEFv3.7.csv,ecoinventEFv3.7,,"Heat, waste",soil/unspecified,MJ,,
Mapping/Input/Flowlists/ecoinventEFv3.7.csv,ecoinventEFv3.7,,"Heat, waste",water/ground-,MJ,,
Mapping/Input/Flowlists/ecoinventEFv3.7.csv,ecoinventEFv3.7,,"Heat, waste","water/ground-, long-term",MJ,,
Mapping/Input/Flowlists/ecoinventEFv3.7.csv,ecoinventEFv3.7,,"Heat, waste",water/ocean,MJ,,
Mapping/Input/Flowlists/ecoinventEFv3.7.csv,ecoinventEFv3.7,,"Heat, waste",water/surface water,MJ,,
Mapping/Input/Flowlists/ecoinventEFv3.7.csv,ecoinventEFv3.7,,"Heat, waste",water/unspecified,MJ,,
Mapping/Input/Flowlists/ecoinventEFv3.7.csv,ecoinventEFv3.7,,Helium,"air/low population density, long-term",kg,,
Mapping/Input/Flowlists/ecoinventEFv3.7.csv,ecoinventEFv3.7,,Helium,air/lower stratosphere + upper troposphere,kg,,
Mapping/Input/Flowlists/ecoinventEFv3.7.csv,ecoinventEFv3.7,,Helium,air/non-urban air or from high stacks,kg,,
Mapping/Input/Flowlists/ecoinventEFv3.7.csv,ecoinventEFv3.7,,Helium,air/unspecified,kg,,
Mapping/Input/Flowlists/ecoinventEFv3.7.csv,ecoinventEFv3.7,,Helium,air/urban air close to ground,kg,,
Mapping/Input/Flowlists/ecoinventEFv3.7.csv,ecoinventEFv3.7,,"Helium, 0.08% in natural gas, in ground",natural resource/in ground,kg,,
Mapping/Input/Flowlists/ecoinventEFv3.7.csv,ecoinventEFv3.7,,"Helium, in natural gas, in ground",natural resource/in ground,kg,,
Mapping/Input/Flowlists/ecoinventEFv3.7.csv,ecoinventEFv3.7,,Heptane,"air/low population density, long-term",kg,,
Mapping/Input/Flowlists/ecoinventEFv3.7.csv,ecoinventEFv3.7,,Heptane,air/lower stratosphere + upper troposphere,kg,,
Mapping/Input/Flowlists/ecoinventEFv3.7.csv,ecoinventEFv3.7,,Heptane,air/non-urban air or from high stacks,kg,,
Mapping/Input/Flowlists/ecoinventEFv3.7.csv,ecoinventEFv3.7,,Heptane,air/unspecified,kg,,
Mapping/Input/Flowlists/ecoinventEFv3.7.csv,ecoinventEFv3.7,,Heptane,air/urban air close to ground,kg,,
Mapping/Input/Flowlists/ecoinventEFv3.7.csv,ecoinventEFv3.7,,Heptenophos,soil/agricultural,kg,,
Mapping/Input/Flowlists/ecoinventEFv3.7.csv,ecoinventEFv3.7,,"Herbicides, unspecified",soil/agricultural,kg,,
Mapping/Input/Flowlists/ecoinventEFv3.7.csv,ecoinventEFv3.7,,"Herbicides, unspecified",water/ground-,kg,,
Mapping/Input/Flowlists/ecoinventEFv3.7.csv,ecoinventEFv3.7,,"Herbicides, unspecified","water/ground-, long-term",kg,,
Mapping/Input/Flowlists/ecoinventEFv3.7.csv,ecoinventEFv3.7,,"Herbicides, unspecified",water/ocean,kg,,
Mapping/Input/Flowlists/ecoinventEFv3.7.csv,ecoinventEFv3.7,,"Herbicides, unspecified",water/surface water,kg,,
Mapping/Input/Flowlists/ecoinventEFv3.7.csv,ecoinventEFv3.7,,"Herbicides, unspecified",water/unspecified,kg,,
Mapping/Input/Flowlists/ecoinventEFv3.7.csv,ecoinventEFv3.7,,Hexaconazole,soil/agricultural,kg,,"(RS)-2-(2,4-dichlorophenyl)-1-(1H-1,2,4-triazol-1-yl)hexan-2-ol"
Mapping/Input/Flowlists/ecoinventEFv3.7.csv,ecoinventEFv3.7,,Hexaflumuron,soil/agricultural,kg,,
Mapping/Input/Flowlists/ecoinventEFv3.7.csv,ecoinventEFv3.7,,Hexamethyldisilizane,"air/low population density, long-term",kg,,HMDS
Mapping/Input/Flowlists/ecoinventEFv3.7.csv,ecoinventEFv3.7,,Hexamethyldisilizane,air/lower stratosphere + upper troposphere,kg,,HMDS
Mapping/Input/Flowlists/ecoinventEFv3.7.csv,ecoinventEFv3.7,,Hexamethyldisilizane,air/non-urban air or from high stacks,kg,,HMDS
Mapping/Input/Flowlists/ecoinventEFv3.7.csv,ecoinventEFv3.7,,Hexamethyldisilizane,air/unspecified,kg,,HMDS
Mapping/Input/Flowlists/ecoinventEFv3.7.csv,ecoinventEFv3.7,,Hexamethyldisilizane,air/urban air close to ground,kg,,HMDS
Mapping/Input/Flowlists/ecoinventEFv3.7.csv,ecoinventEFv3.7,,Hexane,"air/low population density, long-term",kg,,
Mapping/Input/Flowlists/ecoinventEFv3.7.csv,ecoinventEFv3.7,,Hexane,air/lower stratosphere + upper troposphere,kg,,
Mapping/Input/Flowlists/ecoinventEFv3.7.csv,ecoinventEFv3.7,,Hexane,air/non-urban air or from high stacks,kg,,
Mapping/Input/Flowlists/ecoinventEFv3.7.csv,ecoinventEFv3.7,,Hexane,air/unspecified,kg,,
Mapping/Input/Flowlists/ecoinventEFv3.7.csv,ecoinventEFv3.7,,Hexane,air/urban air close to ground,kg,,
Mapping/Input/Flowlists/ecoinventEFv3.7.csv,ecoinventEFv3.7,,Hexane,water/ground-,kg,,
Mapping/Input/Flowlists/ecoinventEFv3.7.csv,ecoinventEFv3.7,,Hexane,"water/ground-, long-term",kg,,
Mapping/Input/Flowlists/ecoinventEFv3.7.csv,ecoinventEFv3.7,,Hexane,water/ocean,kg,,
Mapping/Input/Flowlists/ecoinventEFv3.7.csv,ecoinventEFv3.7,,Hexane,water/surface water,kg,,
Mapping/Input/Flowlists/ecoinventEFv3.7.csv,ecoinventEFv3.7,,Hexane,water/unspecified,kg,,
Mapping/Input/Flowlists/ecoinventEFv3.7.csv,ecoinventEFv3.7,,Hexazinone,soil/agricultural,kg,,Velpar
Mapping/Input/Flowlists/ecoinventEFv3.7.csv,ecoinventEFv3.7,,Hexythiazox,soil/agricultural,kg,,
Mapping/Input/Flowlists/ecoinventEFv3.7.csv,ecoinventEFv3.7,,"Holmium, in ground",natural resource/in ground,kg,,
Mapping/Input/Flowlists/ecoinventEFv3.7.csv,ecoinventEFv3.7,,Hydramethylnon,soil/agricultural,kg,,Wipeout
Mapping/Input/Flowlists/ecoinventEFv3.7.csv,ecoinventEFv3.7,,Hydrazine,water/ground-,kg,,
Mapping/Input/Flowlists/ecoinventEFv3.7.csv,ecoinventEFv3.7,,Hydrazine,"water/ground-, long-term",kg,,
Mapping/Input/Flowlists/ecoinventEFv3.7.csv,ecoinventEFv3.7,,Hydrazine,water/ocean,kg,,
Mapping/Input/Flowlists/ecoinventEFv3.7.csv,ecoinventEFv3.7,,Hydrazine,water/surface water,kg,,
Mapping/Input/Flowlists/ecoinventEFv3.7.csv,ecoinventEFv3.7,,Hydrazine,water/unspecified,kg,,
Mapping/Input/Flowlists/ecoinventEFv3.7.csv,ecoinventEFv3.7,,"Hydrocarbons, aliphatic, alkanes, cyclic","air/low population density, long-term",kg,,
Mapping/Input/Flowlists/ecoinventEFv3.7.csv,ecoinventEFv3.7,,"Hydrocarbons, aliphatic, alkanes, cyclic",air/lower stratosphere + upper troposphere,kg,,
Mapping/Input/Flowlists/ecoinventEFv3.7.csv,ecoinventEFv3.7,,"Hydrocarbons, aliphatic, alkanes, cyclic",air/non-urban air or from high stacks,kg,,
Mapping/Input/Flowlists/ecoinventEFv3.7.csv,ecoinventEFv3.7,,"Hydrocarbons, aliphatic, alkanes, cyclic",air/unspecified,kg,,
Mapping/Input/Flowlists/ecoinventEFv3.7.csv,ecoinventEFv3.7,,"Hydrocarbons, aliphatic, alkanes, cyclic",air/urban air close to ground,kg,,
Mapping/Input/Flowlists/ecoinventEFv3.7.csv,ecoinventEFv3.7,,"Hydrocarbons, aliphatic, alkanes, unspecified","air/low population density, long-term",kg,,
Mapping/Input/Flowlists/ecoinventEFv3.7.csv,ecoinventEFv3.7,,"Hydrocarbons, aliphatic, alkanes, unspecified",air/lower stratosphere + upper troposphere,kg,,
Mapping/Input/Flowlists/ecoinventEFv3.7.csv,ecoinventEFv3.7,,"Hydrocarbons, aliphatic, alkanes, unspecified",air/non-urban air or from high stacks,kg,,
Mapping/Input/Flowlists/ecoinventEFv3.7.csv,ecoinventEFv3.7,,"Hydrocarbons, aliphatic, alkanes, unspecified",air/unspecified,kg,,
Mapping/Input/Flowlists/ecoinventEFv3.7.csv,ecoinventEFv3.7,,"Hydrocarbons, aliphatic, alkanes, unspecified",air/urban air close to ground,kg,,
Mapping/Input/Flowlists/ecoinventEFv3.7.csv,ecoinventEFv3.7,,"Hydrocarbons, aliphatic, alkanes, unspecified",water/ground-,kg,,
Mapping/Input/Flowlists/ecoinventEFv3.7.csv,ecoinventEFv3.7,,"Hydrocarbons, aliphatic, alkanes, unspecified","water/ground-, long-term",kg,,
Mapping/Input/Flowlists/ecoinventEFv3.7.csv,ecoinventEFv3.7,,"Hydrocarbons, aliphatic, alkanes, unspecified",water/ocean,kg,,
Mapping/Input/Flowlists/ecoinventEFv3.7.csv,ecoinventEFv3.7,,"Hydrocarbons, aliphatic, alkanes, unspecified",water/surface water,kg,,
Mapping/Input/Flowlists/ecoinventEFv3.7.csv,ecoinventEFv3.7,,"Hydrocarbons, aliphatic, alkanes, unspecified",water/unspecified,kg,,
Mapping/Input/Flowlists/ecoinventEFv3.7.csv,ecoinventEFv3.7,,"Hydrocarbons, aliphatic, unsaturated","air/low population density, long-term",kg,,
Mapping/Input/Flowlists/ecoinventEFv3.7.csv,ecoinventEFv3.7,,"Hydrocarbons, aliphatic, unsaturated",air/lower stratosphere + upper troposphere,kg,,
Mapping/Input/Flowlists/ecoinventEFv3.7.csv,ecoinventEFv3.7,,"Hydrocarbons, aliphatic, unsaturated",air/non-urban air or from high stacks,kg,,
Mapping/Input/Flowlists/ecoinventEFv3.7.csv,ecoinventEFv3.7,,"Hydrocarbons, aliphatic, unsaturated",air/unspecified,kg,,
Mapping/Input/Flowlists/ecoinventEFv3.7.csv,ecoinventEFv3.7,,"Hydrocarbons, aliphatic, unsaturated",air/urban air close to ground,kg,,
Mapping/Input/Flowlists/ecoinventEFv3.7.csv,ecoinventEFv3.7,,"Hydrocarbons, aliphatic, unsaturated",water/ground-,kg,,
Mapping/Input/Flowlists/ecoinventEFv3.7.csv,ecoinventEFv3.7,,"Hydrocarbons, aliphatic, unsaturated","water/ground-, long-term",kg,,
Mapping/Input/Flowlists/ecoinventEFv3.7.csv,ecoinventEFv3.7,,"Hydrocarbons, aliphatic, unsaturated",water/ocean,kg,,
Mapping/Input/Flowlists/ecoinventEFv3.7.csv,ecoinventEFv3.7,,"Hydrocarbons, aliphatic, unsaturated",water/surface water,kg,,
Mapping/Input/Flowlists/ecoinventEFv3.7.csv,ecoinventEFv3.7,,"Hydrocarbons, aliphatic, unsaturated",water/unspecified,kg,,
Mapping/Input/Flowlists/ecoinventEFv3.7.csv,ecoinventEFv3.7,,"Hydrocarbons, aromatic","air/low population density, long-term",kg,,
Mapping/Input/Flowlists/ecoinventEFv3.7.csv,ecoinventEFv3.7,,"Hydrocarbons, aromatic",air/lower stratosphere + upper troposphere,kg,,
Mapping/Input/Flowlists/ecoinventEFv3.7.csv,ecoinventEFv3.7,,"Hydrocarbons, aromatic",air/non-urban air or from high stacks,kg,,
Mapping/Input/Flowlists/ecoinventEFv3.7.csv,ecoinventEFv3.7,,"Hydrocarbons, aromatic",air/unspecified,kg,,
Mapping/Input/Flowlists/ecoinventEFv3.7.csv,ecoinventEFv3.7,,"Hydrocarbons, aromatic",air/urban air close to ground,kg,,
Mapping/Input/Flowlists/ecoinventEFv3.7.csv,ecoinventEFv3.7,,"Hydrocarbons, aromatic",water/ground-,kg,,
Mapping/Input/Flowlists/ecoinventEFv3.7.csv,ecoinventEFv3.7,,"Hydrocarbons, aromatic","water/ground-, long-term",kg,,
Mapping/Input/Flowlists/ecoinventEFv3.7.csv,ecoinventEFv3.7,,"Hydrocarbons, aromatic",water/ocean,kg,,
Mapping/Input/Flowlists/ecoinventEFv3.7.csv,ecoinventEFv3.7,,"Hydrocarbons, aromatic",water/surface water,kg,,
Mapping/Input/Flowlists/ecoinventEFv3.7.csv,ecoinventEFv3.7,,"Hydrocarbons, aromatic",water/unspecified,kg,,
Mapping/Input/Flowlists/ecoinventEFv3.7.csv,ecoinventEFv3.7,,"Hydrocarbons, chlorinated","air/low population density, long-term",kg,,
Mapping/Input/Flowlists/ecoinventEFv3.7.csv,ecoinventEFv3.7,,"Hydrocarbons, chlorinated",air/lower stratosphere + upper troposphere,kg,,
Mapping/Input/Flowlists/ecoinventEFv3.7.csv,ecoinventEFv3.7,,"Hydrocarbons, chlorinated",air/non-urban air or from high stacks,kg,,
Mapping/Input/Flowlists/ecoinventEFv3.7.csv,ecoinventEFv3.7,,"Hydrocarbons, chlorinated",air/unspecified,kg,,
Mapping/Input/Flowlists/ecoinventEFv3.7.csv,ecoinventEFv3.7,,"Hydrocarbons, chlorinated",air/urban air close to ground,kg,,
Mapping/Input/Flowlists/ecoinventEFv3.7.csv,ecoinventEFv3.7,,"Hydrocarbons, unspecified",air/non-urban air or from high stacks,kg,,
Mapping/Input/Flowlists/ecoinventEFv3.7.csv,ecoinventEFv3.7,,"Hydrocarbons, unspecified",soil/unspecified,kg,,
Mapping/Input/Flowlists/ecoinventEFv3.7.csv,ecoinventEFv3.7,,"Hydrocarbons, unspecified",water/ground-,kg,,
Mapping/Input/Flowlists/ecoinventEFv3.7.csv,ecoinventEFv3.7,,"Hydrocarbons, unspecified","water/ground-, long-term",kg,,
Mapping/Input/Flowlists/ecoinventEFv3.7.csv,ecoinventEFv3.7,,"Hydrocarbons, unspecified",water/ocean,kg,,
Mapping/Input/Flowlists/ecoinventEFv3.7.csv,ecoinventEFv3.7,,"Hydrocarbons, unspecified",water/surface water,kg,,
Mapping/Input/Flowlists/ecoinventEFv3.7.csv,ecoinventEFv3.7,,"Hydrocarbons, unspecified",water/unspecified,kg,,
Mapping/Input/Flowlists/ecoinventEFv3.7.csv,ecoinventEFv3.7,,Hydrochloric acid,air/unspecified,kg,,
Mapping/Input/Flowlists/ecoinventEFv3.7.csv,ecoinventEFv3.7,,Hydrochloric acid,water/unspecified,kg,,
Mapping/Input/Flowlists/ecoinventEFv3.7.csv,ecoinventEFv3.7,,Hydrogen,"air/low population density, long-term",kg,,
Mapping/Input/Flowlists/ecoinventEFv3.7.csv,ecoinventEFv3.7,,Hydrogen,air/lower stratosphere + upper troposphere,kg,,
Mapping/Input/Flowlists/ecoinventEFv3.7.csv,ecoinventEFv3.7,,Hydrogen,air/non-urban air or from high stacks,kg,,
Mapping/Input/Flowlists/ecoinventEFv3.7.csv,ecoinventEFv3.7,,Hydrogen,air/unspecified,kg,,
Mapping/Input/Flowlists/ecoinventEFv3.7.csv,ecoinventEFv3.7,,Hydrogen,air/urban air close to ground,kg,,
Mapping/Input/Flowlists/ecoinventEFv3.7.csv,ecoinventEFv3.7,,Hydrogen carbonate,water/ocean,kg,,hydrogen carbonate
Mapping/Input/Flowlists/ecoinventEFv3.7.csv,ecoinventEFv3.7,,Hydrogen chloride,"air/low population density, long-term",kg,,Salzsäure
Mapping/Input/Flowlists/ecoinventEFv3.7.csv,ecoinventEFv3.7,,Hydrogen chloride,air/lower stratosphere + upper troposphere,kg,,Salzsäure
Mapping/Input/Flowlists/ecoinventEFv3.7.csv,ecoinventEFv3.7,,Hydrogen chloride,air/non-urban air or from high stacks,kg,,
Mapping/Input/Flowlists/ecoinventEFv3.7.csv,ecoinventEFv3.7,,Hydrogen chloride,air/unspecified,kg,,
Mapping/Input/Flowlists/ecoinventEFv3.7.csv,ecoinventEFv3.7,,Hydrogen chloride,air/urban air close to ground,kg,,
Mapping/Input/Flowlists/ecoinventEFv3.7.csv,ecoinventEFv3.7,,Hydrogen fluoride,"air/low population density, long-term",kg,,
Mapping/Input/Flowlists/ecoinventEFv3.7.csv,ecoinventEFv3.7,,Hydrogen fluoride,air/lower stratosphere + upper troposphere,kg,,
Mapping/Input/Flowlists/ecoinventEFv3.7.csv,ecoinventEFv3.7,,Hydrogen fluoride,air/non-urban air or from high stacks,kg,,
Mapping/Input/Flowlists/ecoinventEFv3.7.csv,ecoinventEFv3.7,,Hydrogen fluoride,air/unspecified,kg,,
Mapping/Input/Flowlists/ecoinventEFv3.7.csv,ecoinventEFv3.7,,Hydrogen fluoride,air/urban air close to ground,kg,,
Mapping/Input/Flowlists/ecoinventEFv3.7.csv,ecoinventEFv3.7,,Hydrogen peroxide,"air/low population density, long-term",kg,,
Mapping/Input/Flowlists/ecoinventEFv3.7.csv,ecoinventEFv3.7,,Hydrogen peroxide,air/lower stratosphere + upper troposphere,kg,,
Mapping/Input/Flowlists/ecoinventEFv3.7.csv,ecoinventEFv3.7,,Hydrogen peroxide,air/non-urban air or from high stacks,kg,,
Mapping/Input/Flowlists/ecoinventEFv3.7.csv,ecoinventEFv3.7,,Hydrogen peroxide,air/unspecified,kg,,
Mapping/Input/Flowlists/ecoinventEFv3.7.csv,ecoinventEFv3.7,,Hydrogen peroxide,air/urban air close to ground,kg,,
Mapping/Input/Flowlists/ecoinventEFv3.7.csv,ecoinventEFv3.7,,Hydrogen peroxide,water/ground-,kg,,
Mapping/Input/Flowlists/ecoinventEFv3.7.csv,ecoinventEFv3.7,,Hydrogen peroxide,"water/ground-, long-term",kg,,
Mapping/Input/Flowlists/ecoinventEFv3.7.csv,ecoinventEFv3.7,,Hydrogen peroxide,water/ocean,kg,,
Mapping/Input/Flowlists/ecoinventEFv3.7.csv,ecoinventEFv3.7,,Hydrogen peroxide,water/surface water,kg,,
Mapping/Input/Flowlists/ecoinventEFv3.7.csv,ecoinventEFv3.7,,Hydrogen peroxide,water/unspecified,kg,,
Mapping/Input/Flowlists/ecoinventEFv3.7.csv,ecoinventEFv3.7,,Hydrogen sulfide,"air/low population density, long-term",kg,,
Mapping/Input/Flowlists/ecoinventEFv3.7.csv,ecoinventEFv3.7,,Hydrogen sulfide,air/lower stratosphere + upper troposphere,kg,,
Mapping/Input/Flowlists/ecoinventEFv3.7.csv,ecoinventEFv3.7,,Hydrogen sulfide,air/non-urban air or from high stacks,kg,,
Mapping/Input/Flowlists/ecoinventEFv3.7.csv,ecoinventEFv3.7,,Hydrogen sulfide,air/unspecified,kg,,
Mapping/Input/Flowlists/ecoinventEFv3.7.csv,ecoinventEFv3.7,,Hydrogen sulfide,air/urban air close to ground,kg,,
Mapping/Input/Flowlists/ecoinventEFv3.7.csv,ecoinventEFv3.7,,Hydrogen sulfide,water/ground-,kg,,
Mapping/Input/Flowlists/ecoinventEFv3.7.csv,ecoinventEFv3.7,,Hydrogen sulfide,"water/ground-, long-term",kg,,
Mapping/Input/Flowlists/ecoinventEFv3.7.csv,ecoinventEFv3.7,,Hydrogen sulfide,water/ocean,kg,,
Mapping/Input/Flowlists/ecoinventEFv3.7.csv,ecoinventEFv3.7,,Hydrogen sulfide,water/surface water,kg,,
Mapping/Input/Flowlists/ecoinventEFv3.7.csv,ecoinventEFv3.7,,Hydrogen sulfide,water/unspecified,kg,,
Mapping/Input/Flowlists/ecoinventEFv3.7.csv,ecoinventEFv3.7,,"Hydrogen-3, Tritium","air/low population density, long-term",kBq,,
Mapping/Input/Flowlists/ecoinventEFv3.7.csv,ecoinventEFv3.7,,"Hydrogen-3, Tritium",air/lower stratosphere + upper troposphere,kBq,,
Mapping/Input/Flowlists/ecoinventEFv3.7.csv,ecoinventEFv3.7,,"Hydrogen-3, Tritium",air/non-urban air or from high stacks,kBq,,
Mapping/Input/Flowlists/ecoinventEFv3.7.csv,ecoinventEFv3.7,,"Hydrogen-3, Tritium",air/unspecified,kBq,,
Mapping/Input/Flowlists/ecoinventEFv3.7.csv,ecoinventEFv3.7,,"Hydrogen-3, Tritium",air/urban air close to ground,kBq,,
Mapping/Input/Flowlists/ecoinventEFv3.7.csv,ecoinventEFv3.7,,"Hydrogen-3, Tritium",water/ground-,kBq,,
Mapping/Input/Flowlists/ecoinventEFv3.7.csv,ecoinventEFv3.7,,"Hydrogen-3, Tritium","water/ground-, long-term",kBq,,
Mapping/Input/Flowlists/ecoinventEFv3.7.csv,ecoinventEFv3.7,,"Hydrogen-3, Tritium",water/ocean,kBq,,
Mapping/Input/Flowlists/ecoinventEFv3.7.csv,ecoinventEFv3.7,,"Hydrogen-3, Tritium",water/surface water,kBq,,
Mapping/Input/Flowlists/ecoinventEFv3.7.csv,ecoinventEFv3.7,,"Hydrogen-3, Tritium",water/unspecified,kBq,,
Mapping/Input/Flowlists/ecoinventEFv3.7.csv,ecoinventEFv3.7,,Hydroxide,water/ground-,kg,,
Mapping/Input/Flowlists/ecoinventEFv3.7.csv,ecoinventEFv3.7,,Hydroxide,"water/ground-, long-term",kg,,
Mapping/Input/Flowlists/ecoinventEFv3.7.csv,ecoinventEFv3.7,,Hydroxide,water/ocean,kg,,
Mapping/Input/Flowlists/ecoinventEFv3.7.csv,ecoinventEFv3.7,,Hydroxide,water/surface water,kg,,
Mapping/Input/Flowlists/ecoinventEFv3.7.csv,ecoinventEFv3.7,,Hydroxide,water/unspecified,kg,,
Mapping/Input/Flowlists/ecoinventEFv3.7.csv,ecoinventEFv3.7,,Hymexazol,soil/agricultural,kg,,
Mapping/Input/Flowlists/ecoinventEFv3.7.csv,ecoinventEFv3.7,,Hypochlorite,water/ground-,kg,,
Mapping/Input/Flowlists/ecoinventEFv3.7.csv,ecoinventEFv3.7,,Hypochlorite,"water/ground-, long-term",kg,,
Mapping/Input/Flowlists/ecoinventEFv3.7.csv,ecoinventEFv3.7,,Hypochlorite,water/ocean,kg,,
Mapping/Input/Flowlists/ecoinventEFv3.7.csv,ecoinventEFv3.7,,Hypochlorite,water/surface water,kg,,
Mapping/Input/Flowlists/ecoinventEFv3.7.csv,ecoinventEFv3.7,,Hypochlorite,water/unspecified,kg,,
Mapping/Input/Flowlists/ecoinventEFv3.7.csv,ecoinventEFv3.7,,Imazalil,soil/agricultural,kg,,Fungaflor
Mapping/Input/Flowlists/ecoinventEFv3.7.csv,ecoinventEFv3.7,,Imazamox,air/non-urban air or from high stacks,kg,,
Mapping/Input/Flowlists/ecoinventEFv3.7.csv,ecoinventEFv3.7,,Imazamox,soil/agricultural,kg,,
Mapping/Input/Flowlists/ecoinventEFv3.7.csv,ecoinventEFv3.7,,Imazapyr,soil/agricultural,kg,,(RS)-2-(4-isopropyl-4-methyl-5-oxo-2-imidazolin-2-yl)nicotinic acid
Mapping/Input/Flowlists/ecoinventEFv3.7.csv,ecoinventEFv3.7,,Imazaquin,air/non-urban air or from high stacks,kg,,
Mapping/Input/Flowlists/ecoinventEFv3.7.csv,ecoinventEFv3.7,,Imazaquin,soil/agricultural,kg,,
Mapping/Input/Flowlists/ecoinventEFv3.7.csv,ecoinventEFv3.7,,Imazethapyr,air/non-urban air or from high stacks,kg,,
Mapping/Input/Flowlists/ecoinventEFv3.7.csv,ecoinventEFv3.7,,Imazethapyr,soil/agricultural,kg,,(RS)-5-ethyl-2-(4-isopropyl-4-methyl-5-oxo-2-imidazolin-2-yl)nicotinic acid
Mapping/Input/Flowlists/ecoinventEFv3.7.csv,ecoinventEFv3.7,,Imidacloprid,soil/agricultural,kg,,Imidacloprid
Mapping/Input/Flowlists/ecoinventEFv3.7.csv,ecoinventEFv3.7,,"Indeno(1,2,3-cd)pyrene",air/unspecified,kg,,
Mapping/Input/Flowlists/ecoinventEFv3.7.csv,ecoinventEFv3.7,,"Indeno(1,2,3-cd)pyrene",water/ground-,kg,,
Mapping/Input/Flowlists/ecoinventEFv3.7.csv,ecoinventEFv3.7,,"Indeno(1,2,3-cd)pyrene","water/ground-, long-term",kg,,
Mapping/Input/Flowlists/ecoinventEFv3.7.csv,ecoinventEFv3.7,,"Indeno(1,2,3-cd)pyrene",water/ocean,kg,,
Mapping/Input/Flowlists/ecoinventEFv3.7.csv,ecoinventEFv3.7,,"Indeno(1,2,3-cd)pyrene",water/surface water,kg,,
Mapping/Input/Flowlists/ecoinventEFv3.7.csv,ecoinventEFv3.7,,"Indeno(1,2,3-cd)pyrene",water/unspecified,kg,,
Mapping/Input/Flowlists/ecoinventEFv3.7.csv,ecoinventEFv3.7,,"Indium, 0.005% in sulfide, In 0.003%, Pb, Zn, Ag, Cd, in ground",natural resource/in ground,kg,,
Mapping/Input/Flowlists/ecoinventEFv3.7.csv,ecoinventEFv3.7,,"Indium, in ground",natural resource/in ground,kg,,
Mapping/Input/Flowlists/ecoinventEFv3.7.csv,ecoinventEFv3.7,,Indoxacarb,soil/agricultural,kg,,indoxacarb
Mapping/Input/Flowlists/ecoinventEFv3.7.csv,ecoinventEFv3.7,,"Insecticides, unspecified",soil/agricultural,kg,,
Mapping/Input/Flowlists/ecoinventEFv3.7.csv,ecoinventEFv3.7,,"Insecticides, unspecified",water/ground-,kg,,
Mapping/Input/Flowlists/ecoinventEFv3.7.csv,ecoinventEFv3.7,,"Insecticides, unspecified","water/ground-, long-term",kg,,
Mapping/Input/Flowlists/ecoinventEFv3.7.csv,ecoinventEFv3.7,,"Insecticides, unspecified",water/ocean,kg,,
Mapping/Input/Flowlists/ecoinventEFv3.7.csv,ecoinventEFv3.7,,"Insecticides, unspecified",water/surface water,kg,,
Mapping/Input/Flowlists/ecoinventEFv3.7.csv,ecoinventEFv3.7,,"Insecticides, unspecified",water/unspecified,kg,,
Mapping/Input/Flowlists/ecoinventEFv3.7.csv,ecoinventEFv3.7,,Iodide,soil/agricultural,kg,,
Mapping/Input/Flowlists/ecoinventEFv3.7.csv,ecoinventEFv3.7,,Iodide,soil/forestry,kg,,
Mapping/Input/Flowlists/ecoinventEFv3.7.csv,ecoinventEFv3.7,,Iodide,soil/industrial,kg,,
Mapping/Input/Flowlists/ecoinventEFv3.7.csv,ecoinventEFv3.7,,Iodide,soil/unspecified,kg,,
Mapping/Input/Flowlists/ecoinventEFv3.7.csv,ecoinventEFv3.7,,Iodide,water/ground-,kg,,
Mapping/Input/Flowlists/ecoinventEFv3.7.csv,ecoinventEFv3.7,,Iodide,"water/ground-, long-term",kg,,
Mapping/Input/Flowlists/ecoinventEFv3.7.csv,ecoinventEFv3.7,,Iodide,water/ocean,kg,,
Mapping/Input/Flowlists/ecoinventEFv3.7.csv,ecoinventEFv3.7,,Iodide,water/surface water,kg,,
Mapping/Input/Flowlists/ecoinventEFv3.7.csv,ecoinventEFv3.7,,Iodide,water/unspecified,kg,,
Mapping/Input/Flowlists/ecoinventEFv3.7.csv,ecoinventEFv3.7,,Iodine,"air/low population density, long-term",kg,,
Mapping/Input/Flowlists/ecoinventEFv3.7.csv,ecoinventEFv3.7,,Iodine,air/lower stratosphere + upper troposphere,kg,,
Mapping/Input/Flowlists/ecoinventEFv3.7.csv,ecoinventEFv3.7,,Iodine,air/non-urban air or from high stacks,kg,,
Mapping/Input/Flowlists/ecoinventEFv3.7.csv,ecoinventEFv3.7,,Iodine,air/unspecified,kg,,
Mapping/Input/Flowlists/ecoinventEFv3.7.csv,ecoinventEFv3.7,,Iodine,air/urban air close to ground,kg,,
Mapping/Input/Flowlists/ecoinventEFv3.7.csv,ecoinventEFv3.7,,"Iodine, 0.03% in water",natural resource/in water,kg,,
Mapping/Input/Flowlists/ecoinventEFv3.7.csv,ecoinventEFv3.7,,"Iodine, in water",natural resource/in water,kg,,
Mapping/Input/Flowlists/ecoinventEFv3.7.csv,ecoinventEFv3.7,,Iodine-129,"air/low population density, long-term",kBq,,
Mapping/Input/Flowlists/ecoinventEFv3.7.csv,ecoinventEFv3.7,,Iodine-129,air/lower stratosphere + upper troposphere,kBq,,
Mapping/Input/Flowlists/ecoinventEFv3.7.csv,ecoinventEFv3.7,,Iodine-129,air/non-urban air or from high stacks,kBq,,
Mapping/Input/Flowlists/ecoinventEFv3.7.csv,ecoinventEFv3.7,,Iodine-129,air/unspecified,kBq,,
Mapping/Input/Flowlists/ecoinventEFv3.7.csv,ecoinventEFv3.7,,Iodine-129,air/urban air close to ground,kBq,,
Mapping/Input/Flowlists/ecoinventEFv3.7.csv,ecoinventEFv3.7,,Iodine-129,water/ground-,kBq,,
Mapping/Input/Flowlists/ecoinventEFv3.7.csv,ecoinventEFv3.7,,Iodine-129,"water/ground-, long-term",kBq,,
Mapping/Input/Flowlists/ecoinventEFv3.7.csv,ecoinventEFv3.7,,Iodine-129,water/ocean,kBq,,
Mapping/Input/Flowlists/ecoinventEFv3.7.csv,ecoinventEFv3.7,,Iodine-129,water/surface water,kBq,,
Mapping/Input/Flowlists/ecoinventEFv3.7.csv,ecoinventEFv3.7,,Iodine-129,water/unspecified,kBq,,
Mapping/Input/Flowlists/ecoinventEFv3.7.csv,ecoinventEFv3.7,,Iodine-131,"air/low population density, long-term",kBq,,
Mapping/Input/Flowlists/ecoinventEFv3.7.csv,ecoinventEFv3.7,,Iodine-131,air/lower stratosphere + upper troposphere,kBq,,
Mapping/Input/Flowlists/ecoinventEFv3.7.csv,ecoinventEFv3.7,,Iodine-131,air/non-urban air or from high stacks,kBq,,
Mapping/Input/Flowlists/ecoinventEFv3.7.csv,ecoinventEFv3.7,,Iodine-131,air/unspecified,kBq,,
Mapping/Input/Flowlists/ecoinventEFv3.7.csv,ecoinventEFv3.7,,Iodine-131,air/urban air close to ground,kBq,,
Mapping/Input/Flowlists/ecoinventEFv3.7.csv,ecoinventEFv3.7,,Iodine-131,water/ground-,kBq,,
Mapping/Input/Flowlists/ecoinventEFv3.7.csv,ecoinventEFv3.7,,Iodine-131,"water/ground-, long-term",kBq,,
Mapping/Input/Flowlists/ecoinventEFv3.7.csv,ecoinventEFv3.7,,Iodine-131,water/ocean,kBq,,
Mapping/Input/Flowlists/ecoinventEFv3.7.csv,ecoinventEFv3.7,,Iodine-131,water/surface water,kBq,,
Mapping/Input/Flowlists/ecoinventEFv3.7.csv,ecoinventEFv3.7,,Iodine-131,water/unspecified,kBq,,
Mapping/Input/Flowlists/ecoinventEFv3.7.csv,ecoinventEFv3.7,,Iodine-133,"air/low population density, long-term",kBq,,
Mapping/Input/Flowlists/ecoinventEFv3.7.csv,ecoinventEFv3.7,,Iodine-133,air/lower stratosphere + upper troposphere,kBq,,
Mapping/Input/Flowlists/ecoinventEFv3.7.csv,ecoinventEFv3.7,,Iodine-133,air/non-urban air or from high stacks,kBq,,
Mapping/Input/Flowlists/ecoinventEFv3.7.csv,ecoinventEFv3.7,,Iodine-133,air/unspecified,kBq,,
Mapping/Input/Flowlists/ecoinventEFv3.7.csv,ecoinventEFv3.7,,Iodine-133,air/urban air close to ground,kBq,,
Mapping/Input/Flowlists/ecoinventEFv3.7.csv,ecoinventEFv3.7,,Iodine-133,water/ground-,kBq,,
Mapping/Input/Flowlists/ecoinventEFv3.7.csv,ecoinventEFv3.7,,Iodine-133,"water/ground-, long-term",kBq,,
Mapping/Input/Flowlists/ecoinventEFv3.7.csv,ecoinventEFv3.7,,Iodine-133,water/ocean,kBq,,
Mapping/Input/Flowlists/ecoinventEFv3.7.csv,ecoinventEFv3.7,,Iodine-133,water/surface water,kBq,,
Mapping/Input/Flowlists/ecoinventEFv3.7.csv,ecoinventEFv3.7,,Iodine-133,water/unspecified,kBq,,
Mapping/Input/Flowlists/ecoinventEFv3.7.csv,ecoinventEFv3.7,,Iodine-135,"air/low population density, long-term",kBq,,
Mapping/Input/Flowlists/ecoinventEFv3.7.csv,ecoinventEFv3.7,,Iodine-135,air/lower stratosphere + upper troposphere,kBq,,
Mapping/Input/Flowlists/ecoinventEFv3.7.csv,ecoinventEFv3.7,,Iodine-135,air/non-urban air or from high stacks,kBq,,
Mapping/Input/Flowlists/ecoinventEFv3.7.csv,ecoinventEFv3.7,,Iodine-135,air/unspecified,kBq,,
Mapping/Input/Flowlists/ecoinventEFv3.7.csv,ecoinventEFv3.7,,Iodine-135,air/urban air close to ground,kBq,,
Mapping/Input/Flowlists/ecoinventEFv3.7.csv,ecoinventEFv3.7,,Iodosulfuron,soil/agricultural,kg,,"4-iodo-2-[3-(4-methoxy-6-methyl-1,3,5-triazin-2-yl)ureidosulfonyl]benzoic acid"
Mapping/Input/Flowlists/ecoinventEFv3.7.csv,ecoinventEFv3.7,,Iodosulfuron-methyl-sodium,soil/agricultural,kg,,
Mapping/Input/Flowlists/ecoinventEFv3.7.csv,ecoinventEFv3.7,,Ioxynil,soil/agricultural,kg,,"4-hydroxy-3,5-di-iodobenzonitrile"
Mapping/Input/Flowlists/ecoinventEFv3.7.csv,ecoinventEFv3.7,,Ioxynil methyl ester,soil/agricultural,kg,,
Mapping/Input/Flowlists/ecoinventEFv3.7.csv,ecoinventEFv3.7,,Iprodion,soil/agricultural,kg,,"3-(3,5-dichlorophenyl)-N-isopropyl-2,4-dioxoimidazolidine-1-carboxamide"
Mapping/Input/Flowlists/ecoinventEFv3.7.csv,ecoinventEFv3.7,,Iprovalicarb,soil/agricultural,kg,,
Mapping/Input/Flowlists/ecoinventEFv3.7.csv,ecoinventEFv3.7,,"Iridium, in ground",natural resource/in ground,kg,,
Mapping/Input/Flowlists/ecoinventEFv3.7.csv,ecoinventEFv3.7,,Iron,"air/low population density, long-term",kg,,
Mapping/Input/Flowlists/ecoinventEFv3.7.csv,ecoinventEFv3.7,,Iron,air/lower stratosphere + upper troposphere,kg,,
Mapping/Input/Flowlists/ecoinventEFv3.7.csv,ecoinventEFv3.7,,Iron,air/non-urban air or from high stacks,kg,,
Mapping/Input/Flowlists/ecoinventEFv3.7.csv,ecoinventEFv3.7,,Iron,air/unspecified,kg,,
Mapping/Input/Flowlists/ecoinventEFv3.7.csv,ecoinventEFv3.7,,Iron,air/urban air close to ground,kg,,
Mapping/Input/Flowlists/ecoinventEFv3.7.csv,ecoinventEFv3.7,,Iron,soil/agricultural,kg,,
Mapping/Input/Flowlists/ecoinventEFv3.7.csv,ecoinventEFv3.7,,Iron,soil/forestry,kg,,
Mapping/Input/Flowlists/ecoinventEFv3.7.csv,ecoinventEFv3.7,,Iron,soil/industrial,kg,,
Mapping/Input/Flowlists/ecoinventEFv3.7.csv,ecoinventEFv3.7,,Iron,soil/unspecified,kg,,
Mapping/Input/Flowlists/ecoinventEFv3.7.csv,ecoinventEFv3.7,,Iron,water/ground-,kg,,
Mapping/Input/Flowlists/ecoinventEFv3.7.csv,ecoinventEFv3.7,,"Iron, 46% in ore, 25% in crude ore, in ground",natural resource/in ground,kg,,
Mapping/Input/Flowlists/ecoinventEFv3.7.csv,ecoinventEFv3.7,,"Iron, 72% in magnetite, 14% in crude ore, in ground",natural resource/in ground,kg,,
Mapping/Input/Flowlists/ecoinventEFv3.7.csv,ecoinventEFv3.7,,"Iron, in ground",natural resource/in ground,kg,,
Mapping/Input/Flowlists/ecoinventEFv3.7.csv,ecoinventEFv3.7,,"Iron, ion",water/ground-,kg,,
Mapping/Input/Flowlists/ecoinventEFv3.7.csv,ecoinventEFv3.7,,"Iron, ion","water/ground-, long-term",kg,,
Mapping/Input/Flowlists/ecoinventEFv3.7.csv,ecoinventEFv3.7,,"Iron, ion",water/ocean,kg,,
Mapping/Input/Flowlists/ecoinventEFv3.7.csv,ecoinventEFv3.7,,"Iron, ion",water/surface water,kg,,
Mapping/Input/Flowlists/ecoinventEFv3.7.csv,ecoinventEFv3.7,,"Iron, ion",water/unspecified,kg,,
Mapping/Input/Flowlists/ecoinventEFv3.7.csv,ecoinventEFv3.7,,Iron-59,"air/low population density, long-term",kBq,,
Mapping/Input/Flowlists/ecoinventEFv3.7.csv,ecoinventEFv3.7,,Iron-59,air/lower stratosphere + upper troposphere,kBq,,
Mapping/Input/Flowlists/ecoinventEFv3.7.csv,ecoinventEFv3.7,,Iron-59,air/non-urban air or from high stacks,kBq,,
Mapping/Input/Flowlists/ecoinventEFv3.7.csv,ecoinventEFv3.7,,Iron-59,air/unspecified,kBq,,
Mapping/Input/Flowlists/ecoinventEFv3.7.csv,ecoinventEFv3.7,,Iron-59,air/urban air close to ground,kBq,,
Mapping/Input/Flowlists/ecoinventEFv3.7.csv,ecoinventEFv3.7,,Iron-59,water/ground-,kBq,,
Mapping/Input/Flowlists/ecoinventEFv3.7.csv,ecoinventEFv3.7,,Iron-59,"water/ground-, long-term",kBq,,
Mapping/Input/Flowlists/ecoinventEFv3.7.csv,ecoinventEFv3.7,,Iron-59,water/ocean,kBq,,
Mapping/Input/Flowlists/ecoinventEFv3.7.csv,ecoinventEFv3.7,,Iron-59,water/surface water,kBq,,
Mapping/Input/Flowlists/ecoinventEFv3.7.csv,ecoinventEFv3.7,,Iron-59,water/unspecified,kBq,,
Mapping/Input/Flowlists/ecoinventEFv3.7.csv,ecoinventEFv3.7,,Isobutane,air/urban air close to ground,kg,,refrigerant R-600a
Mapping/Input/Flowlists/ecoinventEFv3.7.csv,ecoinventEFv3.7,,Isocyanic acid,"air/low population density, long-term",kg,,
Mapping/Input/Flowlists/ecoinventEFv3.7.csv,ecoinventEFv3.7,,Isocyanic acid,air/lower stratosphere + upper troposphere,kg,,
Mapping/Input/Flowlists/ecoinventEFv3.7.csv,ecoinventEFv3.7,,Isocyanic acid,air/non-urban air or from high stacks,kg,,
Mapping/Input/Flowlists/ecoinventEFv3.7.csv,ecoinventEFv3.7,,Isocyanic acid,air/unspecified,kg,,
Mapping/Input/Flowlists/ecoinventEFv3.7.csv,ecoinventEFv3.7,,Isocyanic acid,air/urban air close to ground,kg,,
Mapping/Input/Flowlists/ecoinventEFv3.7.csv,ecoinventEFv3.7,,Isoprene,"air/low population density, long-term",kg,,"2-methylbuta-1,3-diene"
Mapping/Input/Flowlists/ecoinventEFv3.7.csv,ecoinventEFv3.7,,Isoprene,air/lower stratosphere + upper troposphere,kg,,methyl bivinyl
Mapping/Input/Flowlists/ecoinventEFv3.7.csv,ecoinventEFv3.7,,Isoprene,air/non-urban air or from high stacks,kg,,
Mapping/Input/Flowlists/ecoinventEFv3.7.csv,ecoinventEFv3.7,,Isoprene,air/unspecified,kg,,Beta-methylbivinyl
Mapping/Input/Flowlists/ecoinventEFv3.7.csv,ecoinventEFv3.7,,Isoprene,air/urban air close to ground,kg,,methyl bivinyl
Mapping/Input/Flowlists/ecoinventEFv3.7.csv,ecoinventEFv3.7,,Isopropylamine,"air/low population density, long-term",kg,,2-propylamine
Mapping/Input/Flowlists/ecoinventEFv3.7.csv,ecoinventEFv3.7,,Isopropylamine,air/lower stratosphere + upper troposphere,kg,,2-propylamine
Mapping/Input/Flowlists/ecoinventEFv3.7.csv,ecoinventEFv3.7,,Isopropylamine,air/non-urban air or from high stacks,kg,,2-propylamine
Mapping/Input/Flowlists/ecoinventEFv3.7.csv,ecoinventEFv3.7,,Isopropylamine,air/unspecified,kg,,2-propylamine
Mapping/Input/Flowlists/ecoinventEFv3.7.csv,ecoinventEFv3.7,,Isopropylamine,air/urban air close to ground,kg,,2-propylamine
Mapping/Input/Flowlists/ecoinventEFv3.7.csv,ecoinventEFv3.7,,Isopropylamine,water/ground-,kg,,2-propylamine
Mapping/Input/Flowlists/ecoinventEFv3.7.csv,ecoinventEFv3.7,,Isopropylamine,"water/ground-, long-term",kg,,2-propylamine
Mapping/Input/Flowlists/ecoinventEFv3.7.csv,ecoinventEFv3.7,,Isopropylamine,water/ocean,kg,,2-propylamine
Mapping/Input/Flowlists/ecoinventEFv3.7.csv,ecoinventEFv3.7,,Isopropylamine,water/surface water,kg,,2-propylamine
Mapping/Input/Flowlists/ecoinventEFv3.7.csv,ecoinventEFv3.7,,Isopropylamine,water/unspecified,kg,,2-propylamine
Mapping/Input/Flowlists/ecoinventEFv3.7.csv,ecoinventEFv3.7,,Isoproturon,soil/agricultural,kg,,"3-(4-isopropylphenyl)-1,1-dimethylurea"
Mapping/Input/Flowlists/ecoinventEFv3.7.csv,ecoinventEFv3.7,,Isoxadifen-ethyl,soil/agricultural,kg,,
Mapping/Input/Flowlists/ecoinventEFv3.7.csv,ecoinventEFv3.7,,Isoxaflutole,soil/agricultural,kg,,"(5-cyclopropyl-1,2-oxazol-4-yl)(α,α,α-trifluoro-2-mesyl-p-tolyl)methanone"
Mapping/Input/Flowlists/ecoinventEFv3.7.csv,ecoinventEFv3.7,,Kaolin,soil/agricultural,kg,,
Mapping/Input/Flowlists/ecoinventEFv3.7.csv,ecoinventEFv3.7,,"Kaolinite, 24% in crude ore, in ground",natural resource/in ground,kg,,
Mapping/Input/Flowlists/ecoinventEFv3.7.csv,ecoinventEFv3.7,,"Kaolinite, in ground",natural resource/in ground,kg,,
Mapping/Input/Flowlists/ecoinventEFv3.7.csv,ecoinventEFv3.7,,"Kieserite, 25% in crude ore, in ground",natural resource/in ground,kg,,
Mapping/Input/Flowlists/ecoinventEFv3.7.csv,ecoinventEFv3.7,,"Kieserite, in ground",natural resource/in ground,kg,,
Mapping/Input/Flowlists/ecoinventEFv3.7.csv,ecoinventEFv3.7,,Kresoxim-methyl,soil/agricultural,kg,,Kresoxim-methyl
Mapping/Input/Flowlists/ecoinventEFv3.7.csv,ecoinventEFv3.7,,"Krypton, in air",natural resource/in air,kg,,
Mapping/Input/Flowlists/ecoinventEFv3.7.csv,ecoinventEFv3.7,,Krypton-85,"air/low population density, long-term",kBq,,
Mapping/Input/Flowlists/ecoinventEFv3.7.csv,ecoinventEFv3.7,,Krypton-85,air/lower stratosphere + upper troposphere,kBq,,
Mapping/Input/Flowlists/ecoinventEFv3.7.csv,ecoinventEFv3.7,,Krypton-85,air/non-urban air or from high stacks,kBq,,
Mapping/Input/Flowlists/ecoinventEFv3.7.csv,ecoinventEFv3.7,,Krypton-85,air/unspecified,kBq,,
Mapping/Input/Flowlists/ecoinventEFv3.7.csv,ecoinventEFv3.7,,Krypton-85,air/urban air close to ground,kBq,,
Mapping/Input/Flowlists/ecoinventEFv3.7.csv,ecoinventEFv3.7,,Krypton-85,water/ground-,kBq,,
Mapping/Input/Flowlists/ecoinventEFv3.7.csv,ecoinventEFv3.7,,Krypton-85,"water/ground-, long-term",kBq,,
Mapping/Input/Flowlists/ecoinventEFv3.7.csv,ecoinventEFv3.7,,Krypton-85,water/ocean,kBq,,
Mapping/Input/Flowlists/ecoinventEFv3.7.csv,ecoinventEFv3.7,,Krypton-85,water/surface water,kBq,,
Mapping/Input/Flowlists/ecoinventEFv3.7.csv,ecoinventEFv3.7,,Krypton-85,water/unspecified,kBq,,
Mapping/Input/Flowlists/ecoinventEFv3.7.csv,ecoinventEFv3.7,,Krypton-85m,"air/low population density, long-term",kBq,,
Mapping/Input/Flowlists/ecoinventEFv3.7.csv,ecoinventEFv3.7,,Krypton-85m,air/lower stratosphere + upper troposphere,kBq,,
Mapping/Input/Flowlists/ecoinventEFv3.7.csv,ecoinventEFv3.7,,Krypton-85m,air/non-urban air or from high stacks,kBq,,
Mapping/Input/Flowlists/ecoinventEFv3.7.csv,ecoinventEFv3.7,,Krypton-85m,air/unspecified,kBq,,
Mapping/Input/Flowlists/ecoinventEFv3.7.csv,ecoinventEFv3.7,,Krypton-85m,air/urban air close to ground,kBq,,
Mapping/Input/Flowlists/ecoinventEFv3.7.csv,ecoinventEFv3.7,,Krypton-87,"air/low population density, long-term",kBq,,
Mapping/Input/Flowlists/ecoinventEFv3.7.csv,ecoinventEFv3.7,,Krypton-87,air/lower stratosphere + upper troposphere,kBq,,
Mapping/Input/Flowlists/ecoinventEFv3.7.csv,ecoinventEFv3.7,,Krypton-87,air/non-urban air or from high stacks,kBq,,
Mapping/Input/Flowlists/ecoinventEFv3.7.csv,ecoinventEFv3.7,,Krypton-87,air/unspecified,kBq,,
Mapping/Input/Flowlists/ecoinventEFv3.7.csv,ecoinventEFv3.7,,Krypton-87,air/urban air close to ground,kBq,,
Mapping/Input/Flowlists/ecoinventEFv3.7.csv,ecoinventEFv3.7,,Krypton-88,"air/low population density, long-term",kBq,,
Mapping/Input/Flowlists/ecoinventEFv3.7.csv,ecoinventEFv3.7,,Krypton-88,air/lower stratosphere + upper troposphere,kBq,,
Mapping/Input/Flowlists/ecoinventEFv3.7.csv,ecoinventEFv3.7,,Krypton-88,air/non-urban air or from high stacks,kBq,,
Mapping/Input/Flowlists/ecoinventEFv3.7.csv,ecoinventEFv3.7,,Krypton-88,air/unspecified,kBq,,
Mapping/Input/Flowlists/ecoinventEFv3.7.csv,ecoinventEFv3.7,,Krypton-88,air/urban air close to ground,kBq,,
Mapping/Input/Flowlists/ecoinventEFv3.7.csv,ecoinventEFv3.7,,Krypton-89,"air/low population density, long-term",kBq,,
Mapping/Input/Flowlists/ecoinventEFv3.7.csv,ecoinventEFv3.7,,Krypton-89,air/lower stratosphere + upper troposphere,kBq,,
Mapping/Input/Flowlists/ecoinventEFv3.7.csv,ecoinventEFv3.7,,Krypton-89,air/non-urban air or from high stacks,kBq,,
Mapping/Input/Flowlists/ecoinventEFv3.7.csv,ecoinventEFv3.7,,Krypton-89,air/unspecified,kBq,,
Mapping/Input/Flowlists/ecoinventEFv3.7.csv,ecoinventEFv3.7,,Krypton-89,air/urban air close to ground,kBq,,
Mapping/Input/Flowlists/ecoinventEFv3.7.csv,ecoinventEFv3.7,,Lactic acid,"air/low population density, long-term",kg,,2-hydroxypropanoic acid
Mapping/Input/Flowlists/ecoinventEFv3.7.csv,ecoinventEFv3.7,,Lactic acid,air/lower stratosphere + upper troposphere,kg,,2-hydroxypropanoic acid
Mapping/Input/Flowlists/ecoinventEFv3.7.csv,ecoinventEFv3.7,,Lactic acid,air/non-urban air or from high stacks,kg,,2-hydroxypropanoic acid
Mapping/Input/Flowlists/ecoinventEFv3.7.csv,ecoinventEFv3.7,,Lactic acid,air/unspecified,kg,,2-hydroxypropanoic acid
Mapping/Input/Flowlists/ecoinventEFv3.7.csv,ecoinventEFv3.7,,Lactic acid,air/urban air close to ground,kg,,2-hydroxypropanoic acid
Mapping/Input/Flowlists/ecoinventEFv3.7.csv,ecoinventEFv3.7,,Lactic acid,water/ground-,kg,,2-hydroxypropanoic acid
Mapping/Input/Flowlists/ecoinventEFv3.7.csv,ecoinventEFv3.7,,Lactic acid,"water/ground-, long-term",kg,,2-hydroxypropanoic acid
Mapping/Input/Flowlists/ecoinventEFv3.7.csv,ecoinventEFv3.7,,Lactic acid,water/ocean,kg,,2-hydroxypropanoic acid
Mapping/Input/Flowlists/ecoinventEFv3.7.csv,ecoinventEFv3.7,,Lactic acid,water/surface water,kg,,2-hydroxypropanoic acid
Mapping/Input/Flowlists/ecoinventEFv3.7.csv,ecoinventEFv3.7,,Lactic acid,water/unspecified,kg,,2-hydroxypropanoic acid
Mapping/Input/Flowlists/ecoinventEFv3.7.csv,ecoinventEFv3.7,,Lactofen,air/non-urban air or from high stacks,kg,,
Mapping/Input/Flowlists/ecoinventEFv3.7.csv,ecoinventEFv3.7,,Lactofen,soil/agricultural,kg,,Cobra 2E
Mapping/Input/Flowlists/ecoinventEFv3.7.csv,ecoinventEFv3.7,,Lambda-cyhalothrin,air/non-urban air or from high stacks,kg,,
Mapping/Input/Flowlists/ecoinventEFv3.7.csv,ecoinventEFv3.7,,Lambda-cyhalothrin,soil/agricultural,kg,,
Mapping/Input/Flowlists/ecoinventEFv3.7.csv,ecoinventEFv3.7,,Lambda-cyhalothrin,water/ground-,kg,,
Mapping/Input/Flowlists/ecoinventEFv3.7.csv,ecoinventEFv3.7,,Lambda-cyhalothrin,water/surface water,kg,,
Mapping/Input/Flowlists/ecoinventEFv3.7.csv,ecoinventEFv3.7,,Lanthanum,"air/low population density, long-term",kg,,
Mapping/Input/Flowlists/ecoinventEFv3.7.csv,ecoinventEFv3.7,,Lanthanum,air/lower stratosphere + upper troposphere,kg,,
Mapping/Input/Flowlists/ecoinventEFv3.7.csv,ecoinventEFv3.7,,Lanthanum,air/non-urban air or from high stacks,kg,,
Mapping/Input/Flowlists/ecoinventEFv3.7.csv,ecoinventEFv3.7,,Lanthanum,air/unspecified,kg,,
Mapping/Input/Flowlists/ecoinventEFv3.7.csv,ecoinventEFv3.7,,Lanthanum,air/urban air close to ground,kg,,
Mapping/Input/Flowlists/ecoinventEFv3.7.csv,ecoinventEFv3.7,,"Lanthanum, 7.2% in bastnasite, 0.72% in crude ore, in ground",natural resource/in ground,kg,,
Mapping/Input/Flowlists/ecoinventEFv3.7.csv,ecoinventEFv3.7,,"Lanthanum, in ground",natural resource/in ground,kg,,
Mapping/Input/Flowlists/ecoinventEFv3.7.csv,ecoinventEFv3.7,,Lanthanum-140,"air/low population density, long-term",kBq,,
Mapping/Input/Flowlists/ecoinventEFv3.7.csv,ecoinventEFv3.7,,Lanthanum-140,air/lower stratosphere + upper troposphere,kBq,,
Mapping/Input/Flowlists/ecoinventEFv3.7.csv,ecoinventEFv3.7,,Lanthanum-140,air/non-urban air or from high stacks,kBq,,
Mapping/Input/Flowlists/ecoinventEFv3.7.csv,ecoinventEFv3.7,,Lanthanum-140,air/unspecified,kBq,,
Mapping/Input/Flowlists/ecoinventEFv3.7.csv,ecoinventEFv3.7,,Lanthanum-140,air/urban air close to ground,kBq,,
Mapping/Input/Flowlists/ecoinventEFv3.7.csv,ecoinventEFv3.7,,Lanthanum-140,water/ground-,kBq,,
Mapping/Input/Flowlists/ecoinventEFv3.7.csv,ecoinventEFv3.7,,Lanthanum-140,"water/ground-, long-term",kBq,,
Mapping/Input/Flowlists/ecoinventEFv3.7.csv,ecoinventEFv3.7,,Lanthanum-140,water/ocean,kBq,,
Mapping/Input/Flowlists/ecoinventEFv3.7.csv,ecoinventEFv3.7,,Lanthanum-140,water/surface water,kBq,,
Mapping/Input/Flowlists/ecoinventEFv3.7.csv,ecoinventEFv3.7,,Lanthanum-140,water/unspecified,kBq,,
Mapping/Input/Flowlists/ecoinventEFv3.7.csv,ecoinventEFv3.7,,"Laterite, in ground",natural resource/in ground,kg,,
Mapping/Input/Flowlists/ecoinventEFv3.7.csv,ecoinventEFv3.7,,Lauric acid,air/unspecified,kg,,
Mapping/Input/Flowlists/ecoinventEFv3.7.csv,ecoinventEFv3.7,,Lauric acid,water/unspecified,kg,,
Mapping/Input/Flowlists/ecoinventEFv3.7.csv,ecoinventEFv3.7,,Lead,"air/low population density, long-term",kg,,
Mapping/Input/Flowlists/ecoinventEFv3.7.csv,ecoinventEFv3.7,,Lead,air/lower stratosphere + upper troposphere,kg,,
Mapping/Input/Flowlists/ecoinventEFv3.7.csv,ecoinventEFv3.7,,Lead,air/non-urban air or from high stacks,kg,,
Mapping/Input/Flowlists/ecoinventEFv3.7.csv,ecoinventEFv3.7,,Lead,air/unspecified,kg,,
Mapping/Input/Flowlists/ecoinventEFv3.7.csv,ecoinventEFv3.7,,Lead,air/urban air close to ground,kg,,
Mapping/Input/Flowlists/ecoinventEFv3.7.csv,ecoinventEFv3.7,,Lead,soil/agricultural,kg,,
Mapping/Input/Flowlists/ecoinventEFv3.7.csv,ecoinventEFv3.7,,Lead,soil/forestry,kg,,
Mapping/Input/Flowlists/ecoinventEFv3.7.csv,ecoinventEFv3.7,,Lead,soil/industrial,kg,,
Mapping/Input/Flowlists/ecoinventEFv3.7.csv,ecoinventEFv3.7,,Lead,soil/unspecified,kg,,
Mapping/Input/Flowlists/ecoinventEFv3.7.csv,ecoinventEFv3.7,,Lead,water/ground-,kg,,
Mapping/Input/Flowlists/ecoinventEFv3.7.csv,ecoinventEFv3.7,,Lead,"water/ground-, long-term",kg,,
Mapping/Input/Flowlists/ecoinventEFv3.7.csv,ecoinventEFv3.7,,Lead,water/ocean,kg,,
Mapping/Input/Flowlists/ecoinventEFv3.7.csv,ecoinventEFv3.7,,Lead,water/surface water,kg,,
Mapping/Input/Flowlists/ecoinventEFv3.7.csv,ecoinventEFv3.7,,Lead,water/unspecified,kg,,
Mapping/Input/Flowlists/ecoinventEFv3.7.csv,ecoinventEFv3.7,,"Lead, 5.0% in sulfide, Pb 3.0%, Zn, Ag, Cd, In, in ground",natural resource/in ground,kg,,
Mapping/Input/Flowlists/ecoinventEFv3.7.csv,ecoinventEFv3.7,,"Lead, in ground",natural resource/in ground,kg,,
Mapping/Input/Flowlists/ecoinventEFv3.7.csv,ecoinventEFv3.7,,"Lead, Pb 0.014%, in mixed ore, in ground",natural resource/in ground,kg,,
Mapping/Input/Flowlists/ecoinventEFv3.7.csv,ecoinventEFv3.7,,"Lead, Pb 3.6E-1%, in mixed ore, in ground",natural resource/in ground,kg,,
Mapping/Input/Flowlists/ecoinventEFv3.7.csv,ecoinventEFv3.7,,Lead-210,"air/low population density, long-term",kBq,,
Mapping/Input/Flowlists/ecoinventEFv3.7.csv,ecoinventEFv3.7,,Lead-210,air/lower stratosphere + upper troposphere,kBq,,
Mapping/Input/Flowlists/ecoinventEFv3.7.csv,ecoinventEFv3.7,,Lead-210,air/non-urban air or from high stacks,kBq,,
Mapping/Input/Flowlists/ecoinventEFv3.7.csv,ecoinventEFv3.7,,Lead-210,air/unspecified,kBq,,
Mapping/Input/Flowlists/ecoinventEFv3.7.csv,ecoinventEFv3.7,,Lead-210,air/urban air close to ground,kBq,,
Mapping/Input/Flowlists/ecoinventEFv3.7.csv,ecoinventEFv3.7,,Lead-210,water/ground-,kBq,,
Mapping/Input/Flowlists/ecoinventEFv3.7.csv,ecoinventEFv3.7,,Lead-210,"water/ground-, long-term",kBq,,
Mapping/Input/Flowlists/ecoinventEFv3.7.csv,ecoinventEFv3.7,,Lead-210,water/ocean,kBq,,
Mapping/Input/Flowlists/ecoinventEFv3.7.csv,ecoinventEFv3.7,,Lead-210,water/surface water,kBq,,
Mapping/Input/Flowlists/ecoinventEFv3.7.csv,ecoinventEFv3.7,,Lead-210,water/unspecified,kBq,,
Mapping/Input/Flowlists/ecoinventEFv3.7.csv,ecoinventEFv3.7,,Lenacil,soil/agricultural,kg,,
Mapping/Input/Flowlists/ecoinventEFv3.7.csv,ecoinventEFv3.7,,Lindane,soil/agricultural,kg,,"1,2,3,4,5,6-hexachlorocyclohexane (gamma isomer)"
Mapping/Input/Flowlists/ecoinventEFv3.7.csv,ecoinventEFv3.7,,Linuron,soil/agricultural,kg,,"3-(3,4-dichlorophenyl)-1-methoxy-1-methylurea"
Mapping/Input/Flowlists/ecoinventEFv3.7.csv,ecoinventEFv3.7,,Lithium,air/urban air close to ground,kg,,
Mapping/Input/Flowlists/ecoinventEFv3.7.csv,ecoinventEFv3.7,,Lithium,soil/unspecified,kg,,
Mapping/Input/Flowlists/ecoinventEFv3.7.csv,ecoinventEFv3.7,,Lithium,water/ground-,kg,,
Mapping/Input/Flowlists/ecoinventEFv3.7.csv,ecoinventEFv3.7,,Lithium carbonate,"air/low population density, long-term",kg,,
Mapping/Input/Flowlists/ecoinventEFv3.7.csv,ecoinventEFv3.7,,Lithium carbonate,air/lower stratosphere + upper troposphere,kg,,
Mapping/Input/Flowlists/ecoinventEFv3.7.csv,ecoinventEFv3.7,,Lithium carbonate,air/non-urban air or from high stacks,kg,,
Mapping/Input/Flowlists/ecoinventEFv3.7.csv,ecoinventEFv3.7,,Lithium carbonate,air/unspecified,kg,,
Mapping/Input/Flowlists/ecoinventEFv3.7.csv,ecoinventEFv3.7,,Lithium carbonate,air/urban air close to ground,kg,,
Mapping/Input/Flowlists/ecoinventEFv3.7.csv,ecoinventEFv3.7,,"Lithium, 0.15% in brine, in ground",natural resource/in ground,kg,,
Mapping/Input/Flowlists/ecoinventEFv3.7.csv,ecoinventEFv3.7,,"Lithium, in ground",natural resource/in ground,kg,,
Mapping/Input/Flowlists/ecoinventEFv3.7.csv,ecoinventEFv3.7,,"Lithium, ion",water/ground-,kg,,
Mapping/Input/Flowlists/ecoinventEFv3.7.csv,ecoinventEFv3.7,,"Lithium, ion","water/ground-, long-term",kg,,
Mapping/Input/Flowlists/ecoinventEFv3.7.csv,ecoinventEFv3.7,,"Lithium, ion",water/ocean,kg,,
Mapping/Input/Flowlists/ecoinventEFv3.7.csv,ecoinventEFv3.7,,"Lithium, ion",water/surface water,kg,,
Mapping/Input/Flowlists/ecoinventEFv3.7.csv,ecoinventEFv3.7,,"Lithium, ion",water/unspecified,kg,,
Mapping/Input/Flowlists/ecoinventEFv3.7.csv,ecoinventEFv3.7,,Lufenuron,soil/agricultural,kg,,
Mapping/Input/Flowlists/ecoinventEFv3.7.csv,ecoinventEFv3.7,,"Lutetium, in ground",natural resource/in ground,kg,,
Mapping/Input/Flowlists/ecoinventEFv3.7.csv,ecoinventEFv3.7,,"Magnesite, 60% in crude ore, in ground",natural resource/in ground,kg,,
Mapping/Input/Flowlists/ecoinventEFv3.7.csv,ecoinventEFv3.7,,"Magnesite, in ground",natural resource/in ground,kg,,
Mapping/Input/Flowlists/ecoinventEFv3.7.csv,ecoinventEFv3.7,,Magnesium,"air/low population density, long-term",kg,,
Mapping/Input/Flowlists/ecoinventEFv3.7.csv,ecoinventEFv3.7,,Magnesium,air/lower stratosphere + upper troposphere,kg,,
Mapping/Input/Flowlists/ecoinventEFv3.7.csv,ecoinventEFv3.7,,Magnesium,air/non-urban air or from high stacks,kg,,
Mapping/Input/Flowlists/ecoinventEFv3.7.csv,ecoinventEFv3.7,,Magnesium,air/unspecified,kg,,
Mapping/Input/Flowlists/ecoinventEFv3.7.csv,ecoinventEFv3.7,,Magnesium,air/urban air close to ground,kg,,
Mapping/Input/Flowlists/ecoinventEFv3.7.csv,ecoinventEFv3.7,,Magnesium,soil/agricultural,kg,,
Mapping/Input/Flowlists/ecoinventEFv3.7.csv,ecoinventEFv3.7,,Magnesium,soil/forestry,kg,,
Mapping/Input/Flowlists/ecoinventEFv3.7.csv,ecoinventEFv3.7,,Magnesium,soil/industrial,kg,,
Mapping/Input/Flowlists/ecoinventEFv3.7.csv,ecoinventEFv3.7,,Magnesium,soil/unspecified,kg,,
Mapping/Input/Flowlists/ecoinventEFv3.7.csv,ecoinventEFv3.7,,Magnesium,water/ground-,kg,,
Mapping/Input/Flowlists/ecoinventEFv3.7.csv,ecoinventEFv3.7,,Magnesium,"water/ground-, long-term",kg,,
Mapping/Input/Flowlists/ecoinventEFv3.7.csv,ecoinventEFv3.7,,Magnesium,water/ocean,kg,,
Mapping/Input/Flowlists/ecoinventEFv3.7.csv,ecoinventEFv3.7,,Magnesium,water/surface water,kg,,
Mapping/Input/Flowlists/ecoinventEFv3.7.csv,ecoinventEFv3.7,,Magnesium,water/unspecified,kg,,
Mapping/Input/Flowlists/ecoinventEFv3.7.csv,ecoinventEFv3.7,,Magnesium phosphide,soil/agricultural,kg,,
Mapping/Input/Flowlists/ecoinventEFv3.7.csv,ecoinventEFv3.7,,"Magnesium, 0.13% in water",natural resource/in water,kg,,
Mapping/Input/Flowlists/ecoinventEFv3.7.csv,ecoinventEFv3.7,,"Magnesium, in ground",natural resource/in ground,kg,,
Mapping/Input/Flowlists/ecoinventEFv3.7.csv,ecoinventEFv3.7,,"Magnesium, in water",natural resource/in water,kg,,
Mapping/Input/Flowlists/ecoinventEFv3.7.csv,ecoinventEFv3.7,,Malathion,soil/agricultural,kg,,karbofos
Mapping/Input/Flowlists/ecoinventEFv3.7.csv,ecoinventEFv3.7,,Maleic anhydride,water/unspecified,kg,,
Mapping/Input/Flowlists/ecoinventEFv3.7.csv,ecoinventEFv3.7,,Maleic hydrazide,soil/agricultural,kg,,maleic acid hydrazide
Mapping/Input/Flowlists/ecoinventEFv3.7.csv,ecoinventEFv3.7,,Mancozeb,soil/agricultural,kg,,manganese ethylenebis(dithiocarbamate) (polymeric) complex with zinc salt
Mapping/Input/Flowlists/ecoinventEFv3.7.csv,ecoinventEFv3.7,,Mandipropamid,soil/agricultural,kg,,
Mapping/Input/Flowlists/ecoinventEFv3.7.csv,ecoinventEFv3.7,,Maneb,soil/agricultural,kg,,manganese ethylenebis(ditiocarbamate) (polymeric)
Mapping/Input/Flowlists/ecoinventEFv3.7.csv,ecoinventEFv3.7,,Manganese,"air/low population density, long-term",kg,,
Mapping/Input/Flowlists/ecoinventEFv3.7.csv,ecoinventEFv3.7,,Manganese,air/lower stratosphere + upper troposphere,kg,,
Mapping/Input/Flowlists/ecoinventEFv3.7.csv,ecoinventEFv3.7,,Manganese,air/non-urban air or from high stacks,kg,,
Mapping/Input/Flowlists/ecoinventEFv3.7.csv,ecoinventEFv3.7,,Manganese,air/unspecified,kg,,
Mapping/Input/Flowlists/ecoinventEFv3.7.csv,ecoinventEFv3.7,,Manganese,air/urban air close to ground,kg,,
Mapping/Input/Flowlists/ecoinventEFv3.7.csv,ecoinventEFv3.7,,Manganese,soil/agricultural,kg,,
Mapping/Input/Flowlists/ecoinventEFv3.7.csv,ecoinventEFv3.7,,Manganese,soil/forestry,kg,,
Mapping/Input/Flowlists/ecoinventEFv3.7.csv,ecoinventEFv3.7,,Manganese,soil/industrial,kg,,
Mapping/Input/Flowlists/ecoinventEFv3.7.csv,ecoinventEFv3.7,,Manganese,soil/unspecified,kg,,
Mapping/Input/Flowlists/ecoinventEFv3.7.csv,ecoinventEFv3.7,,Manganese,water/ground-,kg,,
Mapping/Input/Flowlists/ecoinventEFv3.7.csv,ecoinventEFv3.7,,Manganese,"water/ground-, long-term",kg,,
Mapping/Input/Flowlists/ecoinventEFv3.7.csv,ecoinventEFv3.7,,Manganese,water/ocean,kg,,
Mapping/Input/Flowlists/ecoinventEFv3.7.csv,ecoinventEFv3.7,,Manganese,water/surface water,kg,,
Mapping/Input/Flowlists/ecoinventEFv3.7.csv,ecoinventEFv3.7,,Manganese,water/unspecified,kg,,
Mapping/Input/Flowlists/ecoinventEFv3.7.csv,ecoinventEFv3.7,,"Manganese, 35.7% in sedimentary deposit, 14.2% in crude ore, in ground",natural resource/in ground,kg,,
Mapping/Input/Flowlists/ecoinventEFv3.7.csv,ecoinventEFv3.7,,"Manganese, in ground",natural resource/in ground,kg,,
Mapping/Input/Flowlists/ecoinventEFv3.7.csv,ecoinventEFv3.7,,Manganese-54,"air/low population density, long-term",kBq,,
Mapping/Input/Flowlists/ecoinventEFv3.7.csv,ecoinventEFv3.7,,Manganese-54,air/lower stratosphere + upper troposphere,kBq,,
Mapping/Input/Flowlists/ecoinventEFv3.7.csv,ecoinventEFv3.7,,Manganese-54,air/non-urban air or from high stacks,kBq,,
Mapping/Input/Flowlists/ecoinventEFv3.7.csv,ecoinventEFv3.7,,Manganese-54,air/unspecified,kBq,,
Mapping/Input/Flowlists/ecoinventEFv3.7.csv,ecoinventEFv3.7,,Manganese-54,air/urban air close to ground,kBq,,
Mapping/Input/Flowlists/ecoinventEFv3.7.csv,ecoinventEFv3.7,,Manganese-54,water/ground-,kBq,,
Mapping/Input/Flowlists/ecoinventEFv3.7.csv,ecoinventEFv3.7,,Manganese-54,"water/ground-, long-term",kBq,,
Mapping/Input/Flowlists/ecoinventEFv3.7.csv,ecoinventEFv3.7,,Manganese-54,water/ocean,kBq,,
Mapping/Input/Flowlists/ecoinventEFv3.7.csv,ecoinventEFv3.7,,Manganese-54,water/surface water,kBq,,
Mapping/Input/Flowlists/ecoinventEFv3.7.csv,ecoinventEFv3.7,,Manganese-54,water/unspecified,kBq,,
Mapping/Input/Flowlists/ecoinventEFv3.7.csv,ecoinventEFv3.7,,Manganese-55,water/ground-,kBq,,
Mapping/Input/Flowlists/ecoinventEFv3.7.csv,ecoinventEFv3.7,,Manganese-55,"water/ground-, long-term",kBq,,
Mapping/Input/Flowlists/ecoinventEFv3.7.csv,ecoinventEFv3.7,,Manganese-55,water/ocean,kBq,,
Mapping/Input/Flowlists/ecoinventEFv3.7.csv,ecoinventEFv3.7,,Manganese-55,water/surface water,kBq,,
Mapping/Input/Flowlists/ecoinventEFv3.7.csv,ecoinventEFv3.7,,Manganese-55,water/unspecified,kBq,,
Mapping/Input/Flowlists/ecoinventEFv3.7.csv,ecoinventEFv3.7,,MCPA,air/non-urban air or from high stacks,kg,,(4-chloro-2-methylphenoxy)acetic acid
Mapping/Input/Flowlists/ecoinventEFv3.7.csv,ecoinventEFv3.7,,MCPA,soil/agricultural,kg,,(4-chloro-2-methylphenoxy)acetic acid
Mapping/Input/Flowlists/ecoinventEFv3.7.csv,ecoinventEFv3.7,,MCPA,water/ground-,kg,,(4-chloro-2-methylphenoxy)acetic acid
Mapping/Input/Flowlists/ecoinventEFv3.7.csv,ecoinventEFv3.7,,MCPA,water/surface water,kg,,(4-chloro-2-methylphenoxy)acetic acid
Mapping/Input/Flowlists/ecoinventEFv3.7.csv,ecoinventEFv3.7,,MCPB,air/non-urban air or from high stacks,kg,,4-(4-chloro-o-tolyloxy)butyric acid
Mapping/Input/Flowlists/ecoinventEFv3.7.csv,ecoinventEFv3.7,,MCPB,soil/agricultural,kg,,4-(4-chloro-o-tolyloxy)butyric acid
Mapping/Input/Flowlists/ecoinventEFv3.7.csv,ecoinventEFv3.7,,MCPB,water/ground-,kg,,4-(4-chloro-o-tolyloxy)butyric acid
Mapping/Input/Flowlists/ecoinventEFv3.7.csv,ecoinventEFv3.7,,MCPB,water/surface water,kg,,4-(4-chloro-o-tolyloxy)butyric acid
Mapping/Input/Flowlists/ecoinventEFv3.7.csv,ecoinventEFv3.7,,Mecoprop,soil/agricultural,kg,,(RS)-2-(4-chloro-o-tolyloxy)propionic acid
Mapping/Input/Flowlists/ecoinventEFv3.7.csv,ecoinventEFv3.7,,Mecoprop-P,soil/agricultural,kg,,(R)-2-(4-chloro-o-tolyloxy)propionic acid
Mapping/Input/Flowlists/ecoinventEFv3.7.csv,ecoinventEFv3.7,,Mefenpyr,soil/agricultural,kg,,"(RS)-1-(2,4-dichlorophenyl)-5-methyl-2-pyrazoline-3,5-dicarboxylic acid"
Mapping/Input/Flowlists/ecoinventEFv3.7.csv,ecoinventEFv3.7,,Mefenpyr-diethyl,soil/agricultural,kg,,"diethyl (RS)-1-(2,4-dichlorophenyl)-5-methyl-2-pyrazoline-3,5-dicarboxylate"
Mapping/Input/Flowlists/ecoinventEFv3.7.csv,ecoinventEFv3.7,,Mepanipyrim,soil/agricultural,kg,,
Mapping/Input/Flowlists/ecoinventEFv3.7.csv,ecoinventEFv3.7,,Mepiquat chloride,soil/agricultural,kg,,"1,1-dimethylpiperidinium chloride"
Mapping/Input/Flowlists/ecoinventEFv3.7.csv,ecoinventEFv3.7,,Mepronil,soil/agricultural,kg,,
Mapping/Input/Flowlists/ecoinventEFv3.7.csv,ecoinventEFv3.7,,Mercury,"air/low population density, long-term",kg,,
Mapping/Input/Flowlists/ecoinventEFv3.7.csv,ecoinventEFv3.7,,Mercury,air/lower stratosphere + upper troposphere,kg,,
Mapping/Input/Flowlists/ecoinventEFv3.7.csv,ecoinventEFv3.7,,Mercury,air/non-urban air or from high stacks,kg,,
Mapping/Input/Flowlists/ecoinventEFv3.7.csv,ecoinventEFv3.7,,Mercury,air/unspecified,kg,,
Mapping/Input/Flowlists/ecoinventEFv3.7.csv,ecoinventEFv3.7,,Mercury,air/urban air close to ground,kg,,
Mapping/Input/Flowlists/ecoinventEFv3.7.csv,ecoinventEFv3.7,,Mercury,soil/agricultural,kg,,
Mapping/Input/Flowlists/ecoinventEFv3.7.csv,ecoinventEFv3.7,,Mercury,soil/forestry,kg,,
Mapping/Input/Flowlists/ecoinventEFv3.7.csv,ecoinventEFv3.7,,Mercury,soil/industrial,kg,,
Mapping/Input/Flowlists/ecoinventEFv3.7.csv,ecoinventEFv3.7,,Mercury,soil/unspecified,kg,,
Mapping/Input/Flowlists/ecoinventEFv3.7.csv,ecoinventEFv3.7,,Mercury,water/ground-,kg,,
Mapping/Input/Flowlists/ecoinventEFv3.7.csv,ecoinventEFv3.7,,Mercury,"water/ground-, long-term",kg,,
Mapping/Input/Flowlists/ecoinventEFv3.7.csv,ecoinventEFv3.7,,Mercury,water/ocean,kg,,
Mapping/Input/Flowlists/ecoinventEFv3.7.csv,ecoinventEFv3.7,,Mercury,water/surface water,kg,,
Mapping/Input/Flowlists/ecoinventEFv3.7.csv,ecoinventEFv3.7,,Mercury,water/unspecified,kg,,
Mapping/Input/Flowlists/ecoinventEFv3.7.csv,ecoinventEFv3.7,,"Mercury, in ground",natural resource/in ground,kg,,
Mapping/Input/Flowlists/ecoinventEFv3.7.csv,ecoinventEFv3.7,,Mesosulfuron,soil/agricultural,kg,,
Mapping/Input/Flowlists/ecoinventEFv3.7.csv,ecoinventEFv3.7,,Mesosulfuron-methyl (prop),soil/agricultural,kg,,
Mapping/Input/Flowlists/ecoinventEFv3.7.csv,ecoinventEFv3.7,,Mesotrione,soil/agricultural,kg,,"2-(4-mesyl-2-nitrobenzoyl)cyclohexane-1,3-dione"
Mapping/Input/Flowlists/ecoinventEFv3.7.csv,ecoinventEFv3.7,,Metalaxil,soil/agricultural,kg,,"methyl N-(methoxyacetyl)-N-(2,6-xylyl)-DL-alaninate"
Mapping/Input/Flowlists/ecoinventEFv3.7.csv,ecoinventEFv3.7,,Metalaxyl-M,soil/agricultural,kg,,"(R)-2-{(2,6-dimethylphenylmethoxy)acetylamino}-propionic acid methyl ester"
Mapping/Input/Flowlists/ecoinventEFv3.7.csv,ecoinventEFv3.7,,Metaldehyde,soil/agricultural,kg,,"r-2,c-4,c-6,c-8-tetramethyl-1,3,5,7-tetroxocane"
Mapping/Input/Flowlists/ecoinventEFv3.7.csv,ecoinventEFv3.7,,Metamitron,soil/agricultural,kg,,"4-amino-4,5-dihydro-3-methyl-6-phenyl-1,2,4-triazin-5-one"
Mapping/Input/Flowlists/ecoinventEFv3.7.csv,ecoinventEFv3.7,,"Metamorphous rock, graphite containing, in ground",natural resource/in ground,kg,,
Mapping/Input/Flowlists/ecoinventEFv3.7.csv,ecoinventEFv3.7,,Metam-sodium,soil/agricultural,kg,,Maposol
Mapping/Input/Flowlists/ecoinventEFv3.7.csv,ecoinventEFv3.7,,Metazachlor,soil/agricultural,kg,,"2-chloro-N-(pyrazol-1-ylmethyl)acet-2´,6´-xylidide"
Mapping/Input/Flowlists/ecoinventEFv3.7.csv,ecoinventEFv3.7,,Metconazole,soil/agricultural,kg,,PSM
Mapping/Input/Flowlists/ecoinventEFv3.7.csv,ecoinventEFv3.7,,Methabenzthiazuron,soil/agricultural,kg,,"1-(1,3-benzothiazol-2-yl)-1,3-dimethylurea"
Mapping/Input/Flowlists/ecoinventEFv3.7.csv,ecoinventEFv3.7,,Methamidophos,soil/agricultural,kg,,Tahmabon
Mapping/Input/Flowlists/ecoinventEFv3.7.csv,ecoinventEFv3.7,,Methane,air/urban air close to ground,kg,,
Mapping/Input/Flowlists/ecoinventEFv3.7.csv,ecoinventEFv3.7,,"Methane, bromo-, Halon 1001","air/low population density, long-term",kg,,
Mapping/Input/Flowlists/ecoinventEFv3.7.csv,ecoinventEFv3.7,,"Methane, bromo-, Halon 1001",air/lower stratosphere + upper troposphere,kg,,
Mapping/Input/Flowlists/ecoinventEFv3.7.csv,ecoinventEFv3.7,,"Methane, bromo-, Halon 1001",air/non-urban air or from high stacks,kg,,
Mapping/Input/Flowlists/ecoinventEFv3.7.csv,ecoinventEFv3.7,,"Methane, bromo-, Halon 1001",air/unspecified,kg,,
Mapping/Input/Flowlists/ecoinventEFv3.7.csv,ecoinventEFv3.7,,"Methane, bromo-, Halon 1001",air/urban air close to ground,kg,,
Mapping/Input/Flowlists/ecoinventEFv3.7.csv,ecoinventEFv3.7,,"Methane, bromochlorodifluoro-, Halon 1211","air/low population density, long-term",kg,,
Mapping/Input/Flowlists/ecoinventEFv3.7.csv,ecoinventEFv3.7,,"Methane, bromochlorodifluoro-, Halon 1211",air/lower stratosphere + upper troposphere,kg,,
Mapping/Input/Flowlists/ecoinventEFv3.7.csv,ecoinventEFv3.7,,"Methane, bromochlorodifluoro-, Halon 1211",air/non-urban air or from high stacks,kg,,
Mapping/Input/Flowlists/ecoinventEFv3.7.csv,ecoinventEFv3.7,,"Methane, bromochlorodifluoro-, Halon 1211",air/unspecified,kg,,
Mapping/Input/Flowlists/ecoinventEFv3.7.csv,ecoinventEFv3.7,,"Methane, bromochlorodifluoro-, Halon 1211",air/urban air close to ground,kg,,
Mapping/Input/Flowlists/ecoinventEFv3.7.csv,ecoinventEFv3.7,,"Methane, bromotrifluoro-, Halon 1301","air/low population density, long-term",kg,,
Mapping/Input/Flowlists/ecoinventEFv3.7.csv,ecoinventEFv3.7,,"Methane, bromotrifluoro-, Halon 1301",air/lower stratosphere + upper troposphere,kg,,
Mapping/Input/Flowlists/ecoinventEFv3.7.csv,ecoinventEFv3.7,,"Methane, bromotrifluoro-, Halon 1301",air/non-urban air or from high stacks,kg,,
Mapping/Input/Flowlists/ecoinventEFv3.7.csv,ecoinventEFv3.7,,"Methane, bromotrifluoro-, Halon 1301",air/unspecified,kg,,
Mapping/Input/Flowlists/ecoinventEFv3.7.csv,ecoinventEFv3.7,,"Methane, bromotrifluoro-, Halon 1301",air/urban air close to ground,kg,,
Mapping/Input/Flowlists/ecoinventEFv3.7.csv,ecoinventEFv3.7,,"Methane, chlorodifluoro-, HCFC-22","air/low population density, long-term",kg,,
Mapping/Input/Flowlists/ecoinventEFv3.7.csv,ecoinventEFv3.7,,"Methane, chlorodifluoro-, HCFC-22",air/lower stratosphere + upper troposphere,kg,,
Mapping/Input/Flowlists/ecoinventEFv3.7.csv,ecoinventEFv3.7,,"Methane, chlorodifluoro-, HCFC-22",air/non-urban air or from high stacks,kg,,
Mapping/Input/Flowlists/ecoinventEFv3.7.csv,ecoinventEFv3.7,,"Methane, chlorodifluoro-, HCFC-22",air/unspecified,kg,,
Mapping/Input/Flowlists/ecoinventEFv3.7.csv,ecoinventEFv3.7,,"Methane, chlorodifluoro-, HCFC-22",air/urban air close to ground,kg,,
Mapping/Input/Flowlists/ecoinventEFv3.7.csv,ecoinventEFv3.7,,"Methane, chloro-fluoro-, HCFC-31","air/low population density, long-term",kg,,
Mapping/Input/Flowlists/ecoinventEFv3.7.csv,ecoinventEFv3.7,,"Methane, chloro-fluoro-, HCFC-31",air/lower stratosphere + upper troposphere,kg,,
Mapping/Input/Flowlists/ecoinventEFv3.7.csv,ecoinventEFv3.7,,"Methane, chloro-fluoro-, HCFC-31",air/non-urban air or from high stacks,kg,,
Mapping/Input/Flowlists/ecoinventEFv3.7.csv,ecoinventEFv3.7,,"Methane, chloro-fluoro-, HCFC-31",air/unspecified,kg,,
Mapping/Input/Flowlists/ecoinventEFv3.7.csv,ecoinventEFv3.7,,"Methane, chloro-fluoro-, HCFC-31",air/urban air close to ground,kg,,
Mapping/Input/Flowlists/ecoinventEFv3.7.csv,ecoinventEFv3.7,,"Methane, chlorotrifluoro-, CFC-13","air/low population density, long-term",kg,,
Mapping/Input/Flowlists/ecoinventEFv3.7.csv,ecoinventEFv3.7,,"Methane, chlorotrifluoro-, CFC-13",air/lower stratosphere + upper troposphere,kg,,
Mapping/Input/Flowlists/ecoinventEFv3.7.csv,ecoinventEFv3.7,,"Methane, chlorotrifluoro-, CFC-13",air/non-urban air or from high stacks,kg,,
Mapping/Input/Flowlists/ecoinventEFv3.7.csv,ecoinventEFv3.7,,"Methane, chlorotrifluoro-, CFC-13",air/unspecified,kg,,
Mapping/Input/Flowlists/ecoinventEFv3.7.csv,ecoinventEFv3.7,,"Methane, chlorotrifluoro-, CFC-13",air/urban air close to ground,kg,,
Mapping/Input/Flowlists/ecoinventEFv3.7.csv,ecoinventEFv3.7,,"Methane, dichloro-, HCC-30","air/low population density, long-term",kg,,
Mapping/Input/Flowlists/ecoinventEFv3.7.csv,ecoinventEFv3.7,,"Methane, dichloro-, HCC-30",air/lower stratosphere + upper troposphere,kg,,
Mapping/Input/Flowlists/ecoinventEFv3.7.csv,ecoinventEFv3.7,,"Methane, dichloro-, HCC-30",air/non-urban air or from high stacks,kg,,
Mapping/Input/Flowlists/ecoinventEFv3.7.csv,ecoinventEFv3.7,,"Methane, dichloro-, HCC-30",air/unspecified,kg,,
Mapping/Input/Flowlists/ecoinventEFv3.7.csv,ecoinventEFv3.7,,"Methane, dichloro-, HCC-30",air/urban air close to ground,kg,,
Mapping/Input/Flowlists/ecoinventEFv3.7.csv,ecoinventEFv3.7,,"Methane, dichloro-, HCC-30",water/ground-,kg,,methylenchlorid
Mapping/Input/Flowlists/ecoinventEFv3.7.csv,ecoinventEFv3.7,,"Methane, dichloro-, HCC-30","water/ground-, long-term",kg,,dichlormethan
Mapping/Input/Flowlists/ecoinventEFv3.7.csv,ecoinventEFv3.7,,"Methane, dichloro-, HCC-30",water/ocean,kg,,methylenchlorid
Mapping/Input/Flowlists/ecoinventEFv3.7.csv,ecoinventEFv3.7,,"Methane, dichloro-, HCC-30",water/surface water,kg,,methylenchlorid
Mapping/Input/Flowlists/ecoinventEFv3.7.csv,ecoinventEFv3.7,,"Methane, dichloro-, HCC-30",water/unspecified,kg,,methylenchlorid
Mapping/Input/Flowlists/ecoinventEFv3.7.csv,ecoinventEFv3.7,,"Methane, dichlorodifluoro-, CFC-12","air/low population density, long-term",kg,,
Mapping/Input/Flowlists/ecoinventEFv3.7.csv,ecoinventEFv3.7,,"Methane, dichlorodifluoro-, CFC-12",air/lower stratosphere + upper troposphere,kg,,
Mapping/Input/Flowlists/ecoinventEFv3.7.csv,ecoinventEFv3.7,,"Methane, dichlorodifluoro-, CFC-12",air/non-urban air or from high stacks,kg,,
Mapping/Input/Flowlists/ecoinventEFv3.7.csv,ecoinventEFv3.7,,"Methane, dichlorodifluoro-, CFC-12",air/unspecified,kg,,
Mapping/Input/Flowlists/ecoinventEFv3.7.csv,ecoinventEFv3.7,,"Methane, dichlorodifluoro-, CFC-12",air/urban air close to ground,kg,,
Mapping/Input/Flowlists/ecoinventEFv3.7.csv,ecoinventEFv3.7,,"Methane, dichlorofluoro-, HCFC-21","air/low population density, long-term",kg,,
Mapping/Input/Flowlists/ecoinventEFv3.7.csv,ecoinventEFv3.7,,"Methane, dichlorofluoro-, HCFC-21",air/lower stratosphere + upper troposphere,kg,,
Mapping/Input/Flowlists/ecoinventEFv3.7.csv,ecoinventEFv3.7,,"Methane, dichlorofluoro-, HCFC-21",air/non-urban air or from high stacks,kg,,
Mapping/Input/Flowlists/ecoinventEFv3.7.csv,ecoinventEFv3.7,,"Methane, dichlorofluoro-, HCFC-21",air/unspecified,kg,,
Mapping/Input/Flowlists/ecoinventEFv3.7.csv,ecoinventEFv3.7,,"Methane, dichlorofluoro-, HCFC-21",air/urban air close to ground,kg,,
Mapping/Input/Flowlists/ecoinventEFv3.7.csv,ecoinventEFv3.7,,"Methane, dichlorofluoro-, HCFC-21",water/ground-,kg,,Dichlormonofluormethan
Mapping/Input/Flowlists/ecoinventEFv3.7.csv,ecoinventEFv3.7,,"Methane, dichlorofluoro-, HCFC-21","water/ground-, long-term",kg,,Dichlormonofluormethan
Mapping/Input/Flowlists/ecoinventEFv3.7.csv,ecoinventEFv3.7,,"Methane, dichlorofluoro-, HCFC-21",water/ocean,kg,,Dichlormonofluormethan
Mapping/Input/Flowlists/ecoinventEFv3.7.csv,ecoinventEFv3.7,,"Methane, dichlorofluoro-, HCFC-21",water/surface water,kg,,Dichlormonofluormethan
Mapping/Input/Flowlists/ecoinventEFv3.7.csv,ecoinventEFv3.7,,"Methane, dichlorofluoro-, HCFC-21",water/unspecified,kg,,Dichlormonofluormethan
Mapping/Input/Flowlists/ecoinventEFv3.7.csv,ecoinventEFv3.7,,"Methane, difluoro-, HFC-32","air/low population density, long-term",kg,,
Mapping/Input/Flowlists/ecoinventEFv3.7.csv,ecoinventEFv3.7,,"Methane, difluoro-, HFC-32",air/lower stratosphere + upper troposphere,kg,,
Mapping/Input/Flowlists/ecoinventEFv3.7.csv,ecoinventEFv3.7,,"Methane, difluoro-, HFC-32",air/non-urban air or from high stacks,kg,,
Mapping/Input/Flowlists/ecoinventEFv3.7.csv,ecoinventEFv3.7,,"Methane, difluoro-, HFC-32",air/unspecified,kg,,
Mapping/Input/Flowlists/ecoinventEFv3.7.csv,ecoinventEFv3.7,,"Methane, difluoro-, HFC-32",air/urban air close to ground,kg,,
Mapping/Input/Flowlists/ecoinventEFv3.7.csv,ecoinventEFv3.7,,"Methane, fossil","air/low population density, long-term",kg,,
Mapping/Input/Flowlists/ecoinventEFv3.7.csv,ecoinventEFv3.7,,"Methane, fossil",air/lower stratosphere + upper troposphere,kg,,
Mapping/Input/Flowlists/ecoinventEFv3.7.csv,ecoinventEFv3.7,,"Methane, fossil",air/non-urban air or from high stacks,kg,,
Mapping/Input/Flowlists/ecoinventEFv3.7.csv,ecoinventEFv3.7,,"Methane, fossil",air/unspecified,kg,,
Mapping/Input/Flowlists/ecoinventEFv3.7.csv,ecoinventEFv3.7,,"Methane, fossil",air/urban air close to ground,kg,,
Mapping/Input/Flowlists/ecoinventEFv3.7.csv,ecoinventEFv3.7,,"Methane, from soil or biomass stock",air/indoor,kg,,
Mapping/Input/Flowlists/ecoinventEFv3.7.csv,ecoinventEFv3.7,,"Methane, from soil or biomass stock","air/low population density, long-term",kg,,
Mapping/Input/Flowlists/ecoinventEFv3.7.csv,ecoinventEFv3.7,,"Methane, from soil or biomass stock",air/lower stratosphere + upper troposphere,kg,,
Mapping/Input/Flowlists/ecoinventEFv3.7.csv,ecoinventEFv3.7,,"Methane, from soil or biomass stock",air/non-urban air or from high stacks,kg,,
Mapping/Input/Flowlists/ecoinventEFv3.7.csv,ecoinventEFv3.7,,"Methane, from soil or biomass stock",air/unspecified,kg,,
Mapping/Input/Flowlists/ecoinventEFv3.7.csv,ecoinventEFv3.7,,"Methane, from soil or biomass stock",air/urban air close to ground,kg,,
Mapping/Input/Flowlists/ecoinventEFv3.7.csv,ecoinventEFv3.7,,"Methane, monochloro-, R-40","air/low population density, long-term",kg,,Methyl Chloride
Mapping/Input/Flowlists/ecoinventEFv3.7.csv,ecoinventEFv3.7,,"Methane, monochloro-, R-40",air/lower stratosphere + upper troposphere,kg,,Monochloromethane
Mapping/Input/Flowlists/ecoinventEFv3.7.csv,ecoinventEFv3.7,,"Methane, monochloro-, R-40",air/non-urban air or from high stacks,kg,,
Mapping/Input/Flowlists/ecoinventEFv3.7.csv,ecoinventEFv3.7,,"Methane, monochloro-, R-40",air/unspecified,kg,,
Mapping/Input/Flowlists/ecoinventEFv3.7.csv,ecoinventEFv3.7,,"Methane, monochloro-, R-40",air/urban air close to ground,kg,,Monochloromethane
Mapping/Input/Flowlists/ecoinventEFv3.7.csv,ecoinventEFv3.7,,"Methane, non-fossil","air/low population density, long-term",kg,,
Mapping/Input/Flowlists/ecoinventEFv3.7.csv,ecoinventEFv3.7,,"Methane, non-fossil",air/lower stratosphere + upper troposphere,kg,,
Mapping/Input/Flowlists/ecoinventEFv3.7.csv,ecoinventEFv3.7,,"Methane, non-fossil",air/non-urban air or from high stacks,kg,,
Mapping/Input/Flowlists/ecoinventEFv3.7.csv,ecoinventEFv3.7,,"Methane, non-fossil",air/unspecified,kg,,
Mapping/Input/Flowlists/ecoinventEFv3.7.csv,ecoinventEFv3.7,,"Methane, non-fossil",air/urban air close to ground,kg,,
Mapping/Input/Flowlists/ecoinventEFv3.7.csv,ecoinventEFv3.7,,"Methane, tetrachloro-, R-10","air/low population density, long-term",kg,,Tetrachlormethan
Mapping/Input/Flowlists/ecoinventEFv3.7.csv,ecoinventEFv3.7,,"Methane, tetrachloro-, R-10",air/lower stratosphere + upper troposphere,kg,,Tetrachlormethan
Mapping/Input/Flowlists/ecoinventEFv3.7.csv,ecoinventEFv3.7,,"Methane, tetrachloro-, R-10",air/non-urban air or from high stacks,kg,,Freon 10
Mapping/Input/Flowlists/ecoinventEFv3.7.csv,ecoinventEFv3.7,,"Methane, tetrachloro-, R-10",air/unspecified,kg,,
Mapping/Input/Flowlists/ecoinventEFv3.7.csv,ecoinventEFv3.7,,"Methane, tetrachloro-, R-10",air/urban air close to ground,kg,,Freon 10
Mapping/Input/Flowlists/ecoinventEFv3.7.csv,ecoinventEFv3.7,,"Methane, tetrachloro-, R-10",water/ground-,kg,,Tetrachlormethan
Mapping/Input/Flowlists/ecoinventEFv3.7.csv,ecoinventEFv3.7,,"Methane, tetrachloro-, R-10","water/ground-, long-term",kg,,Tetrachlormethan
Mapping/Input/Flowlists/ecoinventEFv3.7.csv,ecoinventEFv3.7,,"Methane, tetrachloro-, R-10",water/ocean,kg,,Tetrachlormethan
Mapping/Input/Flowlists/ecoinventEFv3.7.csv,ecoinventEFv3.7,,"Methane, tetrachloro-, R-10",water/surface water,kg,,Tetrachlormethan
Mapping/Input/Flowlists/ecoinventEFv3.7.csv,ecoinventEFv3.7,,"Methane, tetrachloro-, R-10",water/unspecified,kg,,Tetrachlormethan
Mapping/Input/Flowlists/ecoinventEFv3.7.csv,ecoinventEFv3.7,,"Methane, tetrafluoro-, R-14","air/low population density, long-term",kg,,
Mapping/Input/Flowlists/ecoinventEFv3.7.csv,ecoinventEFv3.7,,"Methane, tetrafluoro-, R-14",air/lower stratosphere + upper troposphere,kg,,
Mapping/Input/Flowlists/ecoinventEFv3.7.csv,ecoinventEFv3.7,,"Methane, tetrafluoro-, R-14",air/non-urban air or from high stacks,kg,,
Mapping/Input/Flowlists/ecoinventEFv3.7.csv,ecoinventEFv3.7,,"Methane, tetrafluoro-, R-14",air/unspecified,kg,,
Mapping/Input/Flowlists/ecoinventEFv3.7.csv,ecoinventEFv3.7,,"Methane, tetrafluoro-, R-14",air/urban air close to ground,kg,,
Mapping/Input/Flowlists/ecoinventEFv3.7.csv,ecoinventEFv3.7,,"Methane, trichlorofluoro-, CFC-11","air/low population density, long-term",kg,,R11
Mapping/Input/Flowlists/ecoinventEFv3.7.csv,ecoinventEFv3.7,,"Methane, trichlorofluoro-, CFC-11",air/lower stratosphere + upper troposphere,kg,,R11
Mapping/Input/Flowlists/ecoinventEFv3.7.csv,ecoinventEFv3.7,,"Methane, trichlorofluoro-, CFC-11",air/non-urban air or from high stacks,kg,,R11
Mapping/Input/Flowlists/ecoinventEFv3.7.csv,ecoinventEFv3.7,,"Methane, trichlorofluoro-, CFC-11",air/unspecified,kg,,R11
Mapping/Input/Flowlists/ecoinventEFv3.7.csv,ecoinventEFv3.7,,"Methane, trichlorofluoro-, CFC-11",air/urban air close to ground,kg,,R11
Mapping/Input/Flowlists/ecoinventEFv3.7.csv,ecoinventEFv3.7,,"Methane, trifluoro-, HFC-23","air/low population density, long-term",kg,,R23
Mapping/Input/Flowlists/ecoinventEFv3.7.csv,ecoinventEFv3.7,,"Methane, trifluoro-, HFC-23",air/lower stratosphere + upper troposphere,kg,,R23
Mapping/Input/Flowlists/ecoinventEFv3.7.csv,ecoinventEFv3.7,,"Methane, trifluoro-, HFC-23",air/non-urban air or from high stacks,kg,,R23
Mapping/Input/Flowlists/ecoinventEFv3.7.csv,ecoinventEFv3.7,,"Methane, trifluoro-, HFC-23",air/unspecified,kg,,R23
Mapping/Input/Flowlists/ecoinventEFv3.7.csv,ecoinventEFv3.7,,"Methane, trifluoro-, HFC-23",air/urban air close to ground,kg,,R23
Mapping/Input/Flowlists/ecoinventEFv3.7.csv,ecoinventEFv3.7,,Methanesulfonic acid,"air/low population density, long-term",kg,,"methylsulfonic acid, MSA"
Mapping/Input/Flowlists/ecoinventEFv3.7.csv,ecoinventEFv3.7,,Methanesulfonic acid,air/lower stratosphere + upper troposphere,kg,,"methylsulfonic acid, MSA"
Mapping/Input/Flowlists/ecoinventEFv3.7.csv,ecoinventEFv3.7,,Methanesulfonic acid,air/non-urban air or from high stacks,kg,,"methylsulfonic acid, MSA"
Mapping/Input/Flowlists/ecoinventEFv3.7.csv,ecoinventEFv3.7,,Methanesulfonic acid,air/unspecified,kg,,"methylsulfonic acid, MSA"
Mapping/Input/Flowlists/ecoinventEFv3.7.csv,ecoinventEFv3.7,,Methanesulfonic acid,air/urban air close to ground,kg,,"methylsulfonic acid, MSA"
Mapping/Input/Flowlists/ecoinventEFv3.7.csv,ecoinventEFv3.7,,Methanol,"air/low population density, long-term",kg,,
Mapping/Input/Flowlists/ecoinventEFv3.7.csv,ecoinventEFv3.7,,Methanol,air/lower stratosphere + upper troposphere,kg,,
Mapping/Input/Flowlists/ecoinventEFv3.7.csv,ecoinventEFv3.7,,Methanol,air/non-urban air or from high stacks,kg,,
Mapping/Input/Flowlists/ecoinventEFv3.7.csv,ecoinventEFv3.7,,Methanol,air/unspecified,kg,,
Mapping/Input/Flowlists/ecoinventEFv3.7.csv,ecoinventEFv3.7,,Methanol,air/urban air close to ground,kg,,
Mapping/Input/Flowlists/ecoinventEFv3.7.csv,ecoinventEFv3.7,,Methanol,water/ground-,kg,,
Mapping/Input/Flowlists/ecoinventEFv3.7.csv,ecoinventEFv3.7,,Methanol,"water/ground-, long-term",kg,,
Mapping/Input/Flowlists/ecoinventEFv3.7.csv,ecoinventEFv3.7,,Methanol,water/ocean,kg,,
Mapping/Input/Flowlists/ecoinventEFv3.7.csv,ecoinventEFv3.7,,Methanol,water/surface water,kg,,
Mapping/Input/Flowlists/ecoinventEFv3.7.csv,ecoinventEFv3.7,,Methanol,water/unspecified,kg,,
Mapping/Input/Flowlists/ecoinventEFv3.7.csv,ecoinventEFv3.7,,Methidathion,soil/agricultural,kg,,
Mapping/Input/Flowlists/ecoinventEFv3.7.csv,ecoinventEFv3.7,,Methiocarb,soil/agricultural,kg,,"4-methylthio-3,5-xylyl methylcarbamate"
Mapping/Input/Flowlists/ecoinventEFv3.7.csv,ecoinventEFv3.7,,Methomyl,air/non-urban air or from high stacks,kg,,Lanox
Mapping/Input/Flowlists/ecoinventEFv3.7.csv,ecoinventEFv3.7,,Methomyl,soil/agricultural,kg,,Lanox 216
Mapping/Input/Flowlists/ecoinventEFv3.7.csv,ecoinventEFv3.7,,Methomyl,water/ground-,kg,,Lanox 216
Mapping/Input/Flowlists/ecoinventEFv3.7.csv,ecoinventEFv3.7,,Methomyl,water/surface water,kg,,Nu-bait II
Mapping/Input/Flowlists/ecoinventEFv3.7.csv,ecoinventEFv3.7,,Methoprene,soil/agricultural,kg,,
Mapping/Input/Flowlists/ecoinventEFv3.7.csv,ecoinventEFv3.7,,Methoxyfenozide,soil/agricultural,kg,,
Mapping/Input/Flowlists/ecoinventEFv3.7.csv,ecoinventEFv3.7,,Methyl acetate,"air/low population density, long-term",kg,,"acetic acid methyl ester, methyl ethanoate"
Mapping/Input/Flowlists/ecoinventEFv3.7.csv,ecoinventEFv3.7,,Methyl acetate,air/lower stratosphere + upper troposphere,kg,,"acetic acid methyl ester, methyl ethanoate"
Mapping/Input/Flowlists/ecoinventEFv3.7.csv,ecoinventEFv3.7,,Methyl acetate,air/non-urban air or from high stacks,kg,,"acetic acid methyl ester, methyl ethanoate"
Mapping/Input/Flowlists/ecoinventEFv3.7.csv,ecoinventEFv3.7,,Methyl acetate,air/unspecified,kg,,"acetic acid methyl ester, methyl ethanoate"
Mapping/Input/Flowlists/ecoinventEFv3.7.csv,ecoinventEFv3.7,,Methyl acetate,air/urban air close to ground,kg,,"acetic acid methyl ester, methyl ethanoate"
Mapping/Input/Flowlists/ecoinventEFv3.7.csv,ecoinventEFv3.7,,Methyl acetate,water/ground-,kg,,methyl ethanoate
Mapping/Input/Flowlists/ecoinventEFv3.7.csv,ecoinventEFv3.7,,Methyl acetate,"water/ground-, long-term",kg,,methyl ethanoate
Mapping/Input/Flowlists/ecoinventEFv3.7.csv,ecoinventEFv3.7,,Methyl acetate,water/ocean,kg,,methyl ethanoate
Mapping/Input/Flowlists/ecoinventEFv3.7.csv,ecoinventEFv3.7,,Methyl acetate,water/surface water,kg,,methyl ethanoate
Mapping/Input/Flowlists/ecoinventEFv3.7.csv,ecoinventEFv3.7,,Methyl acetate,water/unspecified,kg,,methyl ethanoate
Mapping/Input/Flowlists/ecoinventEFv3.7.csv,ecoinventEFv3.7,,Methyl acrylate,"air/low population density, long-term",kg,,
Mapping/Input/Flowlists/ecoinventEFv3.7.csv,ecoinventEFv3.7,,Methyl acrylate,air/lower stratosphere + upper troposphere,kg,,
Mapping/Input/Flowlists/ecoinventEFv3.7.csv,ecoinventEFv3.7,,Methyl acrylate,air/non-urban air or from high stacks,kg,,
Mapping/Input/Flowlists/ecoinventEFv3.7.csv,ecoinventEFv3.7,,Methyl acrylate,air/unspecified,kg,,
Mapping/Input/Flowlists/ecoinventEFv3.7.csv,ecoinventEFv3.7,,Methyl acrylate,air/urban air close to ground,kg,,
Mapping/Input/Flowlists/ecoinventEFv3.7.csv,ecoinventEFv3.7,,Methyl acrylate,water/ground-,kg,,
Mapping/Input/Flowlists/ecoinventEFv3.7.csv,ecoinventEFv3.7,,Methyl acrylate,"water/ground-, long-term",kg,,
Mapping/Input/Flowlists/ecoinventEFv3.7.csv,ecoinventEFv3.7,,Methyl acrylate,water/ocean,kg,,
Mapping/Input/Flowlists/ecoinventEFv3.7.csv,ecoinventEFv3.7,,Methyl acrylate,water/surface water,kg,,
Mapping/Input/Flowlists/ecoinventEFv3.7.csv,ecoinventEFv3.7,,Methyl acrylate,water/unspecified,kg,,
Mapping/Input/Flowlists/ecoinventEFv3.7.csv,ecoinventEFv3.7,,Methyl amine,"air/low population density, long-term",kg,,
Mapping/Input/Flowlists/ecoinventEFv3.7.csv,ecoinventEFv3.7,,Methyl amine,air/lower stratosphere + upper troposphere,kg,,
Mapping/Input/Flowlists/ecoinventEFv3.7.csv,ecoinventEFv3.7,,Methyl amine,air/non-urban air or from high stacks,kg,,
Mapping/Input/Flowlists/ecoinventEFv3.7.csv,ecoinventEFv3.7,,Methyl amine,air/unspecified,kg,,
Mapping/Input/Flowlists/ecoinventEFv3.7.csv,ecoinventEFv3.7,,Methyl amine,air/urban air close to ground,kg,,
Mapping/Input/Flowlists/ecoinventEFv3.7.csv,ecoinventEFv3.7,,Methyl amine,water/ground-,kg,,
Mapping/Input/Flowlists/ecoinventEFv3.7.csv,ecoinventEFv3.7,,Methyl amine,"water/ground-, long-term",kg,,
Mapping/Input/Flowlists/ecoinventEFv3.7.csv,ecoinventEFv3.7,,Methyl amine,water/ocean,kg,,
Mapping/Input/Flowlists/ecoinventEFv3.7.csv,ecoinventEFv3.7,,Methyl amine,water/surface water,kg,,
Mapping/Input/Flowlists/ecoinventEFv3.7.csv,ecoinventEFv3.7,,Methyl amine,water/unspecified,kg,,
Mapping/Input/Flowlists/ecoinventEFv3.7.csv,ecoinventEFv3.7,,Methyl borate,"air/low population density, long-term",kg,,
Mapping/Input/Flowlists/ecoinventEFv3.7.csv,ecoinventEFv3.7,,Methyl borate,air/lower stratosphere + upper troposphere,kg,,
Mapping/Input/Flowlists/ecoinventEFv3.7.csv,ecoinventEFv3.7,,Methyl borate,air/non-urban air or from high stacks,kg,,
Mapping/Input/Flowlists/ecoinventEFv3.7.csv,ecoinventEFv3.7,,Methyl borate,air/unspecified,kg,,
Mapping/Input/Flowlists/ecoinventEFv3.7.csv,ecoinventEFv3.7,,Methyl borate,air/urban air close to ground,kg,,
Mapping/Input/Flowlists/ecoinventEFv3.7.csv,ecoinventEFv3.7,,Methyl borate,water/ground-,kg,,
Mapping/Input/Flowlists/ecoinventEFv3.7.csv,ecoinventEFv3.7,,Methyl borate,"water/ground-, long-term",kg,,
Mapping/Input/Flowlists/ecoinventEFv3.7.csv,ecoinventEFv3.7,,Methyl borate,water/ocean,kg,,
Mapping/Input/Flowlists/ecoinventEFv3.7.csv,ecoinventEFv3.7,,Methyl borate,water/surface water,kg,,
Mapping/Input/Flowlists/ecoinventEFv3.7.csv,ecoinventEFv3.7,,Methyl borate,water/unspecified,kg,,
Mapping/Input/Flowlists/ecoinventEFv3.7.csv,ecoinventEFv3.7,,Methyl ethyl ketone,"air/low population density, long-term",kg,,
Mapping/Input/Flowlists/ecoinventEFv3.7.csv,ecoinventEFv3.7,,Methyl ethyl ketone,air/lower stratosphere + upper troposphere,kg,,
Mapping/Input/Flowlists/ecoinventEFv3.7.csv,ecoinventEFv3.7,,Methyl ethyl ketone,air/non-urban air or from high stacks,kg,,
Mapping/Input/Flowlists/ecoinventEFv3.7.csv,ecoinventEFv3.7,,Methyl ethyl ketone,air/unspecified,kg,,
Mapping/Input/Flowlists/ecoinventEFv3.7.csv,ecoinventEFv3.7,,Methyl ethyl ketone,air/urban air close to ground,kg,,
Mapping/Input/Flowlists/ecoinventEFv3.7.csv,ecoinventEFv3.7,,Methyl ethyl ketone,water/surface water,kg,,
Mapping/Input/Flowlists/ecoinventEFv3.7.csv,ecoinventEFv3.7,,Methyl formate,"air/low population density, long-term",kg,,
Mapping/Input/Flowlists/ecoinventEFv3.7.csv,ecoinventEFv3.7,,Methyl formate,air/lower stratosphere + upper troposphere,kg,,
Mapping/Input/Flowlists/ecoinventEFv3.7.csv,ecoinventEFv3.7,,Methyl formate,air/non-urban air or from high stacks,kg,,
Mapping/Input/Flowlists/ecoinventEFv3.7.csv,ecoinventEFv3.7,,Methyl formate,air/unspecified,kg,,
Mapping/Input/Flowlists/ecoinventEFv3.7.csv,ecoinventEFv3.7,,Methyl formate,air/urban air close to ground,kg,,
Mapping/Input/Flowlists/ecoinventEFv3.7.csv,ecoinventEFv3.7,,Methyl formate,water/ground-,kg,,
Mapping/Input/Flowlists/ecoinventEFv3.7.csv,ecoinventEFv3.7,,Methyl formate,"water/ground-, long-term",kg,,
Mapping/Input/Flowlists/ecoinventEFv3.7.csv,ecoinventEFv3.7,,Methyl formate,water/ocean,kg,,
Mapping/Input/Flowlists/ecoinventEFv3.7.csv,ecoinventEFv3.7,,Methyl formate,water/surface water,kg,,
Mapping/Input/Flowlists/ecoinventEFv3.7.csv,ecoinventEFv3.7,,Methyl formate,water/unspecified,kg,,
Mapping/Input/Flowlists/ecoinventEFv3.7.csv,ecoinventEFv3.7,,Methyl lactate,"air/low population density, long-term",kg,,"methyl DL-lactate, 2-mydroxy-propanoic acid methyl ester"
Mapping/Input/Flowlists/ecoinventEFv3.7.csv,ecoinventEFv3.7,,Methyl lactate,air/lower stratosphere + upper troposphere,kg,,"methyl DL-lactate, 2-mydroxy-propanoic acid methyl ester"
Mapping/Input/Flowlists/ecoinventEFv3.7.csv,ecoinventEFv3.7,,Methyl lactate,air/non-urban air or from high stacks,kg,,"methyl DL-lactate, 2-mydroxy-propanoic acid methyl ester"
Mapping/Input/Flowlists/ecoinventEFv3.7.csv,ecoinventEFv3.7,,Methyl lactate,air/unspecified,kg,,"methyl DL-lactate, 2-mydroxy-propanoic acid methyl ester"
Mapping/Input/Flowlists/ecoinventEFv3.7.csv,ecoinventEFv3.7,,Methyl lactate,air/urban air close to ground,kg,,"methyl DL-lactate, 2-mydroxy-propanoic acid methyl ester"
Mapping/Input/Flowlists/ecoinventEFv3.7.csv,ecoinventEFv3.7,,Methyl parathion,air/non-urban air or from high stacks,kg,,
Mapping/Input/Flowlists/ecoinventEFv3.7.csv,ecoinventEFv3.7,,Methyl parathion,soil/agricultural,kg,,
Mapping/Input/Flowlists/ecoinventEFv3.7.csv,ecoinventEFv3.7,,Methyl pentane,water/ground-,kg,,Isohexane
Mapping/Input/Flowlists/ecoinventEFv3.7.csv,ecoinventEFv3.7,,Methyl pentane,"water/ground-, long-term",kg,,Isohexane
Mapping/Input/Flowlists/ecoinventEFv3.7.csv,ecoinventEFv3.7,,Methyl pentane,water/ocean,kg,,Isohexane
Mapping/Input/Flowlists/ecoinventEFv3.7.csv,ecoinventEFv3.7,,Methyl pentane,water/surface water,kg,,Isohexane
Mapping/Input/Flowlists/ecoinventEFv3.7.csv,ecoinventEFv3.7,,Methyl pentane,water/unspecified,kg,,Isohexane
Mapping/Input/Flowlists/ecoinventEFv3.7.csv,ecoinventEFv3.7,,Methylamine,air/unspecified,kg,,
Mapping/Input/Flowlists/ecoinventEFv3.7.csv,ecoinventEFv3.7,,Metiram,soil/agricultural,kg,,Carbatene
Mapping/Input/Flowlists/ecoinventEFv3.7.csv,ecoinventEFv3.7,,Metobromuron,soil/agricultural,kg,,
Mapping/Input/Flowlists/ecoinventEFv3.7.csv,ecoinventEFv3.7,,Metolachlor,air/non-urban air or from high stacks,kg,,
Mapping/Input/Flowlists/ecoinventEFv3.7.csv,ecoinventEFv3.7,,Metolachlor,soil/agricultural,kg,,2-chloro-6'-ethyl-N-(2-methoxy-1-methylethyl)aceto-o-toluidide
Mapping/Input/Flowlists/ecoinventEFv3.7.csv,ecoinventEFv3.7,,Metolachlor,water/ground-,kg,,2-chloro-6'-ethyl-N-(2-methoxy-1-methylethyl)aceto-o-toluidide
Mapping/Input/Flowlists/ecoinventEFv3.7.csv,ecoinventEFv3.7,,Metolachlor,water/surface water,kg,,2-chloro-6'-ethyl-N-(2-methoxy-1-methylethyl)aceto-o-toluidide
Mapping/Input/Flowlists/ecoinventEFv3.7.csv,ecoinventEFv3.7,,Metosulam,soil/agricultural,kg,,metosulam
Mapping/Input/Flowlists/ecoinventEFv3.7.csv,ecoinventEFv3.7,,Metribuzin,air/non-urban air or from high stacks,kg,,
Mapping/Input/Flowlists/ecoinventEFv3.7.csv,ecoinventEFv3.7,,Metribuzin,soil/agricultural,kg,,"4-amino-6-tert-butyl-4,5-dihydro-3-methylthio-1,2,4-triazin-5-one"
Mapping/Input/Flowlists/ecoinventEFv3.7.csv,ecoinventEFv3.7,,Metsulfuron-methyl,soil/agricultural,kg,,PSM
Mapping/Input/Flowlists/ecoinventEFv3.7.csv,ecoinventEFv3.7,,Mevinfos,soil/agricultural,kg,,
Mapping/Input/Flowlists/ecoinventEFv3.7.csv,ecoinventEFv3.7,,Mineral oil,soil/agricultural,kg,,
Mapping/Input/Flowlists/ecoinventEFv3.7.csv,ecoinventEFv3.7,,Molinate,soil/agricultural,kg,,Yulan
Mapping/Input/Flowlists/ecoinventEFv3.7.csv,ecoinventEFv3.7,,Molybdenum,"air/low population density, long-term",kg,,
Mapping/Input/Flowlists/ecoinventEFv3.7.csv,ecoinventEFv3.7,,Molybdenum,air/lower stratosphere + upper troposphere,kg,,
Mapping/Input/Flowlists/ecoinventEFv3.7.csv,ecoinventEFv3.7,,Molybdenum,air/non-urban air or from high stacks,kg,,
Mapping/Input/Flowlists/ecoinventEFv3.7.csv,ecoinventEFv3.7,,Molybdenum,air/unspecified,kg,,
Mapping/Input/Flowlists/ecoinventEFv3.7.csv,ecoinventEFv3.7,,Molybdenum,air/urban air close to ground,kg,,
Mapping/Input/Flowlists/ecoinventEFv3.7.csv,ecoinventEFv3.7,,Molybdenum,soil/agricultural,kg,,
Mapping/Input/Flowlists/ecoinventEFv3.7.csv,ecoinventEFv3.7,,Molybdenum,soil/forestry,kg,,
Mapping/Input/Flowlists/ecoinventEFv3.7.csv,ecoinventEFv3.7,,Molybdenum,soil/industrial,kg,,
Mapping/Input/Flowlists/ecoinventEFv3.7.csv,ecoinventEFv3.7,,Molybdenum,soil/unspecified,kg,,
Mapping/Input/Flowlists/ecoinventEFv3.7.csv,ecoinventEFv3.7,,Molybdenum,water/ground-,kg,,
Mapping/Input/Flowlists/ecoinventEFv3.7.csv,ecoinventEFv3.7,,Molybdenum,"water/ground-, long-term",kg,,
Mapping/Input/Flowlists/ecoinventEFv3.7.csv,ecoinventEFv3.7,,Molybdenum,water/ocean,kg,,
Mapping/Input/Flowlists/ecoinventEFv3.7.csv,ecoinventEFv3.7,,Molybdenum,water/surface water,kg,,
Mapping/Input/Flowlists/ecoinventEFv3.7.csv,ecoinventEFv3.7,,Molybdenum,water/unspecified,kg,,
Mapping/Input/Flowlists/ecoinventEFv3.7.csv,ecoinventEFv3.7,,"Molybdenum, 0.010% in sulfide, Mo 8.2E-3% and Cu 1.83% in crude ore, in ground",natural resource/in ground,kg,,
Mapping/Input/Flowlists/ecoinventEFv3.7.csv,ecoinventEFv3.7,,"Molybdenum, 0.014% in sulfide, Mo 8.2E-3% and Cu 0.81% in crude ore, in ground",natural resource/in ground,kg,,
Mapping/Input/Flowlists/ecoinventEFv3.7.csv,ecoinventEFv3.7,,"Molybdenum, 0.016% in sulfide, Mo 8.2E-3% and Cu 0.27% in crude ore, in ground",natural resource/in ground,kg,,
Mapping/Input/Flowlists/ecoinventEFv3.7.csv,ecoinventEFv3.7,,"Molybdenum, 0.022% in sulfide, Mo 8.2E-3% and Cu 0.22% in crude ore, in ground",natural resource/in ground,kg,,
Mapping/Input/Flowlists/ecoinventEFv3.7.csv,ecoinventEFv3.7,,"Molybdenum, 0.022% in sulfide, Mo 8.2E-3% and Cu 0.36% in crude ore, in ground",natural resource/in ground,kg,,
Mapping/Input/Flowlists/ecoinventEFv3.7.csv,ecoinventEFv3.7,,"Molybdenum, 0.025% in sulfide, Mo 8.2E-3% and Cu 0.39% in crude ore, in ground",natural resource/in ground,kg,,
Mapping/Input/Flowlists/ecoinventEFv3.7.csv,ecoinventEFv3.7,,"Molybdenum, 0.11% in sulfide, Mo 4.1E-2% and Cu 0.36% in crude ore, in ground",natural resource/in ground,kg,,
Mapping/Input/Flowlists/ecoinventEFv3.7.csv,ecoinventEFv3.7,,"Molybdenum, in ground",natural resource/in ground,kg,,
Mapping/Input/Flowlists/ecoinventEFv3.7.csv,ecoinventEFv3.7,,Molybdenum-99,water/ground-,kBq,,
Mapping/Input/Flowlists/ecoinventEFv3.7.csv,ecoinventEFv3.7,,Molybdenum-99,"water/ground-, long-term",kBq,,
Mapping/Input/Flowlists/ecoinventEFv3.7.csv,ecoinventEFv3.7,,Molybdenum-99,water/ocean,kBq,,
Mapping/Input/Flowlists/ecoinventEFv3.7.csv,ecoinventEFv3.7,,Molybdenum-99,water/surface water,kBq,,
Mapping/Input/Flowlists/ecoinventEFv3.7.csv,ecoinventEFv3.7,,Molybdenum-99,water/unspecified,kBq,,
Mapping/Input/Flowlists/ecoinventEFv3.7.csv,ecoinventEFv3.7,,Monobutyltin,water/ocean,kg,,
Mapping/Input/Flowlists/ecoinventEFv3.7.csv,ecoinventEFv3.7,,Monochloroethane,"air/low population density, long-term",kg,,
Mapping/Input/Flowlists/ecoinventEFv3.7.csv,ecoinventEFv3.7,,Monochloroethane,air/lower stratosphere + upper troposphere,kg,,
Mapping/Input/Flowlists/ecoinventEFv3.7.csv,ecoinventEFv3.7,,Monochloroethane,air/non-urban air or from high stacks,kg,,
Mapping/Input/Flowlists/ecoinventEFv3.7.csv,ecoinventEFv3.7,,Monochloroethane,air/unspecified,kg,,
Mapping/Input/Flowlists/ecoinventEFv3.7.csv,ecoinventEFv3.7,,Monochloroethane,air/urban air close to ground,kg,,
Mapping/Input/Flowlists/ecoinventEFv3.7.csv,ecoinventEFv3.7,,Monochloroethane,water/ground-,kg,,
Mapping/Input/Flowlists/ecoinventEFv3.7.csv,ecoinventEFv3.7,,Monochloroethane,"water/ground-, long-term",kg,,
Mapping/Input/Flowlists/ecoinventEFv3.7.csv,ecoinventEFv3.7,,Monochloroethane,water/ocean,kg,,
Mapping/Input/Flowlists/ecoinventEFv3.7.csv,ecoinventEFv3.7,,Monochloroethane,water/surface water,kg,,
Mapping/Input/Flowlists/ecoinventEFv3.7.csv,ecoinventEFv3.7,,Monochloroethane,water/unspecified,kg,,
Mapping/Input/Flowlists/ecoinventEFv3.7.csv,ecoinventEFv3.7,,Monocrotophos,soil/agricultural,kg,,dimethyl (E)-1-methyl-2-(methylcarbamoyl)vinyl phosphate
Mapping/Input/Flowlists/ecoinventEFv3.7.csv,ecoinventEFv3.7,,Monoethanolamine,"air/low population density, long-term",kg,,
Mapping/Input/Flowlists/ecoinventEFv3.7.csv,ecoinventEFv3.7,,Monoethanolamine,air/lower stratosphere + upper troposphere,kg,,
Mapping/Input/Flowlists/ecoinventEFv3.7.csv,ecoinventEFv3.7,,Monoethanolamine,air/non-urban air or from high stacks,kg,,
Mapping/Input/Flowlists/ecoinventEFv3.7.csv,ecoinventEFv3.7,,Monoethanolamine,air/unspecified,kg,,
Mapping/Input/Flowlists/ecoinventEFv3.7.csv,ecoinventEFv3.7,,Monoethanolamine,air/urban air close to ground,kg,,
Mapping/Input/Flowlists/ecoinventEFv3.7.csv,ecoinventEFv3.7,,Monoethanolamine,water/unspecified,kg,,
Mapping/Input/Flowlists/ecoinventEFv3.7.csv,ecoinventEFv3.7,,Monolinuron,soil/agricultural,kg,,3-(4-chlorophenyl)-1-methoxy-1-methylurea
Mapping/Input/Flowlists/ecoinventEFv3.7.csv,ecoinventEFv3.7,,Monophenyltin,water/ocean,kg,,
Mapping/Input/Flowlists/ecoinventEFv3.7.csv,ecoinventEFv3.7,,MSMA,soil/agricultural,kg,,Clean Crop MSMA 6 Plus
Mapping/Input/Flowlists/ecoinventEFv3.7.csv,ecoinventEFv3.7,,m-Xylene,"air/low population density, long-term",kg,,
Mapping/Input/Flowlists/ecoinventEFv3.7.csv,ecoinventEFv3.7,,m-Xylene,air/lower stratosphere + upper troposphere,kg,,
Mapping/Input/Flowlists/ecoinventEFv3.7.csv,ecoinventEFv3.7,,m-Xylene,air/non-urban air or from high stacks,kg,,
Mapping/Input/Flowlists/ecoinventEFv3.7.csv,ecoinventEFv3.7,,m-Xylene,air/unspecified,kg,,
Mapping/Input/Flowlists/ecoinventEFv3.7.csv,ecoinventEFv3.7,,m-Xylene,air/urban air close to ground,kg,,
Mapping/Input/Flowlists/ecoinventEFv3.7.csv,ecoinventEFv3.7,,m-Xylene,water/ground-,kg,,
Mapping/Input/Flowlists/ecoinventEFv3.7.csv,ecoinventEFv3.7,,m-Xylene,"water/ground-, long-term",kg,,
Mapping/Input/Flowlists/ecoinventEFv3.7.csv,ecoinventEFv3.7,,m-Xylene,water/ocean,kg,,
Mapping/Input/Flowlists/ecoinventEFv3.7.csv,ecoinventEFv3.7,,m-Xylene,water/surface water,kg,,
Mapping/Input/Flowlists/ecoinventEFv3.7.csv,ecoinventEFv3.7,,m-Xylene,water/unspecified,kg,,
Mapping/Input/Flowlists/ecoinventEFv3.7.csv,ecoinventEFv3.7,,Myclobutanil,soil/agricultural,kg,,
Mapping/Input/Flowlists/ecoinventEFv3.7.csv,ecoinventEFv3.7,,Naled,soil/agricultural,kg,,Bromchlorphos
Mapping/Input/Flowlists/ecoinventEFv3.7.csv,ecoinventEFv3.7,,Naphtalene,air/unspecified,kg,,"bicyclo(4.4.0)deca-1,3,5,7,9-pentene"
Mapping/Input/Flowlists/ecoinventEFv3.7.csv,ecoinventEFv3.7,,Naphtalene,water/surface water,kg,,"bicyclo(4.4.0)deca-1,3,5,7,9-pentene"
Mapping/Input/Flowlists/ecoinventEFv3.7.csv,ecoinventEFv3.7,,Naphthalene,air/unspecified,kg,,
Mapping/Input/Flowlists/ecoinventEFv3.7.csv,ecoinventEFv3.7,,Napropamide,soil/agricultural,kg,,"(RS)-N,N-diethyl-2-(1-naphthyloxy)propionamide"
Mapping/Input/Flowlists/ecoinventEFv3.7.csv,ecoinventEFv3.7,,N-Bromoacetamide,"air/low population density, long-term",kg,,
Mapping/Input/Flowlists/ecoinventEFv3.7.csv,ecoinventEFv3.7,,N-Bromoacetamide,air/lower stratosphere + upper troposphere,kg,,
Mapping/Input/Flowlists/ecoinventEFv3.7.csv,ecoinventEFv3.7,,N-Bromoacetamide,air/non-urban air or from high stacks,kg,,
Mapping/Input/Flowlists/ecoinventEFv3.7.csv,ecoinventEFv3.7,,N-Bromoacetamide,air/unspecified,kg,,
Mapping/Input/Flowlists/ecoinventEFv3.7.csv,ecoinventEFv3.7,,N-Bromoacetamide,air/urban air close to ground,kg,,
Mapping/Input/Flowlists/ecoinventEFv3.7.csv,ecoinventEFv3.7,,Neburon,soil/agricultural,kg,,
Mapping/Input/Flowlists/ecoinventEFv3.7.csv,ecoinventEFv3.7,,"Neodymium, 4% in bastnasite, 0.4% in crude ore, in ground",natural resource/in ground,kg,,
Mapping/Input/Flowlists/ecoinventEFv3.7.csv,ecoinventEFv3.7,,"Neodymium, in ground",natural resource/in ground,kg,,
Mapping/Input/Flowlists/ecoinventEFv3.7.csv,ecoinventEFv3.7,,Neptunium-237,"air/low population density, long-term",kBq,,
Mapping/Input/Flowlists/ecoinventEFv3.7.csv,ecoinventEFv3.7,,Neptunium-237,air/lower stratosphere + upper troposphere,kBq,,
Mapping/Input/Flowlists/ecoinventEFv3.7.csv,ecoinventEFv3.7,,Neptunium-237,air/non-urban air or from high stacks,kBq,,
Mapping/Input/Flowlists/ecoinventEFv3.7.csv,ecoinventEFv3.7,,Neptunium-237,air/unspecified,kBq,,
Mapping/Input/Flowlists/ecoinventEFv3.7.csv,ecoinventEFv3.7,,Neptunium-237,air/urban air close to ground,kBq,,
Mapping/Input/Flowlists/ecoinventEFv3.7.csv,ecoinventEFv3.7,,Neptunium-237,water/ground-,kBq,,
Mapping/Input/Flowlists/ecoinventEFv3.7.csv,ecoinventEFv3.7,,Neptunium-237,"water/ground-, long-term",kBq,,
Mapping/Input/Flowlists/ecoinventEFv3.7.csv,ecoinventEFv3.7,,Neptunium-237,water/ocean,kBq,,
Mapping/Input/Flowlists/ecoinventEFv3.7.csv,ecoinventEFv3.7,,Neptunium-237,water/surface water,kBq,,
Mapping/Input/Flowlists/ecoinventEFv3.7.csv,ecoinventEFv3.7,,Neptunium-237,water/unspecified,kBq,,
Mapping/Input/Flowlists/ecoinventEFv3.7.csv,ecoinventEFv3.7,,"Ni, Ni 2.3E+0%, Pt 2.5E-4%, Pd 7.3E-4%, Rh 2.0E-5%, Cu 3.2E+0% in ore, in ground",natural resource/in ground,kg,,
Mapping/Input/Flowlists/ecoinventEFv3.7.csv,ecoinventEFv3.7,,"Ni, Ni 3.7E-2%, Pt 4.8E-4%, Pd 2.0E-4%, Rh 2.4E-5%, Cu 5.2E-2% in ore, in ground",natural resource/in ground,kg,,
Mapping/Input/Flowlists/ecoinventEFv3.7.csv,ecoinventEFv3.7,,Nickel,"air/low population density, long-term",kg,,
Mapping/Input/Flowlists/ecoinventEFv3.7.csv,ecoinventEFv3.7,,Nickel,air/lower stratosphere + upper troposphere,kg,,
Mapping/Input/Flowlists/ecoinventEFv3.7.csv,ecoinventEFv3.7,,Nickel,air/non-urban air or from high stacks,kg,,
Mapping/Input/Flowlists/ecoinventEFv3.7.csv,ecoinventEFv3.7,,Nickel,air/unspecified,kg,,
Mapping/Input/Flowlists/ecoinventEFv3.7.csv,ecoinventEFv3.7,,Nickel,air/urban air close to ground,kg,,
Mapping/Input/Flowlists/ecoinventEFv3.7.csv,ecoinventEFv3.7,,Nickel,soil/agricultural,kg,,
Mapping/Input/Flowlists/ecoinventEFv3.7.csv,ecoinventEFv3.7,,Nickel,soil/forestry,kg,,
Mapping/Input/Flowlists/ecoinventEFv3.7.csv,ecoinventEFv3.7,,Nickel,soil/industrial,kg,,
Mapping/Input/Flowlists/ecoinventEFv3.7.csv,ecoinventEFv3.7,,Nickel,soil/unspecified,kg,,
Mapping/Input/Flowlists/ecoinventEFv3.7.csv,ecoinventEFv3.7,,Nickel,water/ground-,kg,,
Mapping/Input/Flowlists/ecoinventEFv3.7.csv,ecoinventEFv3.7,,"Nickel, 1.13% in sulfide, Ni 0.76% and Cu 0.76% in crude ore, in ground",natural resource/in ground,kg,,
Mapping/Input/Flowlists/ecoinventEFv3.7.csv,ecoinventEFv3.7,,"Nickel, 1.98% in silicates, 1.04% in crude ore, in ground",natural resource/in ground,kg,,
Mapping/Input/Flowlists/ecoinventEFv3.7.csv,ecoinventEFv3.7,,"Nickel, in ground",natural resource/in ground,kg,,
Mapping/Input/Flowlists/ecoinventEFv3.7.csv,ecoinventEFv3.7,,"Nickel, ion",water/ground-,kg,,
Mapping/Input/Flowlists/ecoinventEFv3.7.csv,ecoinventEFv3.7,,"Nickel, ion","water/ground-, long-term",kg,,
Mapping/Input/Flowlists/ecoinventEFv3.7.csv,ecoinventEFv3.7,,"Nickel, ion",water/ocean,kg,,
Mapping/Input/Flowlists/ecoinventEFv3.7.csv,ecoinventEFv3.7,,"Nickel, ion",water/surface water,kg,,
Mapping/Input/Flowlists/ecoinventEFv3.7.csv,ecoinventEFv3.7,,"Nickel, ion",water/unspecified,kg,,
Mapping/Input/Flowlists/ecoinventEFv3.7.csv,ecoinventEFv3.7,,"Nickel, Ni 2.5E+0%, in mixed ore, in ground",natural resource/in ground,kg,,
Mapping/Input/Flowlists/ecoinventEFv3.7.csv,ecoinventEFv3.7,,Nicosulfuron,soil/agricultural,kg,,"2-(4,6-dimethoxypyrimidin-2-ylcarbamoylsulfamoyl)-N,N-dimethylnicotinamide"
Mapping/Input/Flowlists/ecoinventEFv3.7.csv,ecoinventEFv3.7,,"Niobium, in ground",natural resource/in ground,kg,,
Mapping/Input/Flowlists/ecoinventEFv3.7.csv,ecoinventEFv3.7,,Niobium-95,"air/low population density, long-term",kBq,,
Mapping/Input/Flowlists/ecoinventEFv3.7.csv,ecoinventEFv3.7,,Niobium-95,air/lower stratosphere + upper troposphere,kBq,,
Mapping/Input/Flowlists/ecoinventEFv3.7.csv,ecoinventEFv3.7,,Niobium-95,air/non-urban air or from high stacks,kBq,,
Mapping/Input/Flowlists/ecoinventEFv3.7.csv,ecoinventEFv3.7,,Niobium-95,air/unspecified,kBq,,
Mapping/Input/Flowlists/ecoinventEFv3.7.csv,ecoinventEFv3.7,,Niobium-95,air/urban air close to ground,kBq,,
Mapping/Input/Flowlists/ecoinventEFv3.7.csv,ecoinventEFv3.7,,Niobium-95,water/ground-,kBq,,
Mapping/Input/Flowlists/ecoinventEFv3.7.csv,ecoinventEFv3.7,,Niobium-95,"water/ground-, long-term",kBq,,
Mapping/Input/Flowlists/ecoinventEFv3.7.csv,ecoinventEFv3.7,,Niobium-95,water/ocean,kBq,,
Mapping/Input/Flowlists/ecoinventEFv3.7.csv,ecoinventEFv3.7,,Niobium-95,water/surface water,kBq,,
Mapping/Input/Flowlists/ecoinventEFv3.7.csv,ecoinventEFv3.7,,Niobium-95,water/unspecified,kBq,,
Mapping/Input/Flowlists/ecoinventEFv3.7.csv,ecoinventEFv3.7,,Nitrate,"air/low population density, long-term",kg,,
Mapping/Input/Flowlists/ecoinventEFv3.7.csv,ecoinventEFv3.7,,Nitrate,air/lower stratosphere + upper troposphere,kg,,
Mapping/Input/Flowlists/ecoinventEFv3.7.csv,ecoinventEFv3.7,,Nitrate,air/non-urban air or from high stacks,kg,,
Mapping/Input/Flowlists/ecoinventEFv3.7.csv,ecoinventEFv3.7,,Nitrate,air/unspecified,kg,,
Mapping/Input/Flowlists/ecoinventEFv3.7.csv,ecoinventEFv3.7,,Nitrate,air/urban air close to ground,kg,,
Mapping/Input/Flowlists/ecoinventEFv3.7.csv,ecoinventEFv3.7,,Nitrate,soil/unspecified,kg,,
Mapping/Input/Flowlists/ecoinventEFv3.7.csv,ecoinventEFv3.7,,Nitrate,water/ground-,kg,,
Mapping/Input/Flowlists/ecoinventEFv3.7.csv,ecoinventEFv3.7,,Nitrate,"water/ground-, long-term",kg,,
Mapping/Input/Flowlists/ecoinventEFv3.7.csv,ecoinventEFv3.7,,Nitrate,water/ocean,kg,,
Mapping/Input/Flowlists/ecoinventEFv3.7.csv,ecoinventEFv3.7,,Nitrate,water/surface water,kg,,
Mapping/Input/Flowlists/ecoinventEFv3.7.csv,ecoinventEFv3.7,,Nitrate,water/unspecified,kg,,
Mapping/Input/Flowlists/ecoinventEFv3.7.csv,ecoinventEFv3.7,,Nitric acid,soil/industrial,kg,,
Mapping/Input/Flowlists/ecoinventEFv3.7.csv,ecoinventEFv3.7,,Nitric oxide,air/unspecified,kg,,
Mapping/Input/Flowlists/ecoinventEFv3.7.csv,ecoinventEFv3.7,,Nitrite,water/ground-,kg,,
Mapping/Input/Flowlists/ecoinventEFv3.7.csv,ecoinventEFv3.7,,Nitrite,"water/ground-, long-term",kg,,
Mapping/Input/Flowlists/ecoinventEFv3.7.csv,ecoinventEFv3.7,,Nitrite,water/ocean,kg,,
Mapping/Input/Flowlists/ecoinventEFv3.7.csv,ecoinventEFv3.7,,Nitrite,water/surface water,kg,,
Mapping/Input/Flowlists/ecoinventEFv3.7.csv,ecoinventEFv3.7,,Nitrite,water/unspecified,kg,,
Mapping/Input/Flowlists/ecoinventEFv3.7.csv,ecoinventEFv3.7,,Nitrobenzene,"air/low population density, long-term",kg,,
Mapping/Input/Flowlists/ecoinventEFv3.7.csv,ecoinventEFv3.7,,Nitrobenzene,air/lower stratosphere + upper troposphere,kg,,
Mapping/Input/Flowlists/ecoinventEFv3.7.csv,ecoinventEFv3.7,,Nitrobenzene,air/non-urban air or from high stacks,kg,,
Mapping/Input/Flowlists/ecoinventEFv3.7.csv,ecoinventEFv3.7,,Nitrobenzene,air/unspecified,kg,,
Mapping/Input/Flowlists/ecoinventEFv3.7.csv,ecoinventEFv3.7,,Nitrobenzene,air/urban air close to ground,kg,,
Mapping/Input/Flowlists/ecoinventEFv3.7.csv,ecoinventEFv3.7,,Nitrobenzene,water/ground-,kg,,
Mapping/Input/Flowlists/ecoinventEFv3.7.csv,ecoinventEFv3.7,,Nitrobenzene,"water/ground-, long-term",kg,,
Mapping/Input/Flowlists/ecoinventEFv3.7.csv,ecoinventEFv3.7,,Nitrobenzene,water/ocean,kg,,
Mapping/Input/Flowlists/ecoinventEFv3.7.csv,ecoinventEFv3.7,,Nitrobenzene,water/surface water,kg,,
Mapping/Input/Flowlists/ecoinventEFv3.7.csv,ecoinventEFv3.7,,Nitrobenzene,water/unspecified,kg,,
Mapping/Input/Flowlists/ecoinventEFv3.7.csv,ecoinventEFv3.7,,Nitrogen,air/unspecified,kg,,
Mapping/Input/Flowlists/ecoinventEFv3.7.csv,ecoinventEFv3.7,,Nitrogen,natural resource/in air,kg,,
Mapping/Input/Flowlists/ecoinventEFv3.7.csv,ecoinventEFv3.7,,Nitrogen,soil/agricultural,kg,,
Mapping/Input/Flowlists/ecoinventEFv3.7.csv,ecoinventEFv3.7,,Nitrogen,soil/forestry,kg,,
Mapping/Input/Flowlists/ecoinventEFv3.7.csv,ecoinventEFv3.7,,Nitrogen,soil/industrial,kg,,
Mapping/Input/Flowlists/ecoinventEFv3.7.csv,ecoinventEFv3.7,,Nitrogen,soil/unspecified,kg,,
Mapping/Input/Flowlists/ecoinventEFv3.7.csv,ecoinventEFv3.7,,Nitrogen,water/ground-,kg,,
Mapping/Input/Flowlists/ecoinventEFv3.7.csv,ecoinventEFv3.7,,Nitrogen,"water/ground-, long-term",kg,,
Mapping/Input/Flowlists/ecoinventEFv3.7.csv,ecoinventEFv3.7,,Nitrogen,water/ocean,kg,,
Mapping/Input/Flowlists/ecoinventEFv3.7.csv,ecoinventEFv3.7,,Nitrogen,water/surface water,kg,,
Mapping/Input/Flowlists/ecoinventEFv3.7.csv,ecoinventEFv3.7,,Nitrogen,water/unspecified,kg,,
Mapping/Input/Flowlists/ecoinventEFv3.7.csv,ecoinventEFv3.7,,Nitrogen dioxide,water/surface water,kg,,Nitrogen(IV) oxide
Mapping/Input/Flowlists/ecoinventEFv3.7.csv,ecoinventEFv3.7,,Nitrogen fluoride,"air/low population density, long-term",kg,,trifluoramine
Mapping/Input/Flowlists/ecoinventEFv3.7.csv,ecoinventEFv3.7,,Nitrogen fluoride,air/lower stratosphere + upper troposphere,kg,,nitrogen trifluoride
Mapping/Input/Flowlists/ecoinventEFv3.7.csv,ecoinventEFv3.7,,Nitrogen fluoride,air/non-urban air or from high stacks,kg,,trifluoramine
Mapping/Input/Flowlists/ecoinventEFv3.7.csv,ecoinventEFv3.7,,Nitrogen fluoride,air/unspecified,kg,,nitrogen trifluoride
Mapping/Input/Flowlists/ecoinventEFv3.7.csv,ecoinventEFv3.7,,Nitrogen fluoride,air/urban air close to ground,kg,,trifluoramine
Mapping/Input/Flowlists/ecoinventEFv3.7.csv,ecoinventEFv3.7,,Nitrogen oxides,"air/low population density, long-term",kg,,
Mapping/Input/Flowlists/ecoinventEFv3.7.csv,ecoinventEFv3.7,,Nitrogen oxides,air/lower stratosphere + upper troposphere,kg,,
Mapping/Input/Flowlists/ecoinventEFv3.7.csv,ecoinventEFv3.7,,Nitrogen oxides,air/non-urban air or from high stacks,kg,,
Mapping/Input/Flowlists/ecoinventEFv3.7.csv,ecoinventEFv3.7,,Nitrogen oxides,air/unspecified,kg,,
Mapping/Input/Flowlists/ecoinventEFv3.7.csv,ecoinventEFv3.7,,Nitrogen oxides,air/urban air close to ground,kg,,
Mapping/Input/Flowlists/ecoinventEFv3.7.csv,ecoinventEFv3.7,,"Nitrogen, organic bound",water/ground-,kg,,
Mapping/Input/Flowlists/ecoinventEFv3.7.csv,ecoinventEFv3.7,,"Nitrogen, organic bound","water/ground-, long-term",kg,,
Mapping/Input/Flowlists/ecoinventEFv3.7.csv,ecoinventEFv3.7,,"Nitrogen, organic bound",water/ocean,kg,,
Mapping/Input/Flowlists/ecoinventEFv3.7.csv,ecoinventEFv3.7,,"Nitrogen, organic bound",water/surface water,kg,,
Mapping/Input/Flowlists/ecoinventEFv3.7.csv,ecoinventEFv3.7,,"Nitrogen, organic bound",water/unspecified,kg,,
Mapping/Input/Flowlists/ecoinventEFv3.7.csv,ecoinventEFv3.7,,Nitrothal-isopropyl,soil/agricultural,kg,,
Mapping/Input/Flowlists/ecoinventEFv3.7.csv,ecoinventEFv3.7,,"NMVOC, non-methane volatile organic compounds, unspecified origin","air/low population density, long-term",kg,,not including single substances
Mapping/Input/Flowlists/ecoinventEFv3.7.csv,ecoinventEFv3.7,,"NMVOC, non-methane volatile organic compounds, unspecified origin",air/lower stratosphere + upper troposphere,kg,,not including single substances
Mapping/Input/Flowlists/ecoinventEFv3.7.csv,ecoinventEFv3.7,,"NMVOC, non-methane volatile organic compounds, unspecified origin",air/non-urban air or from high stacks,kg,,
Mapping/Input/Flowlists/ecoinventEFv3.7.csv,ecoinventEFv3.7,,"NMVOC, non-methane volatile organic compounds, unspecified origin",air/unspecified,kg,,
Mapping/Input/Flowlists/ecoinventEFv3.7.csv,ecoinventEFv3.7,,"NMVOC, non-methane volatile organic compounds, unspecified origin",air/urban air close to ground,kg,,
Mapping/Input/Flowlists/ecoinventEFv3.7.csv,ecoinventEFv3.7,,"Noble gases, radioactive, unspecified","air/low population density, long-term",kBq,,
Mapping/Input/Flowlists/ecoinventEFv3.7.csv,ecoinventEFv3.7,,"Noble gases, radioactive, unspecified",air/lower stratosphere + upper troposphere,kBq,,
Mapping/Input/Flowlists/ecoinventEFv3.7.csv,ecoinventEFv3.7,,"Noble gases, radioactive, unspecified",air/non-urban air or from high stacks,kBq,,
Mapping/Input/Flowlists/ecoinventEFv3.7.csv,ecoinventEFv3.7,,"Noble gases, radioactive, unspecified",air/unspecified,kBq,,
Mapping/Input/Flowlists/ecoinventEFv3.7.csv,ecoinventEFv3.7,,"Noble gases, radioactive, unspecified",air/urban air close to ground,kBq,,
Mapping/Input/Flowlists/ecoinventEFv3.7.csv,ecoinventEFv3.7,,Norflurazon,soil/agricultural,kg,,"Pyridazinone, 4-chloro-5-(methylamino)-2-(alpha,alpha,alpha-trifluoro-m-tolyl)-"
Mapping/Input/Flowlists/ecoinventEFv3.7.csv,ecoinventEFv3.7,,Novaluron,soil/agricultural,kg,,
Mapping/Input/Flowlists/ecoinventEFv3.7.csv,ecoinventEFv3.7,,"Occupation, annual crop",natural resource/land,m2*a,,
Mapping/Input/Flowlists/ecoinventEFv3.7.csv,ecoinventEFv3.7,,"Occupation, annual crop, flooded crop",natural resource/land,m2*a,,
Mapping/Input/Flowlists/ecoinventEFv3.7.csv,ecoinventEFv3.7,,"Occupation, annual crop, greenhouse",natural resource/land,m2*a,,
Mapping/Input/Flowlists/ecoinventEFv3.7.csv,ecoinventEFv3.7,,"Occupation, annual crop, irrigated",natural resource/land,m2*a,,
Mapping/Input/Flowlists/ecoinventEFv3.7.csv,ecoinventEFv3.7,,"Occupation, annual crop, irrigated, extensive",natural resource/land,m2*a,,
Mapping/Input/Flowlists/ecoinventEFv3.7.csv,ecoinventEFv3.7,,"Occupation, annual crop, irrigated, intensive",natural resource/land,m2*a,,
Mapping/Input/Flowlists/ecoinventEFv3.7.csv,ecoinventEFv3.7,,"Occupation, annual crop, non-irrigated",natural resource/land,m2*a,,"Ackerbau, nicht bewässert"
Mapping/Input/Flowlists/ecoinventEFv3.7.csv,ecoinventEFv3.7,,"Occupation, annual crop, non-irrigated, extensive",natural resource/land,m2*a,,"Produktion von Getreide, Hackfrüchten, Gemüse, etc."
Mapping/Input/Flowlists/ecoinventEFv3.7.csv,ecoinventEFv3.7,,"Occupation, annual crop, non-irrigated, intensive",natural resource/land,m2*a,,"Produktion von Getreide, Hackfrüchten, Gemüse, etc."
Mapping/Input/Flowlists/ecoinventEFv3.7.csv,ecoinventEFv3.7,,"Occupation, arable land, unspecified use",natural resource/land,m2*a,,
Mapping/Input/Flowlists/ecoinventEFv3.7.csv,ecoinventEFv3.7,,"Occupation, arable, conservation tillage (obsolete)",natural resource/land,m2,,
Mapping/Input/Flowlists/ecoinventEFv3.7.csv,ecoinventEFv3.7,,"Occupation, arable, conventional tillage (obsolete)",natural resource/land,m2,,
Mapping/Input/Flowlists/ecoinventEFv3.7.csv,ecoinventEFv3.7,,"Occupation, arable, reduced tillage (obsolete)",natural resource/land,m2,,
Mapping/Input/Flowlists/ecoinventEFv3.7.csv,ecoinventEFv3.7,,"Occupation, bare area (non-use)",natural resource/land,m2*a,,
Mapping/Input/Flowlists/ecoinventEFv3.7.csv,ecoinventEFv3.7,,"Occupation, construction site",natural resource/land,m2*a,,
Mapping/Input/Flowlists/ecoinventEFv3.7.csv,ecoinventEFv3.7,,"Occupation, cropland fallow (non-use)",natural resource/land,m2*a,,Angebaute Brachen in Fruchtfolgen
Mapping/Input/Flowlists/ecoinventEFv3.7.csv,ecoinventEFv3.7,,"Occupation, dump site",natural resource/land,m2*a,,"Oberirdische Deponien, z.B. Reaktor-, Inertstoff-, oder Reststoffdeponie"
Mapping/Input/Flowlists/ecoinventEFv3.7.csv,ecoinventEFv3.7,,"Occupation, field margin/hedgerow",natural resource/land,m2*a,,
Mapping/Input/Flowlists/ecoinventEFv3.7.csv,ecoinventEFv3.7,,"Occupation, forest, extensive",natural resource/land,m2*a,,
Mapping/Input/Flowlists/ecoinventEFv3.7.csv,ecoinventEFv3.7,,"Occupation, forest, intensive",natural resource/land,m2*a,,"Normale Bewirtschaftung in der Schweiz für Bau- und Konstruktionsholz, Palmen"
Mapping/Input/Flowlists/ecoinventEFv3.7.csv,ecoinventEFv3.7,,"Occupation, forest, primary (non-use)",natural resource/land,m2*a,,
Mapping/Input/Flowlists/ecoinventEFv3.7.csv,ecoinventEFv3.7,,"Occupation, forest, secondary (non-use)",natural resource/land,m2*a,,
Mapping/Input/Flowlists/ecoinventEFv3.7.csv,ecoinventEFv3.7,,"Occupation, forest, unspecified",natural resource/land,m2*a,,Wald ohne nähere Angaben
Mapping/Input/Flowlists/ecoinventEFv3.7.csv,ecoinventEFv3.7,,"Occupation, grassland, natural (non-use)",natural resource/land,m2*a,,
Mapping/Input/Flowlists/ecoinventEFv3.7.csv,ecoinventEFv3.7,,"Occupation, grassland, natural, for livestock grazing",natural resource/land,m2*a,,
Mapping/Input/Flowlists/ecoinventEFv3.7.csv,ecoinventEFv3.7,,"Occupation, heterogeneous, agricultural",natural resource/land,m2*a,,Landwirtschaftliche Fläche mit signifikanten Anteilen natürlicher Vegetation
Mapping/Input/Flowlists/ecoinventEFv3.7.csv,ecoinventEFv3.7,,"Occupation, industrial area",natural resource/land,m2*a,,
Mapping/Input/Flowlists/ecoinventEFv3.7.csv,ecoinventEFv3.7,,"Occupation, inland waterbody, unspecified",natural resource/land,m2*a,,
Mapping/Input/Flowlists/ecoinventEFv3.7.csv,ecoinventEFv3.7,,"Occupation, lake, artificial",natural resource/land,m2*a,,
Mapping/Input/Flowlists/ecoinventEFv3.7.csv,ecoinventEFv3.7,,"Occupation, lake, natural (non-use)",natural resource/land,m2*a,,
Mapping/Input/Flowlists/ecoinventEFv3.7.csv,ecoinventEFv3.7,,"Occupation, mineral extraction site",natural resource/land,m2*a,,
Mapping/Input/Flowlists/ecoinventEFv3.7.csv,ecoinventEFv3.7,,"Occupation, pasture, man made",natural resource/land,m2*a,,Grasland ohne nähere Informationen
Mapping/Input/Flowlists/ecoinventEFv3.7.csv,ecoinventEFv3.7,,"Occupation, pasture, man made, extensive",natural resource/land,m2*a,,Extensive landwirtschaftliche Nutzung von Grasland mit wenig oder keiner Düngung
Mapping/Input/Flowlists/ecoinventEFv3.7.csv,ecoinventEFv3.7,,"Occupation, pasture, man made, intensive",natural resource/land,m2*a,,"Grasland mit häufiger Ernte, Düngung, etc."
Mapping/Input/Flowlists/ecoinventEFv3.7.csv,ecoinventEFv3.7,,"Occupation, permanent crop",natural resource/land,m2*a,,Dauerkultur ohne nähere Angaben
Mapping/Input/Flowlists/ecoinventEFv3.7.csv,ecoinventEFv3.7,,"Occupation, permanent crop, irrigated",natural resource/land,m2*a,,Obstanbau
Mapping/Input/Flowlists/ecoinventEFv3.7.csv,ecoinventEFv3.7,,"Occupation, permanent crop, irrigated, extensive",natural resource/land,m2*a,,Extensiver Obstbau
Mapping/Input/Flowlists/ecoinventEFv3.7.csv,ecoinventEFv3.7,,"Occupation, permanent crop, irrigated, intensive",natural resource/land,m2*a,,"Intensiver Obstbau, z.B. Kirschen, Kokosnüsse"
Mapping/Input/Flowlists/ecoinventEFv3.7.csv,ecoinventEFv3.7,,"Occupation, permanent crop, non-irrigated",natural resource/land,m2*a,,Weinbau
Mapping/Input/Flowlists/ecoinventEFv3.7.csv,ecoinventEFv3.7,,"Occupation, permanent crop, non-irrigated, extensive",natural resource/land,m2*a,,Extensiver Weinbau
Mapping/Input/Flowlists/ecoinventEFv3.7.csv,ecoinventEFv3.7,,"Occupation, permanent crop, non-irrigated, intensive",natural resource/land,m2*a,,Intensiver Weinbau
Mapping/Input/Flowlists/ecoinventEFv3.7.csv,ecoinventEFv3.7,,"Occupation, river, artificial",natural resource/land,m2*a,,
Mapping/Input/Flowlists/ecoinventEFv3.7.csv,ecoinventEFv3.7,,"Occupation, river, natural (non-use)",natural resource/land,m2*a,,
Mapping/Input/Flowlists/ecoinventEFv3.7.csv,ecoinventEFv3.7,,"Occupation, seabed, drilling and mining",natural resource/land,m2*a,,Für Deponierung von Bohrschlämmen
Mapping/Input/Flowlists/ecoinventEFv3.7.csv,ecoinventEFv3.7,,"Occupation, seabed, infrastructure",natural resource/land,m2*a,,"Pipelines, Bohrplattformen"
Mapping/Input/Flowlists/ecoinventEFv3.7.csv,ecoinventEFv3.7,,"Occupation, seabed, natural (non-use)",natural resource/land,m2*a,,
Mapping/Input/Flowlists/ecoinventEFv3.7.csv,ecoinventEFv3.7,,"Occupation, seabed, unspecified",natural resource/land,m2*a,,
Mapping/Input/Flowlists/ecoinventEFv3.7.csv,ecoinventEFv3.7,,"Occupation, shrub land, sclerophyllous",natural resource/land,m2*a,,"Hecken, Uferzonen, Schonstreifen, Ruderal- und Sukzessionsfl., Seitenstreifen"
Mapping/Input/Flowlists/ecoinventEFv3.7.csv,ecoinventEFv3.7,,"Occupation, snow and ice (non-use)",natural resource/land,m2*a,,
Mapping/Input/Flowlists/ecoinventEFv3.7.csv,ecoinventEFv3.7,,"Occupation, traffic area, rail network",natural resource/land,m2*a,,"Schiene, ohne Bahngebäude, Werkhallen, etc."
Mapping/Input/Flowlists/ecoinventEFv3.7.csv,ecoinventEFv3.7,,"Occupation, traffic area, rail/road embankment",natural resource/land,m2*a,,"Tankstellen, Gebäude für Unterhalt"
Mapping/Input/Flowlists/ecoinventEFv3.7.csv,ecoinventEFv3.7,,"Occupation, traffic area, road network",natural resource/land,m2*a,,"Strasse und Parkplätze, ohne Tankstellen, Gebäude für Unterhalt"
Mapping/Input/Flowlists/ecoinventEFv3.7.csv,ecoinventEFv3.7,,"Occupation, unspecified",natural resource/land,m2*a,,Überhaupt keine Angaben zum Landnutzungstyp vorhanden
Mapping/Input/Flowlists/ecoinventEFv3.7.csv,ecoinventEFv3.7,,"Occupation, unspecified, natural (non-use)",natural resource/land,m2*a,,
Mapping/Input/Flowlists/ecoinventEFv3.7.csv,ecoinventEFv3.7,,"Occupation, urban, continuously built",natural resource/land,m2*a,,"Städtische Siedlung, Bürogebäude"
Mapping/Input/Flowlists/ecoinventEFv3.7.csv,ecoinventEFv3.7,,"Occupation, urban, discontinuously built",natural resource/land,m2*a,,"Wohnsiedlungen, Bauernhöfe, Ställe, Treibhäuser, Silos"
Mapping/Input/Flowlists/ecoinventEFv3.7.csv,ecoinventEFv3.7,,"Occupation, urban, green area",natural resource/land,m2*a,,
Mapping/Input/Flowlists/ecoinventEFv3.7.csv,ecoinventEFv3.7,,"Occupation, urban/industrial fallow (non-use)",natural resource/land,m2*a,,
Mapping/Input/Flowlists/ecoinventEFv3.7.csv,ecoinventEFv3.7,,"Occupation, wetland, coastal (non-use)",natural resource/land,m2*a,,
Mapping/Input/Flowlists/ecoinventEFv3.7.csv,ecoinventEFv3.7,,"Occupation, wetland, inland (non-use)",natural resource/land,m2*a,,
Mapping/Input/Flowlists/ecoinventEFv3.7.csv,ecoinventEFv3.7,,Octaethylene glycol monododecyl ether,air/unspecified,kg,,
Mapping/Input/Flowlists/ecoinventEFv3.7.csv,ecoinventEFv3.7,,Octanoic acid,soil/agricultural,kg,,
Mapping/Input/Flowlists/ecoinventEFv3.7.csv,ecoinventEFv3.7,,o-Dichlorobenzene,water/ground-,kg,,
Mapping/Input/Flowlists/ecoinventEFv3.7.csv,ecoinventEFv3.7,,o-Dichlorobenzene,"water/ground-, long-term",kg,,
Mapping/Input/Flowlists/ecoinventEFv3.7.csv,ecoinventEFv3.7,,o-Dichlorobenzene,water/ocean,kg,,
Mapping/Input/Flowlists/ecoinventEFv3.7.csv,ecoinventEFv3.7,,o-Dichlorobenzene,water/surface water,kg,,
Mapping/Input/Flowlists/ecoinventEFv3.7.csv,ecoinventEFv3.7,,o-Dichlorobenzene,water/unspecified,kg,,
Mapping/Input/Flowlists/ecoinventEFv3.7.csv,ecoinventEFv3.7,,"Oil, crude, in ground",natural resource/in ground,kg,,
Mapping/Input/Flowlists/ecoinventEFv3.7.csv,ecoinventEFv3.7,,"Oils, non-fossil",soil/agricultural,kg,,
Mapping/Input/Flowlists/ecoinventEFv3.7.csv,ecoinventEFv3.7,,"Oils, non-fossil",soil/forestry,kg,,
Mapping/Input/Flowlists/ecoinventEFv3.7.csv,ecoinventEFv3.7,,"Oils, non-fossil",soil/industrial,kg,,
Mapping/Input/Flowlists/ecoinventEFv3.7.csv,ecoinventEFv3.7,,"Oils, non-fossil",soil/unspecified,kg,,
Mapping/Input/Flowlists/ecoinventEFv3.7.csv,ecoinventEFv3.7,,"Oils, non-fossil",water/ocean,kg,,
Mapping/Input/Flowlists/ecoinventEFv3.7.csv,ecoinventEFv3.7,,"Oils, non-fossil",water/surface water,kg,,
Mapping/Input/Flowlists/ecoinventEFv3.7.csv,ecoinventEFv3.7,,"Oils, unspecified",soil/agricultural,kg,,
Mapping/Input/Flowlists/ecoinventEFv3.7.csv,ecoinventEFv3.7,,"Oils, unspecified",soil/forestry,kg,,
Mapping/Input/Flowlists/ecoinventEFv3.7.csv,ecoinventEFv3.7,,"Oils, unspecified",soil/industrial,kg,,
Mapping/Input/Flowlists/ecoinventEFv3.7.csv,ecoinventEFv3.7,,"Oils, unspecified",soil/unspecified,kg,,
Mapping/Input/Flowlists/ecoinventEFv3.7.csv,ecoinventEFv3.7,,"Oils, unspecified",water/ground-,kg,,
Mapping/Input/Flowlists/ecoinventEFv3.7.csv,ecoinventEFv3.7,,"Oils, unspecified","water/ground-, long-term",kg,,
Mapping/Input/Flowlists/ecoinventEFv3.7.csv,ecoinventEFv3.7,,"Oils, unspecified",water/ocean,kg,,
Mapping/Input/Flowlists/ecoinventEFv3.7.csv,ecoinventEFv3.7,,"Oils, unspecified",water/surface water,kg,,
Mapping/Input/Flowlists/ecoinventEFv3.7.csv,ecoinventEFv3.7,,"Oils, unspecified",water/unspecified,kg,,
Mapping/Input/Flowlists/ecoinventEFv3.7.csv,ecoinventEFv3.7,,"Olivine, in ground",natural resource/in ground,kg,,
Mapping/Input/Flowlists/ecoinventEFv3.7.csv,ecoinventEFv3.7,,o-Nitrotoluene,"air/low population density, long-term",kg,,"o-Mononitrotoluene, o-methylnitrobenzene, 2-nitrotoluene, ONT"
Mapping/Input/Flowlists/ecoinventEFv3.7.csv,ecoinventEFv3.7,,o-Nitrotoluene,air/lower stratosphere + upper troposphere,kg,,"o-Mononitrotoluene, o-methylnitrobenzene, 2-nitrotoluene, ONT"
Mapping/Input/Flowlists/ecoinventEFv3.7.csv,ecoinventEFv3.7,,o-Nitrotoluene,air/non-urban air or from high stacks,kg,,"o-Mononitrotoluene, o-methylnitrobenzene, 2-nitrotoluene, ONT"
Mapping/Input/Flowlists/ecoinventEFv3.7.csv,ecoinventEFv3.7,,o-Nitrotoluene,air/unspecified,kg,,"o-Mononitrotoluene, o-methylnitrobenzene, 2-nitrotoluene, ONT"
Mapping/Input/Flowlists/ecoinventEFv3.7.csv,ecoinventEFv3.7,,o-Nitrotoluene,air/urban air close to ground,kg,,"o-Mononitrotoluene, o-methylnitrobenzene, 2-nitrotoluene, ONT"
Mapping/Input/Flowlists/ecoinventEFv3.7.csv,ecoinventEFv3.7,,Orbencarb,soil/agricultural,kg,,S-2-chlorobenzyl diethylthiocarbamate
Mapping/Input/Flowlists/ecoinventEFv3.7.csv,ecoinventEFv3.7,,Organic carbon,air/urban air close to ground,kg,,
Mapping/Input/Flowlists/ecoinventEFv3.7.csv,ecoinventEFv3.7,,Organic carbon,soil/unspecified,kg,,
Mapping/Input/Flowlists/ecoinventEFv3.7.csv,ecoinventEFv3.7,,Organic carbon,water/ground-,kg,,
Mapping/Input/Flowlists/ecoinventEFv3.7.csv,ecoinventEFv3.7,,Oryzalin,soil/agricultural,kg,,Surflan
Mapping/Input/Flowlists/ecoinventEFv3.7.csv,ecoinventEFv3.7,,"Osmium, in ground",natural resource/in ground,kg,,
Mapping/Input/Flowlists/ecoinventEFv3.7.csv,ecoinventEFv3.7,,Oxadixyl,soil/agricultural,kg,,"2-methoxy-N-(2-oxo-1,3-oxazolidin-3-yl)aceto-2',6'-xylidide"
Mapping/Input/Flowlists/ecoinventEFv3.7.csv,ecoinventEFv3.7,,Oxamyl,soil/agricultural,kg,,"N',N'-dimethyl-N-[(methylcarbamoyl)oxy]-1-thiooxamimidic acid methyl ester"
Mapping/Input/Flowlists/ecoinventEFv3.7.csv,ecoinventEFv3.7,,Oxasulfuron,soil/agricultural,kg,,
Mapping/Input/Flowlists/ecoinventEFv3.7.csv,ecoinventEFv3.7,,Oxydemeton-methyl,soil/agricultural,kg,,"S-2-ethylsulfinylethyl O,O-dimethyl phosphorothioate"
Mapping/Input/Flowlists/ecoinventEFv3.7.csv,ecoinventEFv3.7,,Oxyfluorfen,soil/agricultural,kg,,"2-chloro-α,α,α-trifluoro-p-tolyl 3-ethoxy-4-nitrophenyl ether"
Mapping/Input/Flowlists/ecoinventEFv3.7.csv,ecoinventEFv3.7,,Oxygen,natural resource/in air,kg,,
Mapping/Input/Flowlists/ecoinventEFv3.7.csv,ecoinventEFv3.7,,Oxygen,water/unspecified,kg,,
Mapping/Input/Flowlists/ecoinventEFv3.7.csv,ecoinventEFv3.7,,o-Xylene,"air/low population density, long-term",kg,,
Mapping/Input/Flowlists/ecoinventEFv3.7.csv,ecoinventEFv3.7,,o-Xylene,air/lower stratosphere + upper troposphere,kg,,
Mapping/Input/Flowlists/ecoinventEFv3.7.csv,ecoinventEFv3.7,,o-Xylene,air/non-urban air or from high stacks,kg,,
Mapping/Input/Flowlists/ecoinventEFv3.7.csv,ecoinventEFv3.7,,o-Xylene,air/unspecified,kg,,
Mapping/Input/Flowlists/ecoinventEFv3.7.csv,ecoinventEFv3.7,,o-Xylene,air/urban air close to ground,kg,,
Mapping/Input/Flowlists/ecoinventEFv3.7.csv,ecoinventEFv3.7,,o-Xylene,water/ground-,kg,,
Mapping/Input/Flowlists/ecoinventEFv3.7.csv,ecoinventEFv3.7,,o-Xylene,"water/ground-, long-term",kg,,
Mapping/Input/Flowlists/ecoinventEFv3.7.csv,ecoinventEFv3.7,,o-Xylene,water/ocean,kg,,
Mapping/Input/Flowlists/ecoinventEFv3.7.csv,ecoinventEFv3.7,,o-Xylene,water/surface water,kg,,
Mapping/Input/Flowlists/ecoinventEFv3.7.csv,ecoinventEFv3.7,,o-Xylene,water/unspecified,kg,,
Mapping/Input/Flowlists/ecoinventEFv3.7.csv,ecoinventEFv3.7,,Ozone,"air/low population density, long-term",kg,,
Mapping/Input/Flowlists/ecoinventEFv3.7.csv,ecoinventEFv3.7,,Ozone,air/lower stratosphere + upper troposphere,kg,,
Mapping/Input/Flowlists/ecoinventEFv3.7.csv,ecoinventEFv3.7,,Ozone,air/non-urban air or from high stacks,kg,,
Mapping/Input/Flowlists/ecoinventEFv3.7.csv,ecoinventEFv3.7,,Ozone,air/unspecified,kg,,
Mapping/Input/Flowlists/ecoinventEFv3.7.csv,ecoinventEFv3.7,,Ozone,air/urban air close to ground,kg,,
Mapping/Input/Flowlists/ecoinventEFv3.7.csv,ecoinventEFv3.7,,"PAH, polycyclic aromatic hydrocarbons","air/low population density, long-term",kg,,
Mapping/Input/Flowlists/ecoinventEFv3.7.csv,ecoinventEFv3.7,,"PAH, polycyclic aromatic hydrocarbons",air/lower stratosphere + upper troposphere,kg,,
Mapping/Input/Flowlists/ecoinventEFv3.7.csv,ecoinventEFv3.7,,"PAH, polycyclic aromatic hydrocarbons",air/non-urban air or from high stacks,kg,,
Mapping/Input/Flowlists/ecoinventEFv3.7.csv,ecoinventEFv3.7,,"PAH, polycyclic aromatic hydrocarbons",air/unspecified,kg,,
Mapping/Input/Flowlists/ecoinventEFv3.7.csv,ecoinventEFv3.7,,"PAH, polycyclic aromatic hydrocarbons",air/urban air close to ground,kg,,
Mapping/Input/Flowlists/ecoinventEFv3.7.csv,ecoinventEFv3.7,,"PAH, polycyclic aromatic hydrocarbons",soil/unspecified,kg,,
Mapping/Input/Flowlists/ecoinventEFv3.7.csv,ecoinventEFv3.7,,"PAH, polycyclic aromatic hydrocarbons",water/ground-,kg,,
Mapping/Input/Flowlists/ecoinventEFv3.7.csv,ecoinventEFv3.7,,"PAH, polycyclic aromatic hydrocarbons","water/ground-, long-term",kg,,
Mapping/Input/Flowlists/ecoinventEFv3.7.csv,ecoinventEFv3.7,,"PAH, polycyclic aromatic hydrocarbons",water/ocean,kg,,
Mapping/Input/Flowlists/ecoinventEFv3.7.csv,ecoinventEFv3.7,,"PAH, polycyclic aromatic hydrocarbons",water/surface water,kg,,
Mapping/Input/Flowlists/ecoinventEFv3.7.csv,ecoinventEFv3.7,,"PAH, polycyclic aromatic hydrocarbons",water/unspecified,kg,,
Mapping/Input/Flowlists/ecoinventEFv3.7.csv,ecoinventEFv3.7,,Palladium,air/unspecified,kg,,
Mapping/Input/Flowlists/ecoinventEFv3.7.csv,ecoinventEFv3.7,,Palladium,water/ground-,kg,,
Mapping/Input/Flowlists/ecoinventEFv3.7.csv,ecoinventEFv3.7,,Palladium,"water/ground-, long-term",kg,,
Mapping/Input/Flowlists/ecoinventEFv3.7.csv,ecoinventEFv3.7,,Palladium,water/ocean,kg,,
Mapping/Input/Flowlists/ecoinventEFv3.7.csv,ecoinventEFv3.7,,Palladium,water/surface water,kg,,
Mapping/Input/Flowlists/ecoinventEFv3.7.csv,ecoinventEFv3.7,,Palladium,water/unspecified,kg,,
Mapping/Input/Flowlists/ecoinventEFv3.7.csv,ecoinventEFv3.7,,"Palladium, in ground",natural resource/in ground,kg,,
Mapping/Input/Flowlists/ecoinventEFv3.7.csv,ecoinventEFv3.7,,"Palladium, Pd 1.6E-6%, in mixed ore, in ground",natural resource/in ground,kg,,
Mapping/Input/Flowlists/ecoinventEFv3.7.csv,ecoinventEFv3.7,,Paraffins,"air/low population density, long-term",kg,,
Mapping/Input/Flowlists/ecoinventEFv3.7.csv,ecoinventEFv3.7,,Paraffins,air/lower stratosphere + upper troposphere,kg,,
Mapping/Input/Flowlists/ecoinventEFv3.7.csv,ecoinventEFv3.7,,Paraffins,air/non-urban air or from high stacks,kg,,
Mapping/Input/Flowlists/ecoinventEFv3.7.csv,ecoinventEFv3.7,,Paraffins,air/unspecified,kg,,
Mapping/Input/Flowlists/ecoinventEFv3.7.csv,ecoinventEFv3.7,,Paraffins,air/urban air close to ground,kg,,
Mapping/Input/Flowlists/ecoinventEFv3.7.csv,ecoinventEFv3.7,,Paraffins,water/ground-,kg,,
Mapping/Input/Flowlists/ecoinventEFv3.7.csv,ecoinventEFv3.7,,Paraffins,"water/ground-, long-term",kg,,
Mapping/Input/Flowlists/ecoinventEFv3.7.csv,ecoinventEFv3.7,,Paraffins,water/ocean,kg,,
Mapping/Input/Flowlists/ecoinventEFv3.7.csv,ecoinventEFv3.7,,Paraffins,water/surface water,kg,,
Mapping/Input/Flowlists/ecoinventEFv3.7.csv,ecoinventEFv3.7,,Paraffins,water/unspecified,kg,,
Mapping/Input/Flowlists/ecoinventEFv3.7.csv,ecoinventEFv3.7,,Paraquat,air/non-urban air or from high stacks,kg,,
Mapping/Input/Flowlists/ecoinventEFv3.7.csv,ecoinventEFv3.7,,Paraquat,soil/agricultural,kg,,"1,1′-dimethyl-4,4′-bipyridinium"
Mapping/Input/Flowlists/ecoinventEFv3.7.csv,ecoinventEFv3.7,,Parathion,soil/agricultural,kg,,"O,O-diethyl O-4-nitrophenyl phosphorothioate"
Mapping/Input/Flowlists/ecoinventEFv3.7.csv,ecoinventEFv3.7,,"Particulates, < 2.5 um","air/low population density, long-term",kg,,
Mapping/Input/Flowlists/ecoinventEFv3.7.csv,ecoinventEFv3.7,,"Particulates, < 2.5 um",air/lower stratosphere + upper troposphere,kg,,
Mapping/Input/Flowlists/ecoinventEFv3.7.csv,ecoinventEFv3.7,,"Particulates, < 2.5 um",air/non-urban air or from high stacks,kg,,
Mapping/Input/Flowlists/ecoinventEFv3.7.csv,ecoinventEFv3.7,,"Particulates, < 2.5 um",air/unspecified,kg,,
Mapping/Input/Flowlists/ecoinventEFv3.7.csv,ecoinventEFv3.7,,"Particulates, < 2.5 um",air/urban air close to ground,kg,,
Mapping/Input/Flowlists/ecoinventEFv3.7.csv,ecoinventEFv3.7,,"Particulates, > 10 um","air/low population density, long-term",kg,,
Mapping/Input/Flowlists/ecoinventEFv3.7.csv,ecoinventEFv3.7,,"Particulates, > 10 um",air/lower stratosphere + upper troposphere,kg,,
Mapping/Input/Flowlists/ecoinventEFv3.7.csv,ecoinventEFv3.7,,"Particulates, > 10 um",air/non-urban air or from high stacks,kg,,
Mapping/Input/Flowlists/ecoinventEFv3.7.csv,ecoinventEFv3.7,,"Particulates, > 10 um",air/unspecified,kg,,
Mapping/Input/Flowlists/ecoinventEFv3.7.csv,ecoinventEFv3.7,,"Particulates, > 10 um",air/urban air close to ground,kg,,
Mapping/Input/Flowlists/ecoinventEFv3.7.csv,ecoinventEFv3.7,,"Particulates, > 2.5 um, and < 10um","air/low population density, long-term",kg,,
Mapping/Input/Flowlists/ecoinventEFv3.7.csv,ecoinventEFv3.7,,"Particulates, > 2.5 um, and < 10um",air/lower stratosphere + upper troposphere,kg,,
Mapping/Input/Flowlists/ecoinventEFv3.7.csv,ecoinventEFv3.7,,"Particulates, > 2.5 um, and < 10um",air/non-urban air or from high stacks,kg,,
Mapping/Input/Flowlists/ecoinventEFv3.7.csv,ecoinventEFv3.7,,"Particulates, > 2.5 um, and < 10um",air/unspecified,kg,,
Mapping/Input/Flowlists/ecoinventEFv3.7.csv,ecoinventEFv3.7,,"Particulates, > 2.5 um, and < 10um",air/urban air close to ground,kg,,
Mapping/Input/Flowlists/ecoinventEFv3.7.csv,ecoinventEFv3.7,,"Pd, Pd 2.0E-4%, Pt 4.8E-4%, Rh 2.4E-5%, Ni 3.7E-2%, Cu 5.2E-2% in ore, in ground",natural resource/in ground,kg,,Platin ab Erz
Mapping/Input/Flowlists/ecoinventEFv3.7.csv,ecoinventEFv3.7,,"Pd, Pd 7.3E-4%, Pt 2.5E-4%, Rh 2.0E-5%, Ni 2.3E+0%, Cu 3.2E+0% in ore, in ground",natural resource/in ground,kg,,Platin ab Erz
Mapping/Input/Flowlists/ecoinventEFv3.7.csv,ecoinventEFv3.7,,"Peat, in ground",natural resource/biotic,kg,,
Mapping/Input/Flowlists/ecoinventEFv3.7.csv,ecoinventEFv3.7,,Penconazole,soil/agricultural,kg,,
Mapping/Input/Flowlists/ecoinventEFv3.7.csv,ecoinventEFv3.7,,Pencycuron,soil/agricultural,kg,,
Mapping/Input/Flowlists/ecoinventEFv3.7.csv,ecoinventEFv3.7,,Pendimethalin,air/non-urban air or from high stacks,kg,,
Mapping/Input/Flowlists/ecoinventEFv3.7.csv,ecoinventEFv3.7,,Pendimethalin,soil/agricultural,kg,,
Mapping/Input/Flowlists/ecoinventEFv3.7.csv,ecoinventEFv3.7,,Pendimethalin,water/ground-,kg,,
Mapping/Input/Flowlists/ecoinventEFv3.7.csv,ecoinventEFv3.7,,Pendimethalin,water/surface water,kg,,
Mapping/Input/Flowlists/ecoinventEFv3.7.csv,ecoinventEFv3.7,,Pentane,"air/low population density, long-term",kg,,
Mapping/Input/Flowlists/ecoinventEFv3.7.csv,ecoinventEFv3.7,,Pentane,air/lower stratosphere + upper troposphere,kg,,
Mapping/Input/Flowlists/ecoinventEFv3.7.csv,ecoinventEFv3.7,,Pentane,air/non-urban air or from high stacks,kg,,
Mapping/Input/Flowlists/ecoinventEFv3.7.csv,ecoinventEFv3.7,,Pentane,air/unspecified,kg,,
Mapping/Input/Flowlists/ecoinventEFv3.7.csv,ecoinventEFv3.7,,Pentane,air/urban air close to ground,kg,,
Mapping/Input/Flowlists/ecoinventEFv3.7.csv,ecoinventEFv3.7,,Pentane,water/unspecified,kg,,
Mapping/Input/Flowlists/ecoinventEFv3.7.csv,ecoinventEFv3.7,,"Perchlorate, ion",water/ground-,kg,,
Mapping/Input/Flowlists/ecoinventEFv3.7.csv,ecoinventEFv3.7,,"Perchlorate, ion","water/ground-, long-term",kg,,
Mapping/Input/Flowlists/ecoinventEFv3.7.csv,ecoinventEFv3.7,,"Perchlorate, ion",water/ocean,kg,,
Mapping/Input/Flowlists/ecoinventEFv3.7.csv,ecoinventEFv3.7,,"Perchlorate, ion",water/surface water,kg,,
Mapping/Input/Flowlists/ecoinventEFv3.7.csv,ecoinventEFv3.7,,"Perchlorate, ion",water/unspecified,kg,,
Mapping/Input/Flowlists/ecoinventEFv3.7.csv,ecoinventEFv3.7,,Perfluoropentane,air/unspecified,kg,,
Mapping/Input/Flowlists/ecoinventEFv3.7.csv,ecoinventEFv3.7,,"Perlite, in ground",natural resource/in ground,kg,,
Mapping/Input/Flowlists/ecoinventEFv3.7.csv,ecoinventEFv3.7,,Permethrin,air/non-urban air or from high stacks,kg,,
Mapping/Input/Flowlists/ecoinventEFv3.7.csv,ecoinventEFv3.7,,Permethrin,soil/agricultural,kg,,
Mapping/Input/Flowlists/ecoinventEFv3.7.csv,ecoinventEFv3.7,,Permethrin,water/unspecified,kg,,
Mapping/Input/Flowlists/ecoinventEFv3.7.csv,ecoinventEFv3.7,,"Pesticides, unspecified",soil/agricultural,kg,,
Mapping/Input/Flowlists/ecoinventEFv3.7.csv,ecoinventEFv3.7,,Pethoxamid,soil/agricultural,kg,,
Mapping/Input/Flowlists/ecoinventEFv3.7.csv,ecoinventEFv3.7,,Phenanthrene,air/unspecified,kg,,
Mapping/Input/Flowlists/ecoinventEFv3.7.csv,ecoinventEFv3.7,,Phenanthrene,water/surface water,kg,,Phenanthracene
Mapping/Input/Flowlists/ecoinventEFv3.7.csv,ecoinventEFv3.7,,Phenmedipham,soil/agricultural,kg,,methyl 3-(3-methylcarbaniloyloxy)carbanilate
Mapping/Input/Flowlists/ecoinventEFv3.7.csv,ecoinventEFv3.7,,Phenol,"air/low population density, long-term",kg,,
Mapping/Input/Flowlists/ecoinventEFv3.7.csv,ecoinventEFv3.7,,Phenol,air/lower stratosphere + upper troposphere,kg,,
Mapping/Input/Flowlists/ecoinventEFv3.7.csv,ecoinventEFv3.7,,Phenol,air/non-urban air or from high stacks,kg,,
Mapping/Input/Flowlists/ecoinventEFv3.7.csv,ecoinventEFv3.7,,Phenol,air/unspecified,kg,,
Mapping/Input/Flowlists/ecoinventEFv3.7.csv,ecoinventEFv3.7,,Phenol,air/urban air close to ground,kg,,
Mapping/Input/Flowlists/ecoinventEFv3.7.csv,ecoinventEFv3.7,,Phenol,water/ground-,kg,,
Mapping/Input/Flowlists/ecoinventEFv3.7.csv,ecoinventEFv3.7,,Phenol,"water/ground-, long-term",kg,,
Mapping/Input/Flowlists/ecoinventEFv3.7.csv,ecoinventEFv3.7,,Phenol,water/ocean,kg,,
Mapping/Input/Flowlists/ecoinventEFv3.7.csv,ecoinventEFv3.7,,Phenol,water/surface water,kg,,
Mapping/Input/Flowlists/ecoinventEFv3.7.csv,ecoinventEFv3.7,,Phenol,water/unspecified,kg,,
Mapping/Input/Flowlists/ecoinventEFv3.7.csv,ecoinventEFv3.7,,"Phenol, 2,4-dichloro","air/low population density, long-term",kg,,
Mapping/Input/Flowlists/ecoinventEFv3.7.csv,ecoinventEFv3.7,,"Phenol, 2,4-dichloro",air/lower stratosphere + upper troposphere,kg,,
Mapping/Input/Flowlists/ecoinventEFv3.7.csv,ecoinventEFv3.7,,"Phenol, 2,4-dichloro",air/non-urban air or from high stacks,kg,,
Mapping/Input/Flowlists/ecoinventEFv3.7.csv,ecoinventEFv3.7,,"Phenol, 2,4-dichloro",air/unspecified,kg,,
Mapping/Input/Flowlists/ecoinventEFv3.7.csv,ecoinventEFv3.7,,"Phenol, 2,4-dichloro",air/urban air close to ground,kg,,
Mapping/Input/Flowlists/ecoinventEFv3.7.csv,ecoinventEFv3.7,,"Phenol, pentachloro-","air/low population density, long-term",kg,,PCP
Mapping/Input/Flowlists/ecoinventEFv3.7.csv,ecoinventEFv3.7,,"Phenol, pentachloro-",air/lower stratosphere + upper troposphere,kg,,Pentachlorphenol
Mapping/Input/Flowlists/ecoinventEFv3.7.csv,ecoinventEFv3.7,,"Phenol, pentachloro-",air/non-urban air or from high stacks,kg,,Pentachlorphenol
Mapping/Input/Flowlists/ecoinventEFv3.7.csv,ecoinventEFv3.7,,"Phenol, pentachloro-",air/unspecified,kg,,PCP
Mapping/Input/Flowlists/ecoinventEFv3.7.csv,ecoinventEFv3.7,,"Phenol, pentachloro-",air/urban air close to ground,kg,,
Mapping/Input/Flowlists/ecoinventEFv3.7.csv,ecoinventEFv3.7,,"Phenol, pentachloro-",soil/agricultural,kg,,
Mapping/Input/Flowlists/ecoinventEFv3.7.csv,ecoinventEFv3.7,,"Phenol, pentachloro-",soil/unspecified,kg,,PCP
Mapping/Input/Flowlists/ecoinventEFv3.7.csv,ecoinventEFv3.7,,Phorate,soil/agricultural,kg,,"CL 35,024"
Mapping/Input/Flowlists/ecoinventEFv3.7.csv,ecoinventEFv3.7,,Phosalone,soil/agricultural,kg,,
Mapping/Input/Flowlists/ecoinventEFv3.7.csv,ecoinventEFv3.7,,Phosgene,air/unspecified,kg,,
Mapping/Input/Flowlists/ecoinventEFv3.7.csv,ecoinventEFv3.7,,Phosmet,soil/agricultural,kg,,Imidan
Mapping/Input/Flowlists/ecoinventEFv3.7.csv,ecoinventEFv3.7,,Phosphate,water/ground-,kg,,
Mapping/Input/Flowlists/ecoinventEFv3.7.csv,ecoinventEFv3.7,,Phosphate,"water/ground-, long-term",kg,,
Mapping/Input/Flowlists/ecoinventEFv3.7.csv,ecoinventEFv3.7,,Phosphate,water/ocean,kg,,
Mapping/Input/Flowlists/ecoinventEFv3.7.csv,ecoinventEFv3.7,,Phosphate,water/surface water,kg,,
Mapping/Input/Flowlists/ecoinventEFv3.7.csv,ecoinventEFv3.7,,Phosphate,water/unspecified,kg,,
Mapping/Input/Flowlists/ecoinventEFv3.7.csv,ecoinventEFv3.7,,Phosphine,"air/low population density, long-term",kg,,phosphorated hydrogen
Mapping/Input/Flowlists/ecoinventEFv3.7.csv,ecoinventEFv3.7,,Phosphine,air/lower stratosphere + upper troposphere,kg,,hydrogen phosphide
Mapping/Input/Flowlists/ecoinventEFv3.7.csv,ecoinventEFv3.7,,Phosphine,air/non-urban air or from high stacks,kg,,phosphorated hydrogen
Mapping/Input/Flowlists/ecoinventEFv3.7.csv,ecoinventEFv3.7,,Phosphine,air/unspecified,kg,,hydrogen phosphide
Mapping/Input/Flowlists/ecoinventEFv3.7.csv,ecoinventEFv3.7,,Phosphine,air/urban air close to ground,kg,,phosphorated hydrogen
Mapping/Input/Flowlists/ecoinventEFv3.7.csv,ecoinventEFv3.7,,Phosphoric acid,"air/low population density, long-term",kg,,
Mapping/Input/Flowlists/ecoinventEFv3.7.csv,ecoinventEFv3.7,,Phosphoric acid,air/lower stratosphere + upper troposphere,kg,,
Mapping/Input/Flowlists/ecoinventEFv3.7.csv,ecoinventEFv3.7,,Phosphoric acid,air/non-urban air or from high stacks,kg,,
Mapping/Input/Flowlists/ecoinventEFv3.7.csv,ecoinventEFv3.7,,Phosphoric acid,air/unspecified,kg,,
Mapping/Input/Flowlists/ecoinventEFv3.7.csv,ecoinventEFv3.7,,Phosphoric acid,air/urban air close to ground,kg,,
Mapping/Input/Flowlists/ecoinventEFv3.7.csv,ecoinventEFv3.7,,Phosphoric acid,water/unspecified,kg,,
Mapping/Input/Flowlists/ecoinventEFv3.7.csv,ecoinventEFv3.7,,Phosphorus,"air/low population density, long-term",kg,,
Mapping/Input/Flowlists/ecoinventEFv3.7.csv,ecoinventEFv3.7,,Phosphorus,air/lower stratosphere + upper troposphere,kg,,
Mapping/Input/Flowlists/ecoinventEFv3.7.csv,ecoinventEFv3.7,,Phosphorus,air/non-urban air or from high stacks,kg,,
Mapping/Input/Flowlists/ecoinventEFv3.7.csv,ecoinventEFv3.7,,Phosphorus,air/unspecified,kg,,
Mapping/Input/Flowlists/ecoinventEFv3.7.csv,ecoinventEFv3.7,,Phosphorus,air/urban air close to ground,kg,,
Mapping/Input/Flowlists/ecoinventEFv3.7.csv,ecoinventEFv3.7,,Phosphorus,soil/agricultural,kg,,
Mapping/Input/Flowlists/ecoinventEFv3.7.csv,ecoinventEFv3.7,,Phosphorus,soil/forestry,kg,,
Mapping/Input/Flowlists/ecoinventEFv3.7.csv,ecoinventEFv3.7,,Phosphorus,soil/industrial,kg,,
Mapping/Input/Flowlists/ecoinventEFv3.7.csv,ecoinventEFv3.7,,Phosphorus,soil/unspecified,kg,,
Mapping/Input/Flowlists/ecoinventEFv3.7.csv,ecoinventEFv3.7,,Phosphorus,water/ground-,kg,,
Mapping/Input/Flowlists/ecoinventEFv3.7.csv,ecoinventEFv3.7,,Phosphorus,"water/ground-, long-term",kg,,
Mapping/Input/Flowlists/ecoinventEFv3.7.csv,ecoinventEFv3.7,,Phosphorus,water/ocean,kg,,
Mapping/Input/Flowlists/ecoinventEFv3.7.csv,ecoinventEFv3.7,,Phosphorus,water/surface water,kg,,
Mapping/Input/Flowlists/ecoinventEFv3.7.csv,ecoinventEFv3.7,,Phosphorus,water/unspecified,kg,,
Mapping/Input/Flowlists/ecoinventEFv3.7.csv,ecoinventEFv3.7,,Phosphorus oxychloride,water/unspecified,kg,,
Mapping/Input/Flowlists/ecoinventEFv3.7.csv,ecoinventEFv3.7,,Phosphorus pentachloride,water/unspecified,kg,,
Mapping/Input/Flowlists/ecoinventEFv3.7.csv,ecoinventEFv3.7,,Phosphorus trichloride,"air/low population density, long-term",kg,,
Mapping/Input/Flowlists/ecoinventEFv3.7.csv,ecoinventEFv3.7,,Phosphorus trichloride,air/lower stratosphere + upper troposphere,kg,,
Mapping/Input/Flowlists/ecoinventEFv3.7.csv,ecoinventEFv3.7,,Phosphorus trichloride,air/non-urban air or from high stacks,kg,,
Mapping/Input/Flowlists/ecoinventEFv3.7.csv,ecoinventEFv3.7,,Phosphorus trichloride,air/unspecified,kg,,
Mapping/Input/Flowlists/ecoinventEFv3.7.csv,ecoinventEFv3.7,,Phosphorus trichloride,air/urban air close to ground,kg,,
Mapping/Input/Flowlists/ecoinventEFv3.7.csv,ecoinventEFv3.7,,Phosphorus trichloride,water/unspecified,kg,,
Mapping/Input/Flowlists/ecoinventEFv3.7.csv,ecoinventEFv3.7,,"Phosphorus, 18% in apatite, 12% in crude ore, in ground",natural resource/in ground,kg,,
Mapping/Input/Flowlists/ecoinventEFv3.7.csv,ecoinventEFv3.7,,"Phosphorus, 18% in apatite, 4% in crude ore, in ground",natural resource/in ground,kg,,
Mapping/Input/Flowlists/ecoinventEFv3.7.csv,ecoinventEFv3.7,,"Phosphorus, in ground",natural resource/in ground,kg,,
Mapping/Input/Flowlists/ecoinventEFv3.7.csv,ecoinventEFv3.7,,"Phthalate, butyl-benzyl-",water/ground-,kg,,Butyl Benzyl Phtalat
Mapping/Input/Flowlists/ecoinventEFv3.7.csv,ecoinventEFv3.7,,"Phthalate, butyl-benzyl-","water/ground-, long-term",kg,,Butyl Benzyl Phtalat
Mapping/Input/Flowlists/ecoinventEFv3.7.csv,ecoinventEFv3.7,,"Phthalate, butyl-benzyl-",water/ocean,kg,,Butyl Benzyl Phtalat
Mapping/Input/Flowlists/ecoinventEFv3.7.csv,ecoinventEFv3.7,,"Phthalate, butyl-benzyl-",water/surface water,kg,,Butyl Benzyl Phtalat
Mapping/Input/Flowlists/ecoinventEFv3.7.csv,ecoinventEFv3.7,,"Phthalate, butyl-benzyl-",water/unspecified,kg,,Butyl Benzyl Phtalat
Mapping/Input/Flowlists/ecoinventEFv3.7.csv,ecoinventEFv3.7,,"Phthalate, dibutyl-",water/ground-,kg,,Dibutyl p-phthalat
Mapping/Input/Flowlists/ecoinventEFv3.7.csv,ecoinventEFv3.7,,"Phthalate, dibutyl-","water/ground-, long-term",kg,,Dibutyl p-phthalat
Mapping/Input/Flowlists/ecoinventEFv3.7.csv,ecoinventEFv3.7,,"Phthalate, dibutyl-",water/ocean,kg,,Dibutyl p-phthalat
Mapping/Input/Flowlists/ecoinventEFv3.7.csv,ecoinventEFv3.7,,"Phthalate, dibutyl-",water/surface water,kg,,Dibutyl p-phthalat
Mapping/Input/Flowlists/ecoinventEFv3.7.csv,ecoinventEFv3.7,,"Phthalate, dibutyl-",water/unspecified,kg,,Dibutyl p-phthalat
Mapping/Input/Flowlists/ecoinventEFv3.7.csv,ecoinventEFv3.7,,"Phthalate, dimethyl-",water/ground-,kg,,Dimethyl p-phthalat
Mapping/Input/Flowlists/ecoinventEFv3.7.csv,ecoinventEFv3.7,,"Phthalate, dimethyl-","water/ground-, long-term",kg,,Dimethyl p-phthalat
Mapping/Input/Flowlists/ecoinventEFv3.7.csv,ecoinventEFv3.7,,"Phthalate, dimethyl-",water/ocean,kg,,Dimethyl p-phthalat
Mapping/Input/Flowlists/ecoinventEFv3.7.csv,ecoinventEFv3.7,,"Phthalate, dimethyl-",water/surface water,kg,,Dimethyl p-phthalat
Mapping/Input/Flowlists/ecoinventEFv3.7.csv,ecoinventEFv3.7,,"Phthalate, dimethyl-",water/unspecified,kg,,Dimethyl p-phthalat
Mapping/Input/Flowlists/ecoinventEFv3.7.csv,ecoinventEFv3.7,,"Phthalate, dioctyl-",water/ground-,kg,,bis(2-ethylhexyl) Phtalat
Mapping/Input/Flowlists/ecoinventEFv3.7.csv,ecoinventEFv3.7,,"Phthalate, dioctyl-","water/ground-, long-term",kg,,bis(2-ethylhexyl) Phtalat
Mapping/Input/Flowlists/ecoinventEFv3.7.csv,ecoinventEFv3.7,,"Phthalate, dioctyl-",water/ocean,kg,,bis(2-ethylhexyl) Phtalat
Mapping/Input/Flowlists/ecoinventEFv3.7.csv,ecoinventEFv3.7,,"Phthalate, dioctyl-",water/surface water,kg,,bis(2-ethylhexyl) Phtalat
Mapping/Input/Flowlists/ecoinventEFv3.7.csv,ecoinventEFv3.7,,"Phthalate, dioctyl-",water/unspecified,kg,,bis(2-ethylhexyl) Phtalat
Mapping/Input/Flowlists/ecoinventEFv3.7.csv,ecoinventEFv3.7,,Picloram,soil/agricultural,kg,,"4-amino-3,5,6-trichloropyridine-2-carboxylic acid"
Mapping/Input/Flowlists/ecoinventEFv3.7.csv,ecoinventEFv3.7,,Picoxystrobin,soil/agricultural,kg,,
Mapping/Input/Flowlists/ecoinventEFv3.7.csv,ecoinventEFv3.7,,Pinoxaden,soil/agricultural,kg,,
Mapping/Input/Flowlists/ecoinventEFv3.7.csv,ecoinventEFv3.7,,Piperonyl butoxide,soil/agricultural,kg,,pyrenone 606
Mapping/Input/Flowlists/ecoinventEFv3.7.csv,ecoinventEFv3.7,,Pirimicarb,soil/agricultural,kg,,"2-dimethylamino-5,6-dimethylpyrimidin-4-yl dimethylcarbamate"
Mapping/Input/Flowlists/ecoinventEFv3.7.csv,ecoinventEFv3.7,,Pirimiphos methyl,soil/agricultural,kg,,
Mapping/Input/Flowlists/ecoinventEFv3.7.csv,ecoinventEFv3.7,,Platinum,"air/low population density, long-term",kg,,
Mapping/Input/Flowlists/ecoinventEFv3.7.csv,ecoinventEFv3.7,,Platinum,air/lower stratosphere + upper troposphere,kg,,
Mapping/Input/Flowlists/ecoinventEFv3.7.csv,ecoinventEFv3.7,,Platinum,air/non-urban air or from high stacks,kg,,
Mapping/Input/Flowlists/ecoinventEFv3.7.csv,ecoinventEFv3.7,,Platinum,air/unspecified,kg,,
Mapping/Input/Flowlists/ecoinventEFv3.7.csv,ecoinventEFv3.7,,Platinum,air/urban air close to ground,kg,,
Mapping/Input/Flowlists/ecoinventEFv3.7.csv,ecoinventEFv3.7,,"Platinum, in ground",natural resource/in ground,kg,,
Mapping/Input/Flowlists/ecoinventEFv3.7.csv,ecoinventEFv3.7,,"Platinum, Pt 4.7E-7%, in mixed ore, in ground",natural resource/in ground,kg,,
Mapping/Input/Flowlists/ecoinventEFv3.7.csv,ecoinventEFv3.7,,Plutonium-238,"air/low population density, long-term",kBq,,
Mapping/Input/Flowlists/ecoinventEFv3.7.csv,ecoinventEFv3.7,,Plutonium-238,air/lower stratosphere + upper troposphere,kBq,,
Mapping/Input/Flowlists/ecoinventEFv3.7.csv,ecoinventEFv3.7,,Plutonium-238,air/non-urban air or from high stacks,kBq,,
Mapping/Input/Flowlists/ecoinventEFv3.7.csv,ecoinventEFv3.7,,Plutonium-238,air/unspecified,kBq,,
Mapping/Input/Flowlists/ecoinventEFv3.7.csv,ecoinventEFv3.7,,Plutonium-238,air/urban air close to ground,kBq,,
Mapping/Input/Flowlists/ecoinventEFv3.7.csv,ecoinventEFv3.7,,Plutonium-241,"air/low population density, long-term",kBq,,
Mapping/Input/Flowlists/ecoinventEFv3.7.csv,ecoinventEFv3.7,,Plutonium-241,air/lower stratosphere + upper troposphere,kBq,,
Mapping/Input/Flowlists/ecoinventEFv3.7.csv,ecoinventEFv3.7,,Plutonium-241,air/non-urban air or from high stacks,kBq,,
Mapping/Input/Flowlists/ecoinventEFv3.7.csv,ecoinventEFv3.7,,Plutonium-241,air/unspecified,kBq,,
Mapping/Input/Flowlists/ecoinventEFv3.7.csv,ecoinventEFv3.7,,Plutonium-241,air/urban air close to ground,kBq,,
Mapping/Input/Flowlists/ecoinventEFv3.7.csv,ecoinventEFv3.7,,Plutonium-241,water/ground-,kBq,,
Mapping/Input/Flowlists/ecoinventEFv3.7.csv,ecoinventEFv3.7,,Plutonium-241,"water/ground-, long-term",kBq,,
Mapping/Input/Flowlists/ecoinventEFv3.7.csv,ecoinventEFv3.7,,Plutonium-241,water/ocean,kBq,,
Mapping/Input/Flowlists/ecoinventEFv3.7.csv,ecoinventEFv3.7,,Plutonium-241,water/surface water,kBq,,
Mapping/Input/Flowlists/ecoinventEFv3.7.csv,ecoinventEFv3.7,,Plutonium-241,water/unspecified,kBq,,
Mapping/Input/Flowlists/ecoinventEFv3.7.csv,ecoinventEFv3.7,,Plutonium-alpha,"air/low population density, long-term",kBq,,
Mapping/Input/Flowlists/ecoinventEFv3.7.csv,ecoinventEFv3.7,,Plutonium-alpha,air/lower stratosphere + upper troposphere,kBq,,
Mapping/Input/Flowlists/ecoinventEFv3.7.csv,ecoinventEFv3.7,,Plutonium-alpha,air/non-urban air or from high stacks,kBq,,
Mapping/Input/Flowlists/ecoinventEFv3.7.csv,ecoinventEFv3.7,,Plutonium-alpha,air/unspecified,kBq,,
Mapping/Input/Flowlists/ecoinventEFv3.7.csv,ecoinventEFv3.7,,Plutonium-alpha,air/urban air close to ground,kBq,,
Mapping/Input/Flowlists/ecoinventEFv3.7.csv,ecoinventEFv3.7,,Plutonium-alpha,water/ground-,kBq,,
Mapping/Input/Flowlists/ecoinventEFv3.7.csv,ecoinventEFv3.7,,Plutonium-alpha,"water/ground-, long-term",kBq,,
Mapping/Input/Flowlists/ecoinventEFv3.7.csv,ecoinventEFv3.7,,Plutonium-alpha,water/ocean,kBq,,
Mapping/Input/Flowlists/ecoinventEFv3.7.csv,ecoinventEFv3.7,,Plutonium-alpha,water/surface water,kBq,,
Mapping/Input/Flowlists/ecoinventEFv3.7.csv,ecoinventEFv3.7,,Plutonium-alpha,water/unspecified,kBq,,
Mapping/Input/Flowlists/ecoinventEFv3.7.csv,ecoinventEFv3.7,,"Polonium, in ground",natural resource/in ground,kg,,
Mapping/Input/Flowlists/ecoinventEFv3.7.csv,ecoinventEFv3.7,,Polonium-210,"air/low population density, long-term",kBq,,
Mapping/Input/Flowlists/ecoinventEFv3.7.csv,ecoinventEFv3.7,,Polonium-210,air/lower stratosphere + upper troposphere,kBq,,
Mapping/Input/Flowlists/ecoinventEFv3.7.csv,ecoinventEFv3.7,,Polonium-210,air/non-urban air or from high stacks,kBq,,
Mapping/Input/Flowlists/ecoinventEFv3.7.csv,ecoinventEFv3.7,,Polonium-210,air/unspecified,kBq,,
Mapping/Input/Flowlists/ecoinventEFv3.7.csv,ecoinventEFv3.7,,Polonium-210,air/urban air close to ground,kBq,,
Mapping/Input/Flowlists/ecoinventEFv3.7.csv,ecoinventEFv3.7,,Polonium-210,water/ground-,kBq,,
Mapping/Input/Flowlists/ecoinventEFv3.7.csv,ecoinventEFv3.7,,Polonium-210,"water/ground-, long-term",kBq,,
Mapping/Input/Flowlists/ecoinventEFv3.7.csv,ecoinventEFv3.7,,Polonium-210,water/ocean,kBq,,
Mapping/Input/Flowlists/ecoinventEFv3.7.csv,ecoinventEFv3.7,,Polonium-210,water/surface water,kBq,,
Mapping/Input/Flowlists/ecoinventEFv3.7.csv,ecoinventEFv3.7,,Polonium-210,water/unspecified,kBq,,
Mapping/Input/Flowlists/ecoinventEFv3.7.csv,ecoinventEFv3.7,,Polychlorinated biphenyls,"air/low population density, long-term",kg,,PCB
Mapping/Input/Flowlists/ecoinventEFv3.7.csv,ecoinventEFv3.7,,Polychlorinated biphenyls,air/lower stratosphere + upper troposphere,kg,,PCB
Mapping/Input/Flowlists/ecoinventEFv3.7.csv,ecoinventEFv3.7,,Polychlorinated biphenyls,air/non-urban air or from high stacks,kg,,PCB
Mapping/Input/Flowlists/ecoinventEFv3.7.csv,ecoinventEFv3.7,,Polychlorinated biphenyls,air/unspecified,kg,,PCB
Mapping/Input/Flowlists/ecoinventEFv3.7.csv,ecoinventEFv3.7,,Polychlorinated biphenyls,air/urban air close to ground,kg,,PCB
Mapping/Input/Flowlists/ecoinventEFv3.7.csv,ecoinventEFv3.7,,Polychlorinated biphenyls,water/unspecified,kg,,PCB
Mapping/Input/Flowlists/ecoinventEFv3.7.csv,ecoinventEFv3.7,,Potassium,"air/low population density, long-term",kg,,
Mapping/Input/Flowlists/ecoinventEFv3.7.csv,ecoinventEFv3.7,,Potassium,air/lower stratosphere + upper troposphere,kg,,
Mapping/Input/Flowlists/ecoinventEFv3.7.csv,ecoinventEFv3.7,,Potassium,air/non-urban air or from high stacks,kg,,
Mapping/Input/Flowlists/ecoinventEFv3.7.csv,ecoinventEFv3.7,,Potassium,air/unspecified,kg,,
Mapping/Input/Flowlists/ecoinventEFv3.7.csv,ecoinventEFv3.7,,Potassium,air/urban air close to ground,kg,,
Mapping/Input/Flowlists/ecoinventEFv3.7.csv,ecoinventEFv3.7,,Potassium,soil/agricultural,kg,,
Mapping/Input/Flowlists/ecoinventEFv3.7.csv,ecoinventEFv3.7,,Potassium,soil/forestry,kg,,
Mapping/Input/Flowlists/ecoinventEFv3.7.csv,ecoinventEFv3.7,,Potassium,soil/industrial,kg,,
Mapping/Input/Flowlists/ecoinventEFv3.7.csv,ecoinventEFv3.7,,Potassium,soil/unspecified,kg,,
Mapping/Input/Flowlists/ecoinventEFv3.7.csv,ecoinventEFv3.7,,Potassium,water/ground-,kg,,
Mapping/Input/Flowlists/ecoinventEFv3.7.csv,ecoinventEFv3.7,,Potassium chloride,"air/low population density, long-term",kg,,
Mapping/Input/Flowlists/ecoinventEFv3.7.csv,ecoinventEFv3.7,,Potassium chloride,air/lower stratosphere + upper troposphere,kg,,
Mapping/Input/Flowlists/ecoinventEFv3.7.csv,ecoinventEFv3.7,,Potassium chloride,air/non-urban air or from high stacks,kg,,
Mapping/Input/Flowlists/ecoinventEFv3.7.csv,ecoinventEFv3.7,,Potassium chloride,air/unspecified,kg,,
Mapping/Input/Flowlists/ecoinventEFv3.7.csv,ecoinventEFv3.7,,Potassium chloride,air/urban air close to ground,kg,,
Mapping/Input/Flowlists/ecoinventEFv3.7.csv,ecoinventEFv3.7,,Potassium hydroxide,"air/low population density, long-term",kg,,
Mapping/Input/Flowlists/ecoinventEFv3.7.csv,ecoinventEFv3.7,,Potassium hydroxide,air/lower stratosphere + upper troposphere,kg,,
Mapping/Input/Flowlists/ecoinventEFv3.7.csv,ecoinventEFv3.7,,Potassium hydroxide,air/non-urban air or from high stacks,kg,,
Mapping/Input/Flowlists/ecoinventEFv3.7.csv,ecoinventEFv3.7,,Potassium hydroxide,air/unspecified,kg,,
Mapping/Input/Flowlists/ecoinventEFv3.7.csv,ecoinventEFv3.7,,Potassium hydroxide,air/urban air close to ground,kg,,
Mapping/Input/Flowlists/ecoinventEFv3.7.csv,ecoinventEFv3.7,,Potassium soap,soil/agricultural,kg,,
Mapping/Input/Flowlists/ecoinventEFv3.7.csv,ecoinventEFv3.7,,"Potassium, in ground",natural resource/in ground,kg,,
Mapping/Input/Flowlists/ecoinventEFv3.7.csv,ecoinventEFv3.7,,"Potassium, ion",water/ground-,kg,,
Mapping/Input/Flowlists/ecoinventEFv3.7.csv,ecoinventEFv3.7,,"Potassium, ion","water/ground-, long-term",kg,,
Mapping/Input/Flowlists/ecoinventEFv3.7.csv,ecoinventEFv3.7,,"Potassium, ion",water/ocean,kg,,
Mapping/Input/Flowlists/ecoinventEFv3.7.csv,ecoinventEFv3.7,,"Potassium, ion",water/surface water,kg,,
Mapping/Input/Flowlists/ecoinventEFv3.7.csv,ecoinventEFv3.7,,"Potassium, ion",water/unspecified,kg,,
Mapping/Input/Flowlists/ecoinventEFv3.7.csv,ecoinventEFv3.7,,Potassium-40,"air/low population density, long-term",kBq,,
Mapping/Input/Flowlists/ecoinventEFv3.7.csv,ecoinventEFv3.7,,Potassium-40,air/lower stratosphere + upper troposphere,kBq,,
Mapping/Input/Flowlists/ecoinventEFv3.7.csv,ecoinventEFv3.7,,Potassium-40,air/non-urban air or from high stacks,kBq,,
Mapping/Input/Flowlists/ecoinventEFv3.7.csv,ecoinventEFv3.7,,Potassium-40,air/unspecified,kBq,,
Mapping/Input/Flowlists/ecoinventEFv3.7.csv,ecoinventEFv3.7,,Potassium-40,air/urban air close to ground,kBq,,
Mapping/Input/Flowlists/ecoinventEFv3.7.csv,ecoinventEFv3.7,,Potassium-40,water/ground-,kBq,,
Mapping/Input/Flowlists/ecoinventEFv3.7.csv,ecoinventEFv3.7,,Potassium-40,"water/ground-, long-term",kBq,,
Mapping/Input/Flowlists/ecoinventEFv3.7.csv,ecoinventEFv3.7,,Potassium-40,water/ocean,kBq,,
Mapping/Input/Flowlists/ecoinventEFv3.7.csv,ecoinventEFv3.7,,Potassium-40,water/surface water,kBq,,
Mapping/Input/Flowlists/ecoinventEFv3.7.csv,ecoinventEFv3.7,,Potassium-40,water/unspecified,kBq,,
Mapping/Input/Flowlists/ecoinventEFv3.7.csv,ecoinventEFv3.7,,"Praseodymium, 0.42% in bastnasite, 0.042% in crude ore, in ground",natural resource/in ground,kg,,
Mapping/Input/Flowlists/ecoinventEFv3.7.csv,ecoinventEFv3.7,,"Praseodymium, in ground",natural resource/in ground,kg,,
Mapping/Input/Flowlists/ecoinventEFv3.7.csv,ecoinventEFv3.7,,Primisulfuron,soil/agricultural,kg,,"2-[4,6-bis(difluoromethoxy)pyrimidin-2-ylcarbamoylsulfamoyl]benzoic acid"
Mapping/Input/Flowlists/ecoinventEFv3.7.csv,ecoinventEFv3.7,,Prochloraz,soil/agricultural,kg,,"N-propyl-N-[2-(2,4,6-trichlorophenoxy)ethyl]imidazole-1-carboxamide"
Mapping/Input/Flowlists/ecoinventEFv3.7.csv,ecoinventEFv3.7,,Procymidone,soil/agricultural,kg,,S-7131
Mapping/Input/Flowlists/ecoinventEFv3.7.csv,ecoinventEFv3.7,,Profenofos,soil/agricultural,kg,,Curacron
Mapping/Input/Flowlists/ecoinventEFv3.7.csv,ecoinventEFv3.7,,Prohexadione-calcium,soil/agricultural,kg,,calcium 3-oxido-5-oxo-4-propionylcyclohex-3-enecarboxylate
Mapping/Input/Flowlists/ecoinventEFv3.7.csv,ecoinventEFv3.7,,Promethium-147,"air/low population density, long-term",kBq,,
Mapping/Input/Flowlists/ecoinventEFv3.7.csv,ecoinventEFv3.7,,Promethium-147,air/lower stratosphere + upper troposphere,kBq,,
Mapping/Input/Flowlists/ecoinventEFv3.7.csv,ecoinventEFv3.7,,Promethium-147,air/non-urban air or from high stacks,kBq,,
Mapping/Input/Flowlists/ecoinventEFv3.7.csv,ecoinventEFv3.7,,Promethium-147,air/unspecified,kBq,,
Mapping/Input/Flowlists/ecoinventEFv3.7.csv,ecoinventEFv3.7,,Promethium-147,air/urban air close to ground,kBq,,
Mapping/Input/Flowlists/ecoinventEFv3.7.csv,ecoinventEFv3.7,,Prometryn,soil/agricultural,kg,,Caparol
Mapping/Input/Flowlists/ecoinventEFv3.7.csv,ecoinventEFv3.7,,Pronamide,soil/agricultural,kg,,Kerb
Mapping/Input/Flowlists/ecoinventEFv3.7.csv,ecoinventEFv3.7,,Propachlor,soil/agricultural,kg,,
Mapping/Input/Flowlists/ecoinventEFv3.7.csv,ecoinventEFv3.7,,Propamocarb,soil/agricultural,kg,,
Mapping/Input/Flowlists/ecoinventEFv3.7.csv,ecoinventEFv3.7,,Propamocarb HCl,soil/agricultural,kg,,propyl 3-(dimethylamino)propylcarbamate hydrochloride
Mapping/Input/Flowlists/ecoinventEFv3.7.csv,ecoinventEFv3.7,,Propanal,"air/low population density, long-term",kg,,
Mapping/Input/Flowlists/ecoinventEFv3.7.csv,ecoinventEFv3.7,,Propanal,air/lower stratosphere + upper troposphere,kg,,
Mapping/Input/Flowlists/ecoinventEFv3.7.csv,ecoinventEFv3.7,,Propanal,air/non-urban air or from high stacks,kg,,
Mapping/Input/Flowlists/ecoinventEFv3.7.csv,ecoinventEFv3.7,,Propanal,air/unspecified,kg,,
Mapping/Input/Flowlists/ecoinventEFv3.7.csv,ecoinventEFv3.7,,Propanal,air/urban air close to ground,kg,,
Mapping/Input/Flowlists/ecoinventEFv3.7.csv,ecoinventEFv3.7,,Propanal,water/ground-,kg,,"propionaldehyde, methylacetaldehyde, propionic aldehyde, propaldehyde"
Mapping/Input/Flowlists/ecoinventEFv3.7.csv,ecoinventEFv3.7,,Propanal,"water/ground-, long-term",kg,,"propionaldehyde, methylacetaldehyde, propionic aldehyde, propaldehyde"
Mapping/Input/Flowlists/ecoinventEFv3.7.csv,ecoinventEFv3.7,,Propanal,water/ocean,kg,,"propionaldehyde, methylacetaldehyde, propionic aldehyde, propaldehyde"
Mapping/Input/Flowlists/ecoinventEFv3.7.csv,ecoinventEFv3.7,,Propanal,water/surface water,kg,,"propionaldehyde, methylacetaldehyde, propionic aldehyde, propaldehyde"
Mapping/Input/Flowlists/ecoinventEFv3.7.csv,ecoinventEFv3.7,,Propanal,water/unspecified,kg,,"propionaldehyde, methylacetaldehyde, propionic aldehyde, propaldehyde"
Mapping/Input/Flowlists/ecoinventEFv3.7.csv,ecoinventEFv3.7,,Propane,"air/low population density, long-term",kg,,
Mapping/Input/Flowlists/ecoinventEFv3.7.csv,ecoinventEFv3.7,,Propane,air/lower stratosphere + upper troposphere,kg,,
Mapping/Input/Flowlists/ecoinventEFv3.7.csv,ecoinventEFv3.7,,Propane,air/non-urban air or from high stacks,kg,,
Mapping/Input/Flowlists/ecoinventEFv3.7.csv,ecoinventEFv3.7,,Propane,air/unspecified,kg,,
Mapping/Input/Flowlists/ecoinventEFv3.7.csv,ecoinventEFv3.7,,Propane,air/urban air close to ground,kg,,
Mapping/Input/Flowlists/ecoinventEFv3.7.csv,ecoinventEFv3.7,,Propanil,soil/agricultural,kg,,Stam M-4
Mapping/Input/Flowlists/ecoinventEFv3.7.csv,ecoinventEFv3.7,,Propanol,"air/low population density, long-term",kg,,
Mapping/Input/Flowlists/ecoinventEFv3.7.csv,ecoinventEFv3.7,,Propanol,air/lower stratosphere + upper troposphere,kg,,
Mapping/Input/Flowlists/ecoinventEFv3.7.csv,ecoinventEFv3.7,,Propanol,air/non-urban air or from high stacks,kg,,
Mapping/Input/Flowlists/ecoinventEFv3.7.csv,ecoinventEFv3.7,,Propanol,air/unspecified,kg,,
Mapping/Input/Flowlists/ecoinventEFv3.7.csv,ecoinventEFv3.7,,Propanol,air/urban air close to ground,kg,,
Mapping/Input/Flowlists/ecoinventEFv3.7.csv,ecoinventEFv3.7,,Propanol,water/ground-,kg,,"propan-1-ol, 1-propanol, propyl alcohol, n-propanol, n-propyl alcohol"
Mapping/Input/Flowlists/ecoinventEFv3.7.csv,ecoinventEFv3.7,,Propanol,"water/ground-, long-term",kg,,"propan-1-ol, 1-propanol, propyl alcohol, n-propanol, n-propyl alcohol"
Mapping/Input/Flowlists/ecoinventEFv3.7.csv,ecoinventEFv3.7,,Propanol,water/ocean,kg,,"propan-1-ol, 1-propanol, propyl alcohol, n-propanol, n-propyl alcohol"
Mapping/Input/Flowlists/ecoinventEFv3.7.csv,ecoinventEFv3.7,,Propanol,water/surface water,kg,,"propan-1-ol, 1-propanol, propyl alcohol, n-propanol, n-propyl alcohol"
Mapping/Input/Flowlists/ecoinventEFv3.7.csv,ecoinventEFv3.7,,Propanol,water/unspecified,kg,,"propan-1-ol, 1-propanol, propyl alcohol, n-propanol, n-propyl alcohol"
Mapping/Input/Flowlists/ecoinventEFv3.7.csv,ecoinventEFv3.7,,Propaquizafop,soil/agricultural,kg,,PSM
Mapping/Input/Flowlists/ecoinventEFv3.7.csv,ecoinventEFv3.7,,Propargite,soil/agricultural,kg,,Comite
Mapping/Input/Flowlists/ecoinventEFv3.7.csv,ecoinventEFv3.7,,Propene,"air/low population density, long-term",kg,,
Mapping/Input/Flowlists/ecoinventEFv3.7.csv,ecoinventEFv3.7,,Propene,air/lower stratosphere + upper troposphere,kg,,
Mapping/Input/Flowlists/ecoinventEFv3.7.csv,ecoinventEFv3.7,,Propene,air/non-urban air or from high stacks,kg,,
Mapping/Input/Flowlists/ecoinventEFv3.7.csv,ecoinventEFv3.7,,Propene,air/unspecified,kg,,
Mapping/Input/Flowlists/ecoinventEFv3.7.csv,ecoinventEFv3.7,,Propene,air/urban air close to ground,kg,,
Mapping/Input/Flowlists/ecoinventEFv3.7.csv,ecoinventEFv3.7,,Propene,water/ground-,kg,,
Mapping/Input/Flowlists/ecoinventEFv3.7.csv,ecoinventEFv3.7,,Propene,"water/ground-, long-term",kg,,
Mapping/Input/Flowlists/ecoinventEFv3.7.csv,ecoinventEFv3.7,,Propene,water/ocean,kg,,
Mapping/Input/Flowlists/ecoinventEFv3.7.csv,ecoinventEFv3.7,,Propene,water/surface water,kg,,
Mapping/Input/Flowlists/ecoinventEFv3.7.csv,ecoinventEFv3.7,,Propene,water/unspecified,kg,,
Mapping/Input/Flowlists/ecoinventEFv3.7.csv,ecoinventEFv3.7,,Propham,soil/agricultural,kg,,
Mapping/Input/Flowlists/ecoinventEFv3.7.csv,ecoinventEFv3.7,,Propiconazole,air/non-urban air or from high stacks,kg,,
Mapping/Input/Flowlists/ecoinventEFv3.7.csv,ecoinventEFv3.7,,Propiconazole,soil/agricultural,kg,,PSM
Mapping/Input/Flowlists/ecoinventEFv3.7.csv,ecoinventEFv3.7,,Propiconazole,water/ground-,kg,,PSM
Mapping/Input/Flowlists/ecoinventEFv3.7.csv,ecoinventEFv3.7,,Propiconazole,water/surface water,kg,,
Mapping/Input/Flowlists/ecoinventEFv3.7.csv,ecoinventEFv3.7,,Propineb,soil/agricultural,kg,,
Mapping/Input/Flowlists/ecoinventEFv3.7.csv,ecoinventEFv3.7,,Propionic acid,"air/low population density, long-term",kg,,
Mapping/Input/Flowlists/ecoinventEFv3.7.csv,ecoinventEFv3.7,,Propionic acid,air/lower stratosphere + upper troposphere,kg,,
Mapping/Input/Flowlists/ecoinventEFv3.7.csv,ecoinventEFv3.7,,Propionic acid,air/non-urban air or from high stacks,kg,,
Mapping/Input/Flowlists/ecoinventEFv3.7.csv,ecoinventEFv3.7,,Propionic acid,air/unspecified,kg,,
Mapping/Input/Flowlists/ecoinventEFv3.7.csv,ecoinventEFv3.7,,Propionic acid,air/urban air close to ground,kg,,
Mapping/Input/Flowlists/ecoinventEFv3.7.csv,ecoinventEFv3.7,,Propionic acid,water/ground-,kg,,"propanoic acid, ethanecarboxylic acid"
Mapping/Input/Flowlists/ecoinventEFv3.7.csv,ecoinventEFv3.7,,Propionic acid,"water/ground-, long-term",kg,,"propanoic acid, ethanecarboxylic acid"
Mapping/Input/Flowlists/ecoinventEFv3.7.csv,ecoinventEFv3.7,,Propionic acid,water/ocean,kg,,"propanoic acid, ethanecarboxylic acid"
Mapping/Input/Flowlists/ecoinventEFv3.7.csv,ecoinventEFv3.7,,Propionic acid,water/surface water,kg,,"propanoic acid, ethanecarboxylic acid"
Mapping/Input/Flowlists/ecoinventEFv3.7.csv,ecoinventEFv3.7,,Propionic acid,water/unspecified,kg,,"propanoic acid, ethanecarboxylic acid"
Mapping/Input/Flowlists/ecoinventEFv3.7.csv,ecoinventEFv3.7,,Propoxycarbazone-sodium (prop),soil/agricultural,kg,,
Mapping/Input/Flowlists/ecoinventEFv3.7.csv,ecoinventEFv3.7,,Propylamine,"air/low population density, long-term",kg,,"1-aminopropane, n-Propylamine"
Mapping/Input/Flowlists/ecoinventEFv3.7.csv,ecoinventEFv3.7,,Propylamine,air/lower stratosphere + upper troposphere,kg,,"1-aminopropane, n-Propylamine"
Mapping/Input/Flowlists/ecoinventEFv3.7.csv,ecoinventEFv3.7,,Propylamine,air/non-urban air or from high stacks,kg,,"1-aminopropane, n-Propylamine"
Mapping/Input/Flowlists/ecoinventEFv3.7.csv,ecoinventEFv3.7,,Propylamine,air/unspecified,kg,,"1-aminopropane, n-Propylamine"
Mapping/Input/Flowlists/ecoinventEFv3.7.csv,ecoinventEFv3.7,,Propylamine,air/urban air close to ground,kg,,"1-aminopropane, n-Propylamine"
Mapping/Input/Flowlists/ecoinventEFv3.7.csv,ecoinventEFv3.7,,Propylamine,water/ground-,kg,,"1-aminopropane, n-Propylamine"
Mapping/Input/Flowlists/ecoinventEFv3.7.csv,ecoinventEFv3.7,,Propylamine,"water/ground-, long-term",kg,,"1-aminopropane, n-Propylamine"
Mapping/Input/Flowlists/ecoinventEFv3.7.csv,ecoinventEFv3.7,,Propylamine,water/ocean,kg,,"1-aminopropane, n-Propylamine"
Mapping/Input/Flowlists/ecoinventEFv3.7.csv,ecoinventEFv3.7,,Propylamine,water/surface water,kg,,"1-aminopropane, n-Propylamine"
Mapping/Input/Flowlists/ecoinventEFv3.7.csv,ecoinventEFv3.7,,Propylamine,water/unspecified,kg,,"1-aminopropane, n-Propylamine"
Mapping/Input/Flowlists/ecoinventEFv3.7.csv,ecoinventEFv3.7,,Propylene oxide,"air/low population density, long-term",kg,,
Mapping/Input/Flowlists/ecoinventEFv3.7.csv,ecoinventEFv3.7,,Propylene oxide,air/lower stratosphere + upper troposphere,kg,,
Mapping/Input/Flowlists/ecoinventEFv3.7.csv,ecoinventEFv3.7,,Propylene oxide,air/non-urban air or from high stacks,kg,,
Mapping/Input/Flowlists/ecoinventEFv3.7.csv,ecoinventEFv3.7,,Propylene oxide,air/unspecified,kg,,
Mapping/Input/Flowlists/ecoinventEFv3.7.csv,ecoinventEFv3.7,,Propylene oxide,air/urban air close to ground,kg,,
Mapping/Input/Flowlists/ecoinventEFv3.7.csv,ecoinventEFv3.7,,Propylene oxide,water/ground-,kg,,
Mapping/Input/Flowlists/ecoinventEFv3.7.csv,ecoinventEFv3.7,,Propylene oxide,"water/ground-, long-term",kg,,
Mapping/Input/Flowlists/ecoinventEFv3.7.csv,ecoinventEFv3.7,,Propylene oxide,water/ocean,kg,,
Mapping/Input/Flowlists/ecoinventEFv3.7.csv,ecoinventEFv3.7,,Propylene oxide,water/surface water,kg,,
Mapping/Input/Flowlists/ecoinventEFv3.7.csv,ecoinventEFv3.7,,Propylene oxide,water/unspecified,kg,,
Mapping/Input/Flowlists/ecoinventEFv3.7.csv,ecoinventEFv3.7,,Proquinazid,soil/agricultural,kg,,
Mapping/Input/Flowlists/ecoinventEFv3.7.csv,ecoinventEFv3.7,,Prosulfocarb,soil/agricultural,kg,,S-benzyl dipropylthiocarbamate
Mapping/Input/Flowlists/ecoinventEFv3.7.csv,ecoinventEFv3.7,,Prosulfuron,soil/agricultural,kg,,
Mapping/Input/Flowlists/ecoinventEFv3.7.csv,ecoinventEFv3.7,,"Protactinium, in ground",natural resource/in ground,kg,,
Mapping/Input/Flowlists/ecoinventEFv3.7.csv,ecoinventEFv3.7,,Protactinium-234,"air/low population density, long-term",kBq,,
Mapping/Input/Flowlists/ecoinventEFv3.7.csv,ecoinventEFv3.7,,Protactinium-234,air/lower stratosphere + upper troposphere,kBq,,
Mapping/Input/Flowlists/ecoinventEFv3.7.csv,ecoinventEFv3.7,,Protactinium-234,air/non-urban air or from high stacks,kBq,,
Mapping/Input/Flowlists/ecoinventEFv3.7.csv,ecoinventEFv3.7,,Protactinium-234,air/unspecified,kBq,,
Mapping/Input/Flowlists/ecoinventEFv3.7.csv,ecoinventEFv3.7,,Protactinium-234,air/urban air close to ground,kBq,,
Mapping/Input/Flowlists/ecoinventEFv3.7.csv,ecoinventEFv3.7,,Protactinium-234,water/ground-,kBq,,
Mapping/Input/Flowlists/ecoinventEFv3.7.csv,ecoinventEFv3.7,,Protactinium-234,"water/ground-, long-term",kBq,,
Mapping/Input/Flowlists/ecoinventEFv3.7.csv,ecoinventEFv3.7,,Protactinium-234,water/ocean,kBq,,
Mapping/Input/Flowlists/ecoinventEFv3.7.csv,ecoinventEFv3.7,,Protactinium-234,water/surface water,kBq,,
Mapping/Input/Flowlists/ecoinventEFv3.7.csv,ecoinventEFv3.7,,Protactinium-234,water/unspecified,kBq,,
Mapping/Input/Flowlists/ecoinventEFv3.7.csv,ecoinventEFv3.7,,Prothioconazol,air/non-urban air or from high stacks,kg,,
Mapping/Input/Flowlists/ecoinventEFv3.7.csv,ecoinventEFv3.7,,Prothioconazol,soil/agricultural,kg,,
Mapping/Input/Flowlists/ecoinventEFv3.7.csv,ecoinventEFv3.7,,Prothioconazol,water/ground-,kg,,
Mapping/Input/Flowlists/ecoinventEFv3.7.csv,ecoinventEFv3.7,,Prothioconazol,water/surface water,kg,,
Mapping/Input/Flowlists/ecoinventEFv3.7.csv,ecoinventEFv3.7,,"Pt, Pt 2.5E-4%, Pd 7.3E-4%, Rh 2.0E-5%, Ni 2.3E+0%, Cu 3.2E+0% in ore, in ground",natural resource/in ground,kg,,Platin ab Erz
Mapping/Input/Flowlists/ecoinventEFv3.7.csv,ecoinventEFv3.7,,"Pt, Pt 4.8E-4%, Pd 2.0E-4%, Rh 2.4E-5%, Ni 3.7E-2%, Cu 5.2E-2% in ore, in ground",natural resource/in ground,kg,,Platin ab Erz
Mapping/Input/Flowlists/ecoinventEFv3.7.csv,ecoinventEFv3.7,,P-tert-amylphenol,soil/agricultural,kg,,
Mapping/Input/Flowlists/ecoinventEFv3.7.csv,ecoinventEFv3.7,,"Pumice, in ground",natural resource/in ground,kg,,"Naturbims, Bimsstein, Bimssand, Bimskies"
Mapping/Input/Flowlists/ecoinventEFv3.7.csv,ecoinventEFv3.7,,Pymetrozine,soil/agricultural,kg,,pymetrozine
Mapping/Input/Flowlists/ecoinventEFv3.7.csv,ecoinventEFv3.7,,Pyraclostrobin,air/non-urban air or from high stacks,kg,,
Mapping/Input/Flowlists/ecoinventEFv3.7.csv,ecoinventEFv3.7,,Pyraclostrobin,water/ground-,kg,,methyl N-{2-[1-(4-chlorophenyl)pyrazol-3-yloxymethyl]phenyl}(N-methoxy)carbamate
Mapping/Input/Flowlists/ecoinventEFv3.7.csv,ecoinventEFv3.7,,Pyraclostrobin,water/surface water,kg,,methyl N-{2-[1-(4-chlorophenyl)pyrazol-3-yloxymethyl]phenyl}(N-methoxy)carbamate
Mapping/Input/Flowlists/ecoinventEFv3.7.csv,ecoinventEFv3.7,,Pyraclostrobin (prop),soil/agricultural,kg,,methyl N-{2-[1-(4-chlorophenyl)pyrazol-3-yloxymethyl]phenyl}(N-methoxy)carbamate
Mapping/Input/Flowlists/ecoinventEFv3.7.csv,ecoinventEFv3.7,,Pyraflufen-ethyl,soil/agricultural,kg,,
Mapping/Input/Flowlists/ecoinventEFv3.7.csv,ecoinventEFv3.7,,Pyrazophos,soil/agricultural,kg,,
Mapping/Input/Flowlists/ecoinventEFv3.7.csv,ecoinventEFv3.7,,Pyrene,air/unspecified,kg,,
Mapping/Input/Flowlists/ecoinventEFv3.7.csv,ecoinventEFv3.7,,Pyrene,water/surface water,kg,,benzo[def]phenanthrene
Mapping/Input/Flowlists/ecoinventEFv3.7.csv,ecoinventEFv3.7,,Pyrethrin,soil/agricultural,kg,,Pyrethrin II
Mapping/Input/Flowlists/ecoinventEFv3.7.csv,ecoinventEFv3.7,,Pyrethrine,soil/agricultural,kg,,
Mapping/Input/Flowlists/ecoinventEFv3.7.csv,ecoinventEFv3.7,,Pyrethrum,soil/agricultural,kg,,
Mapping/Input/Flowlists/ecoinventEFv3.7.csv,ecoinventEFv3.7,,Pyridate,soil/agricultural,kg,,O-(6-chloro-3-phenyl-4-pyridazinyl) S-octylcarbonothionate
Mapping/Input/Flowlists/ecoinventEFv3.7.csv,ecoinventEFv3.7,,Pyrifenox,soil/agricultural,kg,,
Mapping/Input/Flowlists/ecoinventEFv3.7.csv,ecoinventEFv3.7,,Pyrimethanil,soil/agricultural,kg,,"4,6-dimethyl-N-phenylpyrimidin-2-amine"
Mapping/Input/Flowlists/ecoinventEFv3.7.csv,ecoinventEFv3.7,,Pyriproxyfen,soil/agricultural,kg,,S-9318
Mapping/Input/Flowlists/ecoinventEFv3.7.csv,ecoinventEFv3.7,,"Pyrite, in ground",natural resource/in ground,kg,,
Mapping/Input/Flowlists/ecoinventEFv3.7.csv,ecoinventEFv3.7,,Pyrithiobac sodium salt,soil/agricultural,kg,,pyrithiobac-sodium
Mapping/Input/Flowlists/ecoinventEFv3.7.csv,ecoinventEFv3.7,,"Pyrolusite, in ground",natural resource/in ground,kg,,
Mapping/Input/Flowlists/ecoinventEFv3.7.csv,ecoinventEFv3.7,,Quinclorac,soil/agricultural,kg,,"8-Quinolinecarboxylic aicd, 3,7-dichloro-"
Mapping/Input/Flowlists/ecoinventEFv3.7.csv,ecoinventEFv3.7,,Quinmerac,soil/agricultural,kg,,7-chloro-3-methylquinoline-8-carboxylic acid
Mapping/Input/Flowlists/ecoinventEFv3.7.csv,ecoinventEFv3.7,,Quinoxyfen,soil/agricultural,kg,,"5,7-dichloro-4-quinolyl 4-fluorophenyl ether"
Mapping/Input/Flowlists/ecoinventEFv3.7.csv,ecoinventEFv3.7,,Quintozene,soil/agricultural,kg,,Botrilex
Mapping/Input/Flowlists/ecoinventEFv3.7.csv,ecoinventEFv3.7,,Quizalofop ethyl ester,soil/agricultural,kg,,Assure
Mapping/Input/Flowlists/ecoinventEFv3.7.csv,ecoinventEFv3.7,,Quizalofop-ethyl,air/non-urban air or from high stacks,kg,,
Mapping/Input/Flowlists/ecoinventEFv3.7.csv,ecoinventEFv3.7,,Quizalofop-P,soil/agricultural,kg,,(R)-2-[4-(6-chloroquinoxalin-2-yloxy)phenoxy]propionic acid
Mapping/Input/Flowlists/ecoinventEFv3.7.csv,ecoinventEFv3.7,,Quizalofop-p-ethyl,soil/agricultural,kg,,DPX-Y6202-31
Mapping/Input/Flowlists/ecoinventEFv3.7.csv,ecoinventEFv3.7,,Rabon,soil/agricultural,kg,,
Mapping/Input/Flowlists/ecoinventEFv3.7.csv,ecoinventEFv3.7,,"Radiation, electromagnetic","air/low population density, long-term",MJ,,
Mapping/Input/Flowlists/ecoinventEFv3.7.csv,ecoinventEFv3.7,,"Radiation, electromagnetic",air/lower stratosphere + upper troposphere,MJ,,
Mapping/Input/Flowlists/ecoinventEFv3.7.csv,ecoinventEFv3.7,,"Radiation, electromagnetic",air/non-urban air or from high stacks,MJ,,
Mapping/Input/Flowlists/ecoinventEFv3.7.csv,ecoinventEFv3.7,,"Radiation, electromagnetic",air/unspecified,MJ,,
Mapping/Input/Flowlists/ecoinventEFv3.7.csv,ecoinventEFv3.7,,"Radiation, electromagnetic",air/urban air close to ground,MJ,,
Mapping/Input/Flowlists/ecoinventEFv3.7.csv,ecoinventEFv3.7,,"Radioactive species, alpha emitters",water/ground-,kBq,,
Mapping/Input/Flowlists/ecoinventEFv3.7.csv,ecoinventEFv3.7,,"Radioactive species, alpha emitters","water/ground-, long-term",kBq,,
Mapping/Input/Flowlists/ecoinventEFv3.7.csv,ecoinventEFv3.7,,"Radioactive species, alpha emitters",water/ocean,kBq,,
Mapping/Input/Flowlists/ecoinventEFv3.7.csv,ecoinventEFv3.7,,"Radioactive species, alpha emitters",water/surface water,kBq,,
Mapping/Input/Flowlists/ecoinventEFv3.7.csv,ecoinventEFv3.7,,"Radioactive species, alpha emitters",water/unspecified,kBq,,
Mapping/Input/Flowlists/ecoinventEFv3.7.csv,ecoinventEFv3.7,,"Radioactive species, from fission and activation",water/ground-,kBq,,
Mapping/Input/Flowlists/ecoinventEFv3.7.csv,ecoinventEFv3.7,,"Radioactive species, from fission and activation","water/ground-, long-term",kBq,,
Mapping/Input/Flowlists/ecoinventEFv3.7.csv,ecoinventEFv3.7,,"Radioactive species, from fission and activation",water/ocean,kBq,,
Mapping/Input/Flowlists/ecoinventEFv3.7.csv,ecoinventEFv3.7,,"Radioactive species, from fission and activation",water/surface water,kBq,,
Mapping/Input/Flowlists/ecoinventEFv3.7.csv,ecoinventEFv3.7,,"Radioactive species, from fission and activation",water/unspecified,kBq,,
Mapping/Input/Flowlists/ecoinventEFv3.7.csv,ecoinventEFv3.7,,"Radioactive species, Nuclides, unspecified",water/ground-,kBq,,
Mapping/Input/Flowlists/ecoinventEFv3.7.csv,ecoinventEFv3.7,,"Radioactive species, Nuclides, unspecified","water/ground-, long-term",kBq,,
Mapping/Input/Flowlists/ecoinventEFv3.7.csv,ecoinventEFv3.7,,"Radioactive species, Nuclides, unspecified",water/ocean,kBq,,
Mapping/Input/Flowlists/ecoinventEFv3.7.csv,ecoinventEFv3.7,,"Radioactive species, Nuclides, unspecified",water/surface water,kBq,,
Mapping/Input/Flowlists/ecoinventEFv3.7.csv,ecoinventEFv3.7,,"Radioactive species, Nuclides, unspecified",water/unspecified,kBq,,
Mapping/Input/Flowlists/ecoinventEFv3.7.csv,ecoinventEFv3.7,,"Radioactive species, other beta emitters","air/low population density, long-term",kBq,,
Mapping/Input/Flowlists/ecoinventEFv3.7.csv,ecoinventEFv3.7,,"Radioactive species, other beta emitters",air/lower stratosphere + upper troposphere,kBq,,
Mapping/Input/Flowlists/ecoinventEFv3.7.csv,ecoinventEFv3.7,,"Radioactive species, other beta emitters",air/non-urban air or from high stacks,kBq,,
Mapping/Input/Flowlists/ecoinventEFv3.7.csv,ecoinventEFv3.7,,"Radioactive species, other beta emitters",air/unspecified,kBq,,
Mapping/Input/Flowlists/ecoinventEFv3.7.csv,ecoinventEFv3.7,,"Radioactive species, other beta emitters",air/urban air close to ground,kBq,,
Mapping/Input/Flowlists/ecoinventEFv3.7.csv,ecoinventEFv3.7,,"Radium, in ground",natural resource/in ground,kg,,
Mapping/Input/Flowlists/ecoinventEFv3.7.csv,ecoinventEFv3.7,,Radium-224,water/ground-,kBq,,
Mapping/Input/Flowlists/ecoinventEFv3.7.csv,ecoinventEFv3.7,,Radium-224,"water/ground-, long-term",kBq,,
Mapping/Input/Flowlists/ecoinventEFv3.7.csv,ecoinventEFv3.7,,Radium-224,water/ocean,kBq,,
Mapping/Input/Flowlists/ecoinventEFv3.7.csv,ecoinventEFv3.7,,Radium-224,water/surface water,kBq,,
Mapping/Input/Flowlists/ecoinventEFv3.7.csv,ecoinventEFv3.7,,Radium-224,water/unspecified,kBq,,
Mapping/Input/Flowlists/ecoinventEFv3.7.csv,ecoinventEFv3.7,,Radium-226,"air/low population density, long-term",kBq,,
Mapping/Input/Flowlists/ecoinventEFv3.7.csv,ecoinventEFv3.7,,Radium-226,air/lower stratosphere + upper troposphere,kBq,,
Mapping/Input/Flowlists/ecoinventEFv3.7.csv,ecoinventEFv3.7,,Radium-226,air/non-urban air or from high stacks,kBq,,
Mapping/Input/Flowlists/ecoinventEFv3.7.csv,ecoinventEFv3.7,,Radium-226,air/unspecified,kBq,,
Mapping/Input/Flowlists/ecoinventEFv3.7.csv,ecoinventEFv3.7,,Radium-226,air/urban air close to ground,kBq,,
Mapping/Input/Flowlists/ecoinventEFv3.7.csv,ecoinventEFv3.7,,Radium-226,water/ground-,kBq,,
Mapping/Input/Flowlists/ecoinventEFv3.7.csv,ecoinventEFv3.7,,Radium-226,"water/ground-, long-term",kBq,,
Mapping/Input/Flowlists/ecoinventEFv3.7.csv,ecoinventEFv3.7,,Radium-226,water/ocean,kBq,,
Mapping/Input/Flowlists/ecoinventEFv3.7.csv,ecoinventEFv3.7,,Radium-226,water/surface water,kBq,,
Mapping/Input/Flowlists/ecoinventEFv3.7.csv,ecoinventEFv3.7,,Radium-226,water/unspecified,kBq,,
Mapping/Input/Flowlists/ecoinventEFv3.7.csv,ecoinventEFv3.7,,Radium-228,"air/low population density, long-term",kBq,,
Mapping/Input/Flowlists/ecoinventEFv3.7.csv,ecoinventEFv3.7,,Radium-228,air/lower stratosphere + upper troposphere,kBq,,
Mapping/Input/Flowlists/ecoinventEFv3.7.csv,ecoinventEFv3.7,,Radium-228,air/non-urban air or from high stacks,kBq,,
Mapping/Input/Flowlists/ecoinventEFv3.7.csv,ecoinventEFv3.7,,Radium-228,air/unspecified,kBq,,
Mapping/Input/Flowlists/ecoinventEFv3.7.csv,ecoinventEFv3.7,,Radium-228,air/urban air close to ground,kBq,,
Mapping/Input/Flowlists/ecoinventEFv3.7.csv,ecoinventEFv3.7,,Radium-228,water/ground-,kBq,,
Mapping/Input/Flowlists/ecoinventEFv3.7.csv,ecoinventEFv3.7,,Radium-228,"water/ground-, long-term",kBq,,
Mapping/Input/Flowlists/ecoinventEFv3.7.csv,ecoinventEFv3.7,,Radium-228,water/ocean,kBq,,
Mapping/Input/Flowlists/ecoinventEFv3.7.csv,ecoinventEFv3.7,,Radium-228,water/surface water,kBq,,
Mapping/Input/Flowlists/ecoinventEFv3.7.csv,ecoinventEFv3.7,,Radium-228,water/unspecified,kBq,,
Mapping/Input/Flowlists/ecoinventEFv3.7.csv,ecoinventEFv3.7,,Radon-220,"air/low population density, long-term",kBq,,
Mapping/Input/Flowlists/ecoinventEFv3.7.csv,ecoinventEFv3.7,,Radon-220,air/lower stratosphere + upper troposphere,kBq,,
Mapping/Input/Flowlists/ecoinventEFv3.7.csv,ecoinventEFv3.7,,Radon-220,air/non-urban air or from high stacks,kBq,,
Mapping/Input/Flowlists/ecoinventEFv3.7.csv,ecoinventEFv3.7,,Radon-220,air/unspecified,kBq,,
Mapping/Input/Flowlists/ecoinventEFv3.7.csv,ecoinventEFv3.7,,Radon-220,air/urban air close to ground,kBq,,
Mapping/Input/Flowlists/ecoinventEFv3.7.csv,ecoinventEFv3.7,,Radon-222,"air/low population density, long-term",kBq,,
Mapping/Input/Flowlists/ecoinventEFv3.7.csv,ecoinventEFv3.7,,Radon-222,air/lower stratosphere + upper troposphere,kBq,,
Mapping/Input/Flowlists/ecoinventEFv3.7.csv,ecoinventEFv3.7,,Radon-222,air/non-urban air or from high stacks,kBq,,
Mapping/Input/Flowlists/ecoinventEFv3.7.csv,ecoinventEFv3.7,,Radon-222,air/unspecified,kBq,,
Mapping/Input/Flowlists/ecoinventEFv3.7.csv,ecoinventEFv3.7,,Radon-222,air/urban air close to ground,kBq,,
Mapping/Input/Flowlists/ecoinventEFv3.7.csv,ecoinventEFv3.7,,"Rh, Rh 2.0E-5%, Pt 2.5E-4%, Pd 7.3E-4%, Ni 2.3E+0%, Cu 3.2E+0% in ore, in ground",natural resource/in ground,kg,,
Mapping/Input/Flowlists/ecoinventEFv3.7.csv,ecoinventEFv3.7,,"Rh, Rh 2.4E-5%, Pt 4.8E-4%, Pd 2.0E-4%, Ni 3.7E-2%, Cu 5.2E-2% in ore, in ground",natural resource/in ground,kg,,
Mapping/Input/Flowlists/ecoinventEFv3.7.csv,ecoinventEFv3.7,,"Rhenium, in crude ore, in ground",natural resource/in ground,kg,,
Mapping/Input/Flowlists/ecoinventEFv3.7.csv,ecoinventEFv3.7,,"Rhenium, in ground",natural resource/in ground,kg,,
Mapping/Input/Flowlists/ecoinventEFv3.7.csv,ecoinventEFv3.7,,Rhodium,air/unspecified,kg,,
Mapping/Input/Flowlists/ecoinventEFv3.7.csv,ecoinventEFv3.7,,"Rhodium, in ground",natural resource/in ground,kg,,
Mapping/Input/Flowlists/ecoinventEFv3.7.csv,ecoinventEFv3.7,,"Rhodium, Rh 1.6E-7%, in mixed ore, in ground",natural resource/in ground,kg,,
Mapping/Input/Flowlists/ecoinventEFv3.7.csv,ecoinventEFv3.7,,Rimsulfuron,soil/agricultural,kg,,"1-(4,6-dimethoxypyrimidin-2-yl)-3-(3-ethylsulfonyl-2-pyridylsulfonyl)urea"
Mapping/Input/Flowlists/ecoinventEFv3.7.csv,ecoinventEFv3.7,,Rotenone,soil/agricultural,kg,,
Mapping/Input/Flowlists/ecoinventEFv3.7.csv,ecoinventEFv3.7,,Rubidium,water/ground-,kg,,
Mapping/Input/Flowlists/ecoinventEFv3.7.csv,ecoinventEFv3.7,,Rubidium,"water/ground-, long-term",kg,,
Mapping/Input/Flowlists/ecoinventEFv3.7.csv,ecoinventEFv3.7,,Rubidium,water/ocean,kg,,
Mapping/Input/Flowlists/ecoinventEFv3.7.csv,ecoinventEFv3.7,,Rubidium,water/surface water,kg,,
Mapping/Input/Flowlists/ecoinventEFv3.7.csv,ecoinventEFv3.7,,Rubidium,water/unspecified,kg,,
Mapping/Input/Flowlists/ecoinventEFv3.7.csv,ecoinventEFv3.7,,"Rubidium, in ground",natural resource/in ground,kg,,
Mapping/Input/Flowlists/ecoinventEFv3.7.csv,ecoinventEFv3.7,,"Ruthenium, in ground",natural resource/in ground,kg,,
Mapping/Input/Flowlists/ecoinventEFv3.7.csv,ecoinventEFv3.7,,Ruthenium-103,"air/low population density, long-term",kBq,,
Mapping/Input/Flowlists/ecoinventEFv3.7.csv,ecoinventEFv3.7,,Ruthenium-103,air/lower stratosphere + upper troposphere,kBq,,
Mapping/Input/Flowlists/ecoinventEFv3.7.csv,ecoinventEFv3.7,,Ruthenium-103,air/non-urban air or from high stacks,kBq,,
Mapping/Input/Flowlists/ecoinventEFv3.7.csv,ecoinventEFv3.7,,Ruthenium-103,air/unspecified,kBq,,
Mapping/Input/Flowlists/ecoinventEFv3.7.csv,ecoinventEFv3.7,,Ruthenium-103,air/urban air close to ground,kBq,,
Mapping/Input/Flowlists/ecoinventEFv3.7.csv,ecoinventEFv3.7,,Ruthenium-103,water/ground-,kBq,,
Mapping/Input/Flowlists/ecoinventEFv3.7.csv,ecoinventEFv3.7,,Ruthenium-103,"water/ground-, long-term",kBq,,
Mapping/Input/Flowlists/ecoinventEFv3.7.csv,ecoinventEFv3.7,,Ruthenium-103,water/ocean,kBq,,
Mapping/Input/Flowlists/ecoinventEFv3.7.csv,ecoinventEFv3.7,,Ruthenium-103,water/surface water,kBq,,
Mapping/Input/Flowlists/ecoinventEFv3.7.csv,ecoinventEFv3.7,,Ruthenium-103,water/unspecified,kBq,,
Mapping/Input/Flowlists/ecoinventEFv3.7.csv,ecoinventEFv3.7,,Ruthenium-106,"air/low population density, long-term",kBq,,
Mapping/Input/Flowlists/ecoinventEFv3.7.csv,ecoinventEFv3.7,,Ruthenium-106,air/lower stratosphere + upper troposphere,kBq,,
Mapping/Input/Flowlists/ecoinventEFv3.7.csv,ecoinventEFv3.7,,Ruthenium-106,air/non-urban air or from high stacks,kBq,,
Mapping/Input/Flowlists/ecoinventEFv3.7.csv,ecoinventEFv3.7,,Ruthenium-106,air/unspecified,kBq,,
Mapping/Input/Flowlists/ecoinventEFv3.7.csv,ecoinventEFv3.7,,Ruthenium-106,air/urban air close to ground,kBq,,
Mapping/Input/Flowlists/ecoinventEFv3.7.csv,ecoinventEFv3.7,,Ruthenium-106,water/ground-,kBq,,
Mapping/Input/Flowlists/ecoinventEFv3.7.csv,ecoinventEFv3.7,,Ruthenium-106,"water/ground-, long-term",kBq,,
Mapping/Input/Flowlists/ecoinventEFv3.7.csv,ecoinventEFv3.7,,Ruthenium-106,water/ocean,kBq,,
Mapping/Input/Flowlists/ecoinventEFv3.7.csv,ecoinventEFv3.7,,Ruthenium-106,water/surface water,kBq,,
Mapping/Input/Flowlists/ecoinventEFv3.7.csv,ecoinventEFv3.7,,Ruthenium-106,water/unspecified,kBq,,
Mapping/Input/Flowlists/ecoinventEFv3.7.csv,ecoinventEFv3.7,,Salt water (obsolete),water/ocean,m3,,
Mapping/Input/Flowlists/ecoinventEFv3.7.csv,ecoinventEFv3.7,,"Samarium, 0.3% in bastnasite, 0.03% in crude ore, in ground",natural resource/in ground,kg,,
Mapping/Input/Flowlists/ecoinventEFv3.7.csv,ecoinventEFv3.7,,"Samarium, in ground",natural resource/in ground,kg,,
Mapping/Input/Flowlists/ecoinventEFv3.7.csv,ecoinventEFv3.7,,"Sand, unspecified, in ground",natural resource/in ground,kg,,
Mapping/Input/Flowlists/ecoinventEFv3.7.csv,ecoinventEFv3.7,,Scandium,"air/low population density, long-term",kg,,
Mapping/Input/Flowlists/ecoinventEFv3.7.csv,ecoinventEFv3.7,,Scandium,air/lower stratosphere + upper troposphere,kg,,
Mapping/Input/Flowlists/ecoinventEFv3.7.csv,ecoinventEFv3.7,,Scandium,air/non-urban air or from high stacks,kg,,
Mapping/Input/Flowlists/ecoinventEFv3.7.csv,ecoinventEFv3.7,,Scandium,air/unspecified,kg,,
Mapping/Input/Flowlists/ecoinventEFv3.7.csv,ecoinventEFv3.7,,Scandium,air/urban air close to ground,kg,,
Mapping/Input/Flowlists/ecoinventEFv3.7.csv,ecoinventEFv3.7,,Scandium,soil/agricultural,kg,,
Mapping/Input/Flowlists/ecoinventEFv3.7.csv,ecoinventEFv3.7,,Scandium,soil/forestry,kg,,
Mapping/Input/Flowlists/ecoinventEFv3.7.csv,ecoinventEFv3.7,,Scandium,soil/industrial,kg,,
Mapping/Input/Flowlists/ecoinventEFv3.7.csv,ecoinventEFv3.7,,Scandium,soil/unspecified,kg,,
Mapping/Input/Flowlists/ecoinventEFv3.7.csv,ecoinventEFv3.7,,Scandium,water/ground-,kg,,
Mapping/Input/Flowlists/ecoinventEFv3.7.csv,ecoinventEFv3.7,,Scandium,"water/ground-, long-term",kg,,
Mapping/Input/Flowlists/ecoinventEFv3.7.csv,ecoinventEFv3.7,,Scandium,water/ocean,kg,,
Mapping/Input/Flowlists/ecoinventEFv3.7.csv,ecoinventEFv3.7,,Scandium,water/surface water,kg,,
Mapping/Input/Flowlists/ecoinventEFv3.7.csv,ecoinventEFv3.7,,Scandium,water/unspecified,kg,,
Mapping/Input/Flowlists/ecoinventEFv3.7.csv,ecoinventEFv3.7,,"Scandium, in ground",natural resource/in ground,kg,,
Mapping/Input/Flowlists/ecoinventEFv3.7.csv,ecoinventEFv3.7,,Selenium,"air/low population density, long-term",kg,,
Mapping/Input/Flowlists/ecoinventEFv3.7.csv,ecoinventEFv3.7,,Selenium,air/lower stratosphere + upper troposphere,kg,,
Mapping/Input/Flowlists/ecoinventEFv3.7.csv,ecoinventEFv3.7,,Selenium,air/non-urban air or from high stacks,kg,,
Mapping/Input/Flowlists/ecoinventEFv3.7.csv,ecoinventEFv3.7,,Selenium,air/unspecified,kg,,
Mapping/Input/Flowlists/ecoinventEFv3.7.csv,ecoinventEFv3.7,,Selenium,air/urban air close to ground,kg,,
Mapping/Input/Flowlists/ecoinventEFv3.7.csv,ecoinventEFv3.7,,Selenium,soil/agricultural,kg,,
Mapping/Input/Flowlists/ecoinventEFv3.7.csv,ecoinventEFv3.7,,Selenium,soil/forestry,kg,,
Mapping/Input/Flowlists/ecoinventEFv3.7.csv,ecoinventEFv3.7,,Selenium,soil/industrial,kg,,
Mapping/Input/Flowlists/ecoinventEFv3.7.csv,ecoinventEFv3.7,,Selenium,soil/unspecified,kg,,
Mapping/Input/Flowlists/ecoinventEFv3.7.csv,ecoinventEFv3.7,,Selenium,water/ground-,kg,,
Mapping/Input/Flowlists/ecoinventEFv3.7.csv,ecoinventEFv3.7,,Selenium,"water/ground-, long-term",kg,,
Mapping/Input/Flowlists/ecoinventEFv3.7.csv,ecoinventEFv3.7,,Selenium,water/ocean,kg,,
Mapping/Input/Flowlists/ecoinventEFv3.7.csv,ecoinventEFv3.7,,Selenium,water/surface water,kg,,
Mapping/Input/Flowlists/ecoinventEFv3.7.csv,ecoinventEFv3.7,,Selenium,water/unspecified,kg,,
Mapping/Input/Flowlists/ecoinventEFv3.7.csv,ecoinventEFv3.7,,"Selenium, in ground",natural resource/in ground,kg,,
Mapping/Input/Flowlists/ecoinventEFv3.7.csv,ecoinventEFv3.7,,Sethoxydim,air/non-urban air or from high stacks,kg,,
Mapping/Input/Flowlists/ecoinventEFv3.7.csv,ecoinventEFv3.7,,Sethoxydim,soil/agricultural,kg,,sethodydim
Mapping/Input/Flowlists/ecoinventEFv3.7.csv,ecoinventEFv3.7,,"Shale, in ground",natural resource/in ground,kg,,
Mapping/Input/Flowlists/ecoinventEFv3.7.csv,ecoinventEFv3.7,,Siduron,soil/agricultural,kg,,
Mapping/Input/Flowlists/ecoinventEFv3.7.csv,ecoinventEFv3.7,,Silicon,"air/low population density, long-term",kg,,
Mapping/Input/Flowlists/ecoinventEFv3.7.csv,ecoinventEFv3.7,,Silicon,air/lower stratosphere + upper troposphere,kg,,
Mapping/Input/Flowlists/ecoinventEFv3.7.csv,ecoinventEFv3.7,,Silicon,air/non-urban air or from high stacks,kg,,
Mapping/Input/Flowlists/ecoinventEFv3.7.csv,ecoinventEFv3.7,,Silicon,air/unspecified,kg,,
Mapping/Input/Flowlists/ecoinventEFv3.7.csv,ecoinventEFv3.7,,Silicon,air/urban air close to ground,kg,,
Mapping/Input/Flowlists/ecoinventEFv3.7.csv,ecoinventEFv3.7,,Silicon,soil/agricultural,kg,,
Mapping/Input/Flowlists/ecoinventEFv3.7.csv,ecoinventEFv3.7,,Silicon,soil/forestry,kg,,
Mapping/Input/Flowlists/ecoinventEFv3.7.csv,ecoinventEFv3.7,,Silicon,soil/industrial,kg,,
Mapping/Input/Flowlists/ecoinventEFv3.7.csv,ecoinventEFv3.7,,Silicon,soil/unspecified,kg,,
Mapping/Input/Flowlists/ecoinventEFv3.7.csv,ecoinventEFv3.7,,Silicon,water/ground-,kg,,
Mapping/Input/Flowlists/ecoinventEFv3.7.csv,ecoinventEFv3.7,,Silicon,"water/ground-, long-term",kg,,
Mapping/Input/Flowlists/ecoinventEFv3.7.csv,ecoinventEFv3.7,,Silicon,water/ocean,kg,,
Mapping/Input/Flowlists/ecoinventEFv3.7.csv,ecoinventEFv3.7,,Silicon,water/surface water,kg,,
Mapping/Input/Flowlists/ecoinventEFv3.7.csv,ecoinventEFv3.7,,Silicon,water/unspecified,kg,,
Mapping/Input/Flowlists/ecoinventEFv3.7.csv,ecoinventEFv3.7,,Silicon dioxide,water/surface water,kg,,
Mapping/Input/Flowlists/ecoinventEFv3.7.csv,ecoinventEFv3.7,,Silicon tetrachloride,air/urban air close to ground,kg,,
Mapping/Input/Flowlists/ecoinventEFv3.7.csv,ecoinventEFv3.7,,Silicon tetrafluoride,"air/low population density, long-term",kg,,
Mapping/Input/Flowlists/ecoinventEFv3.7.csv,ecoinventEFv3.7,,Silicon tetrafluoride,air/lower stratosphere + upper troposphere,kg,,
Mapping/Input/Flowlists/ecoinventEFv3.7.csv,ecoinventEFv3.7,,Silicon tetrafluoride,air/non-urban air or from high stacks,kg,,
Mapping/Input/Flowlists/ecoinventEFv3.7.csv,ecoinventEFv3.7,,Silicon tetrafluoride,air/unspecified,kg,,
Mapping/Input/Flowlists/ecoinventEFv3.7.csv,ecoinventEFv3.7,,Silicon tetrafluoride,air/urban air close to ground,kg,,
Mapping/Input/Flowlists/ecoinventEFv3.7.csv,ecoinventEFv3.7,,"Silicon, in ground",natural resource/in ground,kg,,
Mapping/Input/Flowlists/ecoinventEFv3.7.csv,ecoinventEFv3.7,,Silthiofam,soil/agricultural,kg,,"N-allyl-4,5-dimethyl-2-(trimethylsilyl)thiophene-3-carboxamide"
Mapping/Input/Flowlists/ecoinventEFv3.7.csv,ecoinventEFv3.7,,Silver,"air/low population density, long-term",kg,,
Mapping/Input/Flowlists/ecoinventEFv3.7.csv,ecoinventEFv3.7,,Silver,air/lower stratosphere + upper troposphere,kg,,
Mapping/Input/Flowlists/ecoinventEFv3.7.csv,ecoinventEFv3.7,,Silver,air/non-urban air or from high stacks,kg,,
Mapping/Input/Flowlists/ecoinventEFv3.7.csv,ecoinventEFv3.7,,Silver,air/unspecified,kg,,
Mapping/Input/Flowlists/ecoinventEFv3.7.csv,ecoinventEFv3.7,,Silver,air/urban air close to ground,kg,,
Mapping/Input/Flowlists/ecoinventEFv3.7.csv,ecoinventEFv3.7,,Silver,soil/agricultural,kg,,
Mapping/Input/Flowlists/ecoinventEFv3.7.csv,ecoinventEFv3.7,,Silver,soil/forestry,kg,,
Mapping/Input/Flowlists/ecoinventEFv3.7.csv,ecoinventEFv3.7,,Silver,soil/industrial,kg,,
Mapping/Input/Flowlists/ecoinventEFv3.7.csv,ecoinventEFv3.7,,Silver,soil/unspecified,kg,,
Mapping/Input/Flowlists/ecoinventEFv3.7.csv,ecoinventEFv3.7,,"Silver, 0.007% in sulfide, Ag 0.004%, Pb, Zn, Cd, In, in ground",natural resource/in ground,kg,,
Mapping/Input/Flowlists/ecoinventEFv3.7.csv,ecoinventEFv3.7,,"Silver, 0.01% in crude ore, in ground",natural resource/in ground,kg,,
Mapping/Input/Flowlists/ecoinventEFv3.7.csv,ecoinventEFv3.7,,"Silver, 3.2ppm in sulfide, Ag 1.2ppm, Cu and Te, in crude ore, in ground",natural resource/in ground,kg,,
Mapping/Input/Flowlists/ecoinventEFv3.7.csv,ecoinventEFv3.7,,"Silver, Ag 1.5E-4%, Au 6.8E-4%, in ore, in ground",natural resource/in ground,kg,,
Mapping/Input/Flowlists/ecoinventEFv3.7.csv,ecoinventEFv3.7,,"Silver, Ag 1.5E-5%, Au 5.4E-4%, in ore, in ground",natural resource/in ground,kg,,
Mapping/Input/Flowlists/ecoinventEFv3.7.csv,ecoinventEFv3.7,,"Silver, Ag 1.8E-6%, in mixed ore, in ground",natural resource/in ground,kg,,
Mapping/Input/Flowlists/ecoinventEFv3.7.csv,ecoinventEFv3.7,,"Silver, Ag 2.1E-4%, Au 2.1E-4%, in ore, in ground",natural resource/in ground,kg,,
Mapping/Input/Flowlists/ecoinventEFv3.7.csv,ecoinventEFv3.7,,"Silver, Ag 4.2E-3%, Au 1.1E-4%, in ore, in ground",natural resource/in ground,kg,,
Mapping/Input/Flowlists/ecoinventEFv3.7.csv,ecoinventEFv3.7,,"Silver, Ag 4.6E-5%, Au 1.3E-4%, in ore, in ground",natural resource/in ground,kg,,
Mapping/Input/Flowlists/ecoinventEFv3.7.csv,ecoinventEFv3.7,,"Silver, Ag 5.4E-3%, in mixed ore, in ground",natural resource/in ground,kg,,
Mapping/Input/Flowlists/ecoinventEFv3.7.csv,ecoinventEFv3.7,,"Silver, Ag 7.6E-5%, Au 9.7E-5%, in ore, in ground",natural resource/in ground,kg,,
Mapping/Input/Flowlists/ecoinventEFv3.7.csv,ecoinventEFv3.7,,"Silver, Ag 9.7E-4%, in mixed ore, in ground",natural resource/in ground,kg,,
Mapping/Input/Flowlists/ecoinventEFv3.7.csv,ecoinventEFv3.7,,"Silver, in ground",natural resource/in ground,kg,,
Mapping/Input/Flowlists/ecoinventEFv3.7.csv,ecoinventEFv3.7,,"Silver, ion",water/ground-,kg,,
Mapping/Input/Flowlists/ecoinventEFv3.7.csv,ecoinventEFv3.7,,"Silver, ion","water/ground-, long-term",kg,,
Mapping/Input/Flowlists/ecoinventEFv3.7.csv,ecoinventEFv3.7,,"Silver, ion",water/ocean,kg,,
Mapping/Input/Flowlists/ecoinventEFv3.7.csv,ecoinventEFv3.7,,"Silver, ion",water/surface water,kg,,
Mapping/Input/Flowlists/ecoinventEFv3.7.csv,ecoinventEFv3.7,,"Silver, ion",water/unspecified,kg,,
Mapping/Input/Flowlists/ecoinventEFv3.7.csv,ecoinventEFv3.7,,Silver-110,"air/low population density, long-term",kBq,,
Mapping/Input/Flowlists/ecoinventEFv3.7.csv,ecoinventEFv3.7,,Silver-110,air/lower stratosphere + upper troposphere,kBq,,
Mapping/Input/Flowlists/ecoinventEFv3.7.csv,ecoinventEFv3.7,,Silver-110,air/non-urban air or from high stacks,kBq,,
Mapping/Input/Flowlists/ecoinventEFv3.7.csv,ecoinventEFv3.7,,Silver-110,air/unspecified,kBq,,
Mapping/Input/Flowlists/ecoinventEFv3.7.csv,ecoinventEFv3.7,,Silver-110,air/urban air close to ground,kBq,,
Mapping/Input/Flowlists/ecoinventEFv3.7.csv,ecoinventEFv3.7,,Silver-110,water/ground-,kBq,,
Mapping/Input/Flowlists/ecoinventEFv3.7.csv,ecoinventEFv3.7,,Silver-110,"water/ground-, long-term",kBq,,
Mapping/Input/Flowlists/ecoinventEFv3.7.csv,ecoinventEFv3.7,,Silver-110,water/ocean,kBq,,
Mapping/Input/Flowlists/ecoinventEFv3.7.csv,ecoinventEFv3.7,,Silver-110,water/surface water,kBq,,
Mapping/Input/Flowlists/ecoinventEFv3.7.csv,ecoinventEFv3.7,,Silver-110,water/unspecified,kBq,,
Mapping/Input/Flowlists/ecoinventEFv3.7.csv,ecoinventEFv3.7,,Simazine,soil/agricultural,kg,,"6-chloro-N2,N4-diethyl-1,3,5-triazine-2,4-diamine"
Mapping/Input/Flowlists/ecoinventEFv3.7.csv,ecoinventEFv3.7,,S-metolachlor,soil/agricultural,kg,,
Mapping/Input/Flowlists/ecoinventEFv3.7.csv,ecoinventEFv3.7,,Sodium,"air/low population density, long-term",kg,,
Mapping/Input/Flowlists/ecoinventEFv3.7.csv,ecoinventEFv3.7,,Sodium,air/lower stratosphere + upper troposphere,kg,,
Mapping/Input/Flowlists/ecoinventEFv3.7.csv,ecoinventEFv3.7,,Sodium,air/non-urban air or from high stacks,kg,,
Mapping/Input/Flowlists/ecoinventEFv3.7.csv,ecoinventEFv3.7,,Sodium,air/unspecified,kg,,
Mapping/Input/Flowlists/ecoinventEFv3.7.csv,ecoinventEFv3.7,,Sodium,air/urban air close to ground,kg,,
Mapping/Input/Flowlists/ecoinventEFv3.7.csv,ecoinventEFv3.7,,Sodium,soil/agricultural,kg,,
Mapping/Input/Flowlists/ecoinventEFv3.7.csv,ecoinventEFv3.7,,Sodium,soil/forestry,kg,,
Mapping/Input/Flowlists/ecoinventEFv3.7.csv,ecoinventEFv3.7,,Sodium,soil/industrial,kg,,
Mapping/Input/Flowlists/ecoinventEFv3.7.csv,ecoinventEFv3.7,,Sodium,soil/unspecified,kg,,
Mapping/Input/Flowlists/ecoinventEFv3.7.csv,ecoinventEFv3.7,,Sodium,water/ground-,kg,,
Mapping/Input/Flowlists/ecoinventEFv3.7.csv,ecoinventEFv3.7,,Sodium,water/unspecified,kg,,
Mapping/Input/Flowlists/ecoinventEFv3.7.csv,ecoinventEFv3.7,,Sodium chlorate,"air/low population density, long-term",kg,,
Mapping/Input/Flowlists/ecoinventEFv3.7.csv,ecoinventEFv3.7,,Sodium chlorate,air/lower stratosphere + upper troposphere,kg,,
Mapping/Input/Flowlists/ecoinventEFv3.7.csv,ecoinventEFv3.7,,Sodium chlorate,air/non-urban air or from high stacks,kg,,
Mapping/Input/Flowlists/ecoinventEFv3.7.csv,ecoinventEFv3.7,,Sodium chlorate,air/unspecified,kg,,
Mapping/Input/Flowlists/ecoinventEFv3.7.csv,ecoinventEFv3.7,,Sodium chlorate,air/urban air close to ground,kg,,
Mapping/Input/Flowlists/ecoinventEFv3.7.csv,ecoinventEFv3.7,,Sodium chlorate,water/ground-,kg,,
Mapping/Input/Flowlists/ecoinventEFv3.7.csv,ecoinventEFv3.7,,Sodium chlorate,"water/ground-, long-term",kg,,
Mapping/Input/Flowlists/ecoinventEFv3.7.csv,ecoinventEFv3.7,,Sodium chlorate,water/ocean,kg,,
Mapping/Input/Flowlists/ecoinventEFv3.7.csv,ecoinventEFv3.7,,Sodium chlorate,water/surface water,kg,,
Mapping/Input/Flowlists/ecoinventEFv3.7.csv,ecoinventEFv3.7,,Sodium chlorate,water/unspecified,kg,,
Mapping/Input/Flowlists/ecoinventEFv3.7.csv,ecoinventEFv3.7,,"Sodium chloride, in ground",natural resource/in ground,kg,,
Mapping/Input/Flowlists/ecoinventEFv3.7.csv,ecoinventEFv3.7,,Sodium dichromate,"air/low population density, long-term",kg,,
Mapping/Input/Flowlists/ecoinventEFv3.7.csv,ecoinventEFv3.7,,Sodium dichromate,air/lower stratosphere + upper troposphere,kg,,
Mapping/Input/Flowlists/ecoinventEFv3.7.csv,ecoinventEFv3.7,,Sodium dichromate,air/non-urban air or from high stacks,kg,,
Mapping/Input/Flowlists/ecoinventEFv3.7.csv,ecoinventEFv3.7,,Sodium dichromate,air/unspecified,kg,,
Mapping/Input/Flowlists/ecoinventEFv3.7.csv,ecoinventEFv3.7,,Sodium dichromate,air/urban air close to ground,kg,,
Mapping/Input/Flowlists/ecoinventEFv3.7.csv,ecoinventEFv3.7,,Sodium fluorosilicate,soil/agricultural,kg,,
Mapping/Input/Flowlists/ecoinventEFv3.7.csv,ecoinventEFv3.7,,Sodium formate,"air/low population density, long-term",kg,,
Mapping/Input/Flowlists/ecoinventEFv3.7.csv,ecoinventEFv3.7,,Sodium formate,air/lower stratosphere + upper troposphere,kg,,
Mapping/Input/Flowlists/ecoinventEFv3.7.csv,ecoinventEFv3.7,,Sodium formate,air/non-urban air or from high stacks,kg,,
Mapping/Input/Flowlists/ecoinventEFv3.7.csv,ecoinventEFv3.7,,Sodium formate,air/unspecified,kg,,
Mapping/Input/Flowlists/ecoinventEFv3.7.csv,ecoinventEFv3.7,,Sodium formate,air/urban air close to ground,kg,,
Mapping/Input/Flowlists/ecoinventEFv3.7.csv,ecoinventEFv3.7,,Sodium formate,water/ground-,kg,,
Mapping/Input/Flowlists/ecoinventEFv3.7.csv,ecoinventEFv3.7,,Sodium formate,"water/ground-, long-term",kg,,
Mapping/Input/Flowlists/ecoinventEFv3.7.csv,ecoinventEFv3.7,,Sodium formate,water/ocean,kg,,
Mapping/Input/Flowlists/ecoinventEFv3.7.csv,ecoinventEFv3.7,,Sodium formate,water/surface water,kg,,
Mapping/Input/Flowlists/ecoinventEFv3.7.csv,ecoinventEFv3.7,,Sodium formate,water/unspecified,kg,,
Mapping/Input/Flowlists/ecoinventEFv3.7.csv,ecoinventEFv3.7,,Sodium hydroxide,"air/low population density, long-term",kg,,
Mapping/Input/Flowlists/ecoinventEFv3.7.csv,ecoinventEFv3.7,,Sodium hydroxide,air/lower stratosphere + upper troposphere,kg,,
Mapping/Input/Flowlists/ecoinventEFv3.7.csv,ecoinventEFv3.7,,Sodium hydroxide,air/non-urban air or from high stacks,kg,,
Mapping/Input/Flowlists/ecoinventEFv3.7.csv,ecoinventEFv3.7,,Sodium hydroxide,air/unspecified,kg,,
Mapping/Input/Flowlists/ecoinventEFv3.7.csv,ecoinventEFv3.7,,Sodium hydroxide,air/urban air close to ground,kg,,
Mapping/Input/Flowlists/ecoinventEFv3.7.csv,ecoinventEFv3.7,,Sodium hypochlorite,"air/low population density, long-term",kg,,
Mapping/Input/Flowlists/ecoinventEFv3.7.csv,ecoinventEFv3.7,,Sodium hypochlorite,air/lower stratosphere + upper troposphere,kg,,
Mapping/Input/Flowlists/ecoinventEFv3.7.csv,ecoinventEFv3.7,,Sodium hypochlorite,air/non-urban air or from high stacks,kg,,
Mapping/Input/Flowlists/ecoinventEFv3.7.csv,ecoinventEFv3.7,,Sodium hypochlorite,air/unspecified,kg,,
Mapping/Input/Flowlists/ecoinventEFv3.7.csv,ecoinventEFv3.7,,Sodium hypochlorite,air/urban air close to ground,kg,,
Mapping/Input/Flowlists/ecoinventEFv3.7.csv,ecoinventEFv3.7,,"Sodium nitrate, in ground",natural resource/in ground,kg,,
Mapping/Input/Flowlists/ecoinventEFv3.7.csv,ecoinventEFv3.7,,Sodium perchlorate,"air/low population density, long-term",kg,,
Mapping/Input/Flowlists/ecoinventEFv3.7.csv,ecoinventEFv3.7,,Sodium perchlorate,air/lower stratosphere + upper troposphere,kg,,
Mapping/Input/Flowlists/ecoinventEFv3.7.csv,ecoinventEFv3.7,,Sodium perchlorate,air/non-urban air or from high stacks,kg,,
Mapping/Input/Flowlists/ecoinventEFv3.7.csv,ecoinventEFv3.7,,Sodium perchlorate,air/unspecified,kg,,
Mapping/Input/Flowlists/ecoinventEFv3.7.csv,ecoinventEFv3.7,,Sodium perchlorate,air/urban air close to ground,kg,,
Mapping/Input/Flowlists/ecoinventEFv3.7.csv,ecoinventEFv3.7,,"Sodium sulphate, various forms, in ground",natural resource/in ground,kg,,
Mapping/Input/Flowlists/ecoinventEFv3.7.csv,ecoinventEFv3.7,,Sodium tetrahydridoborate,"air/low population density, long-term",kg,,
Mapping/Input/Flowlists/ecoinventEFv3.7.csv,ecoinventEFv3.7,,Sodium tetrahydridoborate,air/lower stratosphere + upper troposphere,kg,,
Mapping/Input/Flowlists/ecoinventEFv3.7.csv,ecoinventEFv3.7,,Sodium tetrahydridoborate,air/non-urban air or from high stacks,kg,,
Mapping/Input/Flowlists/ecoinventEFv3.7.csv,ecoinventEFv3.7,,Sodium tetrahydridoborate,air/unspecified,kg,,
Mapping/Input/Flowlists/ecoinventEFv3.7.csv,ecoinventEFv3.7,,Sodium tetrahydridoborate,air/urban air close to ground,kg,,
Mapping/Input/Flowlists/ecoinventEFv3.7.csv,ecoinventEFv3.7,,"Sodium, in ground",natural resource/in ground,kg,,
Mapping/Input/Flowlists/ecoinventEFv3.7.csv,ecoinventEFv3.7,,"Sodium, ion",water/ground-,kg,,
Mapping/Input/Flowlists/ecoinventEFv3.7.csv,ecoinventEFv3.7,,"Sodium, ion","water/ground-, long-term",kg,,
Mapping/Input/Flowlists/ecoinventEFv3.7.csv,ecoinventEFv3.7,,"Sodium, ion",water/ocean,kg,,
Mapping/Input/Flowlists/ecoinventEFv3.7.csv,ecoinventEFv3.7,,"Sodium, ion",water/surface water,kg,,
Mapping/Input/Flowlists/ecoinventEFv3.7.csv,ecoinventEFv3.7,,"Sodium, ion",water/unspecified,kg,,
Mapping/Input/Flowlists/ecoinventEFv3.7.csv,ecoinventEFv3.7,,Sodium-24,water/ground-,kBq,,
Mapping/Input/Flowlists/ecoinventEFv3.7.csv,ecoinventEFv3.7,,Sodium-24,"water/ground-, long-term",kBq,,
Mapping/Input/Flowlists/ecoinventEFv3.7.csv,ecoinventEFv3.7,,Sodium-24,water/ocean,kBq,,
Mapping/Input/Flowlists/ecoinventEFv3.7.csv,ecoinventEFv3.7,,Sodium-24,water/surface water,kBq,,
Mapping/Input/Flowlists/ecoinventEFv3.7.csv,ecoinventEFv3.7,,Sodium-24,water/unspecified,kBq,,
Mapping/Input/Flowlists/ecoinventEFv3.7.csv,ecoinventEFv3.7,,"Solids, inorganic",water/ground-,kg,,
Mapping/Input/Flowlists/ecoinventEFv3.7.csv,ecoinventEFv3.7,,"Solids, inorganic","water/ground-, long-term",kg,,
Mapping/Input/Flowlists/ecoinventEFv3.7.csv,ecoinventEFv3.7,,"Solids, inorganic",water/ocean,kg,,
Mapping/Input/Flowlists/ecoinventEFv3.7.csv,ecoinventEFv3.7,,"Solids, inorganic",water/surface water,kg,,
Mapping/Input/Flowlists/ecoinventEFv3.7.csv,ecoinventEFv3.7,,"Solids, inorganic",water/unspecified,kg,,
Mapping/Input/Flowlists/ecoinventEFv3.7.csv,ecoinventEFv3.7,,Spinosad,soil/agricultural,kg,,Spinosyn A
Mapping/Input/Flowlists/ecoinventEFv3.7.csv,ecoinventEFv3.7,,Spirodiclofen,soil/agricultural,kg,,
Mapping/Input/Flowlists/ecoinventEFv3.7.csv,ecoinventEFv3.7,,Spiroxamine,soil/agricultural,kg,,"8-tert-butyl-1,4-dioxaspiro[4.5]decan-2-ylmethyl(ethyl)(propyl)amine"
Mapping/Input/Flowlists/ecoinventEFv3.7.csv,ecoinventEFv3.7,,"Spodumene, in ground",natural resource/in ground,kg,,
Mapping/Input/Flowlists/ecoinventEFv3.7.csv,ecoinventEFv3.7,,Starane,soil/agricultural,kg,,PSM
Mapping/Input/Flowlists/ecoinventEFv3.7.csv,ecoinventEFv3.7,,"Steatite, in ground",natural resource/in ground,kg,,massive talc
Mapping/Input/Flowlists/ecoinventEFv3.7.csv,ecoinventEFv3.7,,"Stibnite, in ground",natural resource/in ground,kg,,antimony sulfide
Mapping/Input/Flowlists/ecoinventEFv3.7.csv,ecoinventEFv3.7,,Strontium,"air/low population density, long-term",kg,,
Mapping/Input/Flowlists/ecoinventEFv3.7.csv,ecoinventEFv3.7,,Strontium,air/lower stratosphere + upper troposphere,kg,,
Mapping/Input/Flowlists/ecoinventEFv3.7.csv,ecoinventEFv3.7,,Strontium,air/non-urban air or from high stacks,kg,,
Mapping/Input/Flowlists/ecoinventEFv3.7.csv,ecoinventEFv3.7,,Strontium,air/unspecified,kg,,
Mapping/Input/Flowlists/ecoinventEFv3.7.csv,ecoinventEFv3.7,,Strontium,air/urban air close to ground,kg,,
Mapping/Input/Flowlists/ecoinventEFv3.7.csv,ecoinventEFv3.7,,Strontium,soil/agricultural,kg,,
Mapping/Input/Flowlists/ecoinventEFv3.7.csv,ecoinventEFv3.7,,Strontium,soil/forestry,kg,,
Mapping/Input/Flowlists/ecoinventEFv3.7.csv,ecoinventEFv3.7,,Strontium,soil/industrial,kg,,
Mapping/Input/Flowlists/ecoinventEFv3.7.csv,ecoinventEFv3.7,,Strontium,soil/unspecified,kg,,
Mapping/Input/Flowlists/ecoinventEFv3.7.csv,ecoinventEFv3.7,,Strontium,water/ground-,kg,,
Mapping/Input/Flowlists/ecoinventEFv3.7.csv,ecoinventEFv3.7,,Strontium,"water/ground-, long-term",kg,,
Mapping/Input/Flowlists/ecoinventEFv3.7.csv,ecoinventEFv3.7,,Strontium,water/ocean,kg,,
Mapping/Input/Flowlists/ecoinventEFv3.7.csv,ecoinventEFv3.7,,Strontium,water/surface water,kg,,
Mapping/Input/Flowlists/ecoinventEFv3.7.csv,ecoinventEFv3.7,,Strontium,water/unspecified,kg,,
Mapping/Input/Flowlists/ecoinventEFv3.7.csv,ecoinventEFv3.7,,"Strontium, in ground",natural resource/in ground,kg,,
Mapping/Input/Flowlists/ecoinventEFv3.7.csv,ecoinventEFv3.7,,Strontium-89,"air/low population density, long-term",kBq,,
Mapping/Input/Flowlists/ecoinventEFv3.7.csv,ecoinventEFv3.7,,Strontium-89,air/lower stratosphere + upper troposphere,kBq,,
Mapping/Input/Flowlists/ecoinventEFv3.7.csv,ecoinventEFv3.7,,Strontium-89,air/non-urban air or from high stacks,kBq,,
Mapping/Input/Flowlists/ecoinventEFv3.7.csv,ecoinventEFv3.7,,Strontium-89,air/unspecified,kBq,,
Mapping/Input/Flowlists/ecoinventEFv3.7.csv,ecoinventEFv3.7,,Strontium-89,air/urban air close to ground,kBq,,
Mapping/Input/Flowlists/ecoinventEFv3.7.csv,ecoinventEFv3.7,,Strontium-89,water/ground-,kBq,,
Mapping/Input/Flowlists/ecoinventEFv3.7.csv,ecoinventEFv3.7,,Strontium-89,"water/ground-, long-term",kBq,,
Mapping/Input/Flowlists/ecoinventEFv3.7.csv,ecoinventEFv3.7,,Strontium-89,water/ocean,kBq,,
Mapping/Input/Flowlists/ecoinventEFv3.7.csv,ecoinventEFv3.7,,Strontium-89,water/surface water,kBq,,
Mapping/Input/Flowlists/ecoinventEFv3.7.csv,ecoinventEFv3.7,,Strontium-89,water/unspecified,kBq,,
Mapping/Input/Flowlists/ecoinventEFv3.7.csv,ecoinventEFv3.7,,Strontium-90,"air/low population density, long-term",kBq,,
Mapping/Input/Flowlists/ecoinventEFv3.7.csv,ecoinventEFv3.7,,Strontium-90,air/lower stratosphere + upper troposphere,kBq,,
Mapping/Input/Flowlists/ecoinventEFv3.7.csv,ecoinventEFv3.7,,Strontium-90,air/non-urban air or from high stacks,kBq,,
Mapping/Input/Flowlists/ecoinventEFv3.7.csv,ecoinventEFv3.7,,Strontium-90,air/unspecified,kBq,,
Mapping/Input/Flowlists/ecoinventEFv3.7.csv,ecoinventEFv3.7,,Strontium-90,air/urban air close to ground,kBq,,
Mapping/Input/Flowlists/ecoinventEFv3.7.csv,ecoinventEFv3.7,,Strontium-90,water/ground-,kBq,,
Mapping/Input/Flowlists/ecoinventEFv3.7.csv,ecoinventEFv3.7,,Strontium-90,"water/ground-, long-term",kBq,,
Mapping/Input/Flowlists/ecoinventEFv3.7.csv,ecoinventEFv3.7,,Strontium-90,water/ocean,kBq,,
Mapping/Input/Flowlists/ecoinventEFv3.7.csv,ecoinventEFv3.7,,Strontium-90,water/surface water,kBq,,
Mapping/Input/Flowlists/ecoinventEFv3.7.csv,ecoinventEFv3.7,,Strontium-90,water/unspecified,kBq,,
Mapping/Input/Flowlists/ecoinventEFv3.7.csv,ecoinventEFv3.7,,Styrene,"air/low population density, long-term",kg,,
Mapping/Input/Flowlists/ecoinventEFv3.7.csv,ecoinventEFv3.7,,Styrene,air/lower stratosphere + upper troposphere,kg,,
Mapping/Input/Flowlists/ecoinventEFv3.7.csv,ecoinventEFv3.7,,Styrene,air/non-urban air or from high stacks,kg,,
Mapping/Input/Flowlists/ecoinventEFv3.7.csv,ecoinventEFv3.7,,Styrene,air/unspecified,kg,,
Mapping/Input/Flowlists/ecoinventEFv3.7.csv,ecoinventEFv3.7,,Styrene,air/urban air close to ground,kg,,
Mapping/Input/Flowlists/ecoinventEFv3.7.csv,ecoinventEFv3.7,,Styrene,water/ground-,kg,,
Mapping/Input/Flowlists/ecoinventEFv3.7.csv,ecoinventEFv3.7,,Styrene,"water/ground-, long-term",kg,,
Mapping/Input/Flowlists/ecoinventEFv3.7.csv,ecoinventEFv3.7,,Styrene,water/ocean,kg,,
Mapping/Input/Flowlists/ecoinventEFv3.7.csv,ecoinventEFv3.7,,Styrene,water/surface water,kg,,
Mapping/Input/Flowlists/ecoinventEFv3.7.csv,ecoinventEFv3.7,,Styrene,water/unspecified,kg,,
Mapping/Input/Flowlists/ecoinventEFv3.7.csv,ecoinventEFv3.7,,Sulcotrione,soil/agricultural,kg,,
Mapping/Input/Flowlists/ecoinventEFv3.7.csv,ecoinventEFv3.7,,Sulfate,"air/low population density, long-term",kg,,
Mapping/Input/Flowlists/ecoinventEFv3.7.csv,ecoinventEFv3.7,,Sulfate,air/lower stratosphere + upper troposphere,kg,,
Mapping/Input/Flowlists/ecoinventEFv3.7.csv,ecoinventEFv3.7,,Sulfate,air/non-urban air or from high stacks,kg,,
Mapping/Input/Flowlists/ecoinventEFv3.7.csv,ecoinventEFv3.7,,Sulfate,air/unspecified,kg,,
Mapping/Input/Flowlists/ecoinventEFv3.7.csv,ecoinventEFv3.7,,Sulfate,air/urban air close to ground,kg,,
Mapping/Input/Flowlists/ecoinventEFv3.7.csv,ecoinventEFv3.7,,Sulfate,soil/unspecified,kg,,
Mapping/Input/Flowlists/ecoinventEFv3.7.csv,ecoinventEFv3.7,,Sulfate,water/ground-,kg,,
Mapping/Input/Flowlists/ecoinventEFv3.7.csv,ecoinventEFv3.7,,Sulfate,"water/ground-, long-term",kg,,
Mapping/Input/Flowlists/ecoinventEFv3.7.csv,ecoinventEFv3.7,,Sulfate,water/ocean,kg,,
Mapping/Input/Flowlists/ecoinventEFv3.7.csv,ecoinventEFv3.7,,Sulfate,water/surface water,kg,,
Mapping/Input/Flowlists/ecoinventEFv3.7.csv,ecoinventEFv3.7,,Sulfate,water/unspecified,kg,,
Mapping/Input/Flowlists/ecoinventEFv3.7.csv,ecoinventEFv3.7,,"Sulfate, ion",water/ground-,kg,,
Mapping/Input/Flowlists/ecoinventEFv3.7.csv,ecoinventEFv3.7,,"Sulfate, ion",water/unspecified,kg,,
Mapping/Input/Flowlists/ecoinventEFv3.7.csv,ecoinventEFv3.7,,Sulfentrazone,air/non-urban air or from high stacks,kg,,
Mapping/Input/Flowlists/ecoinventEFv3.7.csv,ecoinventEFv3.7,,Sulfentrazone,soil/agricultural,kg,,
Mapping/Input/Flowlists/ecoinventEFv3.7.csv,ecoinventEFv3.7,,Sulfide,water/ground-,kg,,
Mapping/Input/Flowlists/ecoinventEFv3.7.csv,ecoinventEFv3.7,,Sulfide,"water/ground-, long-term",kg,,
Mapping/Input/Flowlists/ecoinventEFv3.7.csv,ecoinventEFv3.7,,Sulfide,water/ocean,kg,,
Mapping/Input/Flowlists/ecoinventEFv3.7.csv,ecoinventEFv3.7,,Sulfide,water/surface water,kg,,
Mapping/Input/Flowlists/ecoinventEFv3.7.csv,ecoinventEFv3.7,,Sulfide,water/unspecified,kg,,
Mapping/Input/Flowlists/ecoinventEFv3.7.csv,ecoinventEFv3.7,,Sulfite,water/ground-,kg,,
Mapping/Input/Flowlists/ecoinventEFv3.7.csv,ecoinventEFv3.7,,Sulfite,"water/ground-, long-term",kg,,
Mapping/Input/Flowlists/ecoinventEFv3.7.csv,ecoinventEFv3.7,,Sulfite,water/ocean,kg,,
Mapping/Input/Flowlists/ecoinventEFv3.7.csv,ecoinventEFv3.7,,Sulfite,water/surface water,kg,,
Mapping/Input/Flowlists/ecoinventEFv3.7.csv,ecoinventEFv3.7,,Sulfite,water/unspecified,kg,,
Mapping/Input/Flowlists/ecoinventEFv3.7.csv,ecoinventEFv3.7,,Sulfosate,soil/agricultural,kg,,trimethylsulfonium N-[(hydroxyphosphinato)methyl]glycine
Mapping/Input/Flowlists/ecoinventEFv3.7.csv,ecoinventEFv3.7,,Sulfosulfuron,soil/agricultural,kg,,
Mapping/Input/Flowlists/ecoinventEFv3.7.csv,ecoinventEFv3.7,,Sulfotep,soil/agricultural,kg,,
Mapping/Input/Flowlists/ecoinventEFv3.7.csv,ecoinventEFv3.7,,Sulfur,soil/agricultural,kg,,
Mapping/Input/Flowlists/ecoinventEFv3.7.csv,ecoinventEFv3.7,,Sulfur,soil/forestry,kg,,
Mapping/Input/Flowlists/ecoinventEFv3.7.csv,ecoinventEFv3.7,,Sulfur,soil/industrial,kg,,
Mapping/Input/Flowlists/ecoinventEFv3.7.csv,ecoinventEFv3.7,,Sulfur,soil/unspecified,kg,,
Mapping/Input/Flowlists/ecoinventEFv3.7.csv,ecoinventEFv3.7,,Sulfur,water/ground-,kg,,
Mapping/Input/Flowlists/ecoinventEFv3.7.csv,ecoinventEFv3.7,,Sulfur,"water/ground-, long-term",kg,,
Mapping/Input/Flowlists/ecoinventEFv3.7.csv,ecoinventEFv3.7,,Sulfur,water/ocean,kg,,
Mapping/Input/Flowlists/ecoinventEFv3.7.csv,ecoinventEFv3.7,,Sulfur,water/surface water,kg,,
Mapping/Input/Flowlists/ecoinventEFv3.7.csv,ecoinventEFv3.7,,Sulfur,water/unspecified,kg,,
Mapping/Input/Flowlists/ecoinventEFv3.7.csv,ecoinventEFv3.7,,Sulfur dioxide,"air/low population density, long-term",kg,,Sulfur oxides
Mapping/Input/Flowlists/ecoinventEFv3.7.csv,ecoinventEFv3.7,,Sulfur dioxide,air/lower stratosphere + upper troposphere,kg,,Sulfur oxides
Mapping/Input/Flowlists/ecoinventEFv3.7.csv,ecoinventEFv3.7,,Sulfur dioxide,air/non-urban air or from high stacks,kg,,
Mapping/Input/Flowlists/ecoinventEFv3.7.csv,ecoinventEFv3.7,,Sulfur dioxide,air/unspecified,kg,,
Mapping/Input/Flowlists/ecoinventEFv3.7.csv,ecoinventEFv3.7,,Sulfur dioxide,air/urban air close to ground,kg,,
Mapping/Input/Flowlists/ecoinventEFv3.7.csv,ecoinventEFv3.7,,Sulfur hexafluoride,"air/low population density, long-term",kg,,
Mapping/Input/Flowlists/ecoinventEFv3.7.csv,ecoinventEFv3.7,,Sulfur hexafluoride,air/lower stratosphere + upper troposphere,kg,,
Mapping/Input/Flowlists/ecoinventEFv3.7.csv,ecoinventEFv3.7,,Sulfur hexafluoride,air/non-urban air or from high stacks,kg,,
Mapping/Input/Flowlists/ecoinventEFv3.7.csv,ecoinventEFv3.7,,Sulfur hexafluoride,air/unspecified,kg,,
Mapping/Input/Flowlists/ecoinventEFv3.7.csv,ecoinventEFv3.7,,Sulfur hexafluoride,air/urban air close to ground,kg,,
Mapping/Input/Flowlists/ecoinventEFv3.7.csv,ecoinventEFv3.7,,Sulfur oxides,air/unspecified,kg,,
Mapping/Input/Flowlists/ecoinventEFv3.7.csv,ecoinventEFv3.7,,Sulfur trioxide,"air/low population density, long-term",kg,,"sulfan, sulphuric anhydride"
Mapping/Input/Flowlists/ecoinventEFv3.7.csv,ecoinventEFv3.7,,Sulfur trioxide,air/lower stratosphere + upper troposphere,kg,,"sulfan, sulphuric anhydride"
Mapping/Input/Flowlists/ecoinventEFv3.7.csv,ecoinventEFv3.7,,Sulfur trioxide,air/non-urban air or from high stacks,kg,,"sulfan, sulphuric anhydride"
Mapping/Input/Flowlists/ecoinventEFv3.7.csv,ecoinventEFv3.7,,Sulfur trioxide,air/unspecified,kg,,"sulfan, sulphuric anhydride"
Mapping/Input/Flowlists/ecoinventEFv3.7.csv,ecoinventEFv3.7,,Sulfur trioxide,air/urban air close to ground,kg,,"sulfan, sulphuric anhydride"
Mapping/Input/Flowlists/ecoinventEFv3.7.csv,ecoinventEFv3.7,,"Sulfur, in ground",natural resource/in ground,kg,,
Mapping/Input/Flowlists/ecoinventEFv3.7.csv,ecoinventEFv3.7,,Sulfuric acid,"air/low population density, long-term",kg,,
Mapping/Input/Flowlists/ecoinventEFv3.7.csv,ecoinventEFv3.7,,Sulfuric acid,air/lower stratosphere + upper troposphere,kg,,
Mapping/Input/Flowlists/ecoinventEFv3.7.csv,ecoinventEFv3.7,,Sulfuric acid,air/non-urban air or from high stacks,kg,,
Mapping/Input/Flowlists/ecoinventEFv3.7.csv,ecoinventEFv3.7,,Sulfuric acid,air/unspecified,kg,,
Mapping/Input/Flowlists/ecoinventEFv3.7.csv,ecoinventEFv3.7,,Sulfuric acid,air/urban air close to ground,kg,,
Mapping/Input/Flowlists/ecoinventEFv3.7.csv,ecoinventEFv3.7,,Sulfuric acid,soil/agricultural,kg,,BOU
Mapping/Input/Flowlists/ecoinventEFv3.7.csv,ecoinventEFv3.7,,Sulfuric acid,water/surface water,kg,,
Mapping/Input/Flowlists/ecoinventEFv3.7.csv,ecoinventEFv3.7,,"Suspended solids, unspecified",water/ground-,kg,,TSS
Mapping/Input/Flowlists/ecoinventEFv3.7.csv,ecoinventEFv3.7,,"Suspended solids, unspecified","water/ground-, long-term",kg,,TSS
Mapping/Input/Flowlists/ecoinventEFv3.7.csv,ecoinventEFv3.7,,"Suspended solids, unspecified",water/ocean,kg,,TSS
Mapping/Input/Flowlists/ecoinventEFv3.7.csv,ecoinventEFv3.7,,"Suspended solids, unspecified",water/surface water,kg,,
Mapping/Input/Flowlists/ecoinventEFv3.7.csv,ecoinventEFv3.7,,"Suspended solids, unspecified",water/unspecified,kg,,
Mapping/Input/Flowlists/ecoinventEFv3.7.csv,ecoinventEFv3.7,,"Sylvite, 25 % in sylvinite, in ground",natural resource/in ground,kg,,Kali
Mapping/Input/Flowlists/ecoinventEFv3.7.csv,ecoinventEFv3.7,,"Sylvite, in ground",natural resource/in ground,kg,,Potassium chloride
Mapping/Input/Flowlists/ecoinventEFv3.7.csv,ecoinventEFv3.7,,"Talc, in ground",natural resource/in ground,kg,,
Mapping/Input/Flowlists/ecoinventEFv3.7.csv,ecoinventEFv3.7,,"Tantalum, 81.9% in tantalite, 1.6E-4% in crude ore, in ground",natural resource/in ground,kg,,
Mapping/Input/Flowlists/ecoinventEFv3.7.csv,ecoinventEFv3.7,,"Tantalum, in ground",natural resource/in ground,kg,,
Mapping/Input/Flowlists/ecoinventEFv3.7.csv,ecoinventEFv3.7,,tau-Fluvalinate,soil/agricultural,kg,,"(RS)-α-cyano-3-phenoxybenzyl N-(2-chloro-α,α,α-trifluoro-p-tolyl)-D-valinate"
Mapping/Input/Flowlists/ecoinventEFv3.7.csv,ecoinventEFv3.7,,t-Butyl methyl ether,"air/low population density, long-term",kg,,
Mapping/Input/Flowlists/ecoinventEFv3.7.csv,ecoinventEFv3.7,,t-Butyl methyl ether,air/lower stratosphere + upper troposphere,kg,,
Mapping/Input/Flowlists/ecoinventEFv3.7.csv,ecoinventEFv3.7,,t-Butyl methyl ether,air/non-urban air or from high stacks,kg,,
Mapping/Input/Flowlists/ecoinventEFv3.7.csv,ecoinventEFv3.7,,t-Butyl methyl ether,air/unspecified,kg,,
Mapping/Input/Flowlists/ecoinventEFv3.7.csv,ecoinventEFv3.7,,t-Butyl methyl ether,air/urban air close to ground,kg,,
Mapping/Input/Flowlists/ecoinventEFv3.7.csv,ecoinventEFv3.7,,t-Butyl methyl ether,water/ground-,kg,,
Mapping/Input/Flowlists/ecoinventEFv3.7.csv,ecoinventEFv3.7,,t-Butyl methyl ether,"water/ground-, long-term",kg,,
Mapping/Input/Flowlists/ecoinventEFv3.7.csv,ecoinventEFv3.7,,t-Butyl methyl ether,water/ocean,kg,,
Mapping/Input/Flowlists/ecoinventEFv3.7.csv,ecoinventEFv3.7,,t-Butyl methyl ether,water/surface water,kg,,
Mapping/Input/Flowlists/ecoinventEFv3.7.csv,ecoinventEFv3.7,,t-Butyl methyl ether,water/unspecified,kg,,
Mapping/Input/Flowlists/ecoinventEFv3.7.csv,ecoinventEFv3.7,,t-Butylamine,"air/low population density, long-term",kg,,
Mapping/Input/Flowlists/ecoinventEFv3.7.csv,ecoinventEFv3.7,,t-Butylamine,air/lower stratosphere + upper troposphere,kg,,
Mapping/Input/Flowlists/ecoinventEFv3.7.csv,ecoinventEFv3.7,,t-Butylamine,air/non-urban air or from high stacks,kg,,
Mapping/Input/Flowlists/ecoinventEFv3.7.csv,ecoinventEFv3.7,,t-Butylamine,air/unspecified,kg,,
Mapping/Input/Flowlists/ecoinventEFv3.7.csv,ecoinventEFv3.7,,t-Butylamine,air/urban air close to ground,kg,,
Mapping/Input/Flowlists/ecoinventEFv3.7.csv,ecoinventEFv3.7,,t-Butylamine,water/ground-,kg,,
Mapping/Input/Flowlists/ecoinventEFv3.7.csv,ecoinventEFv3.7,,t-Butylamine,"water/ground-, long-term",kg,,
Mapping/Input/Flowlists/ecoinventEFv3.7.csv,ecoinventEFv3.7,,t-Butylamine,water/ocean,kg,,
Mapping/Input/Flowlists/ecoinventEFv3.7.csv,ecoinventEFv3.7,,t-Butylamine,water/surface water,kg,,
Mapping/Input/Flowlists/ecoinventEFv3.7.csv,ecoinventEFv3.7,,t-Butylamine,water/unspecified,kg,,
Mapping/Input/Flowlists/ecoinventEFv3.7.csv,ecoinventEFv3.7,,TCMTB,soil/agricultural,kg,,Thiocyanic acid (2-benzothiazolylthio)methyl ester
Mapping/Input/Flowlists/ecoinventEFv3.7.csv,ecoinventEFv3.7,,Tebuconazole,air/non-urban air or from high stacks,kg,,PSM
Mapping/Input/Flowlists/ecoinventEFv3.7.csv,ecoinventEFv3.7,,Tebuconazole,soil/agricultural,kg,,PSM
Mapping/Input/Flowlists/ecoinventEFv3.7.csv,ecoinventEFv3.7,,Tebuconazole,water/ground-,kg,,PSM
Mapping/Input/Flowlists/ecoinventEFv3.7.csv,ecoinventEFv3.7,,Tebuconazole,water/surface water,kg,,PSM
Mapping/Input/Flowlists/ecoinventEFv3.7.csv,ecoinventEFv3.7,,Tebufenozide,soil/agricultural,kg,,RH-5992
Mapping/Input/Flowlists/ecoinventEFv3.7.csv,ecoinventEFv3.7,,Tebufenpyrad,soil/agricultural,kg,,N-(4-tert-Butylbenzyl)-4-chloro-3-ethyl-1-methylpyrazole-5-carboxamide
Mapping/Input/Flowlists/ecoinventEFv3.7.csv,ecoinventEFv3.7,,Tebupirimphos,soil/agricultural,kg,,(RS)-[O-(2-tert-butylpyrimidin-5-yl) O-ethyl O-isopropyl phosphorothioate]
Mapping/Input/Flowlists/ecoinventEFv3.7.csv,ecoinventEFv3.7,,Tebutam,soil/agricultural,kg,,N-benzyl-N-isopropylpivalamide
Mapping/Input/Flowlists/ecoinventEFv3.7.csv,ecoinventEFv3.7,,Technetium-99,"air/low population density, long-term",kBq,,
Mapping/Input/Flowlists/ecoinventEFv3.7.csv,ecoinventEFv3.7,,Technetium-99,air/lower stratosphere + upper troposphere,kBq,,
Mapping/Input/Flowlists/ecoinventEFv3.7.csv,ecoinventEFv3.7,,Technetium-99,air/non-urban air or from high stacks,kBq,,
Mapping/Input/Flowlists/ecoinventEFv3.7.csv,ecoinventEFv3.7,,Technetium-99,air/unspecified,kBq,,
Mapping/Input/Flowlists/ecoinventEFv3.7.csv,ecoinventEFv3.7,,Technetium-99,air/urban air close to ground,kBq,,
Mapping/Input/Flowlists/ecoinventEFv3.7.csv,ecoinventEFv3.7,,Technetium-99,water/ground-,kBq,,
Mapping/Input/Flowlists/ecoinventEFv3.7.csv,ecoinventEFv3.7,,Technetium-99,"water/ground-, long-term",kBq,,
Mapping/Input/Flowlists/ecoinventEFv3.7.csv,ecoinventEFv3.7,,Technetium-99,water/ocean,kBq,,
Mapping/Input/Flowlists/ecoinventEFv3.7.csv,ecoinventEFv3.7,,Technetium-99,water/surface water,kBq,,
Mapping/Input/Flowlists/ecoinventEFv3.7.csv,ecoinventEFv3.7,,Technetium-99,water/unspecified,kBq,,
Mapping/Input/Flowlists/ecoinventEFv3.7.csv,ecoinventEFv3.7,,Technetium-99m,water/ground-,kBq,,
Mapping/Input/Flowlists/ecoinventEFv3.7.csv,ecoinventEFv3.7,,Technetium-99m,"water/ground-, long-term",kBq,,
Mapping/Input/Flowlists/ecoinventEFv3.7.csv,ecoinventEFv3.7,,Technetium-99m,water/ocean,kBq,,
Mapping/Input/Flowlists/ecoinventEFv3.7.csv,ecoinventEFv3.7,,Technetium-99m,water/surface water,kBq,,
Mapping/Input/Flowlists/ecoinventEFv3.7.csv,ecoinventEFv3.7,,Technetium-99m,water/unspecified,kBq,,
Mapping/Input/Flowlists/ecoinventEFv3.7.csv,ecoinventEFv3.7,,Teflubenzuron,soil/agricultural,kg,,"1-(3,5-dichloro-2,4-difluorophenyl)-3-(2,6-difluorobenzoyl)urea"
Mapping/Input/Flowlists/ecoinventEFv3.7.csv,ecoinventEFv3.7,,Tefluthrin,air/non-urban air or from high stacks,kg,,
Mapping/Input/Flowlists/ecoinventEFv3.7.csv,ecoinventEFv3.7,,Tefluthrin,soil/agricultural,kg,,
Mapping/Input/Flowlists/ecoinventEFv3.7.csv,ecoinventEFv3.7,,Tefluthrin,water/ground-,kg,,
Mapping/Input/Flowlists/ecoinventEFv3.7.csv,ecoinventEFv3.7,,Tefluthrin,water/surface water,kg,,
Mapping/Input/Flowlists/ecoinventEFv3.7.csv,ecoinventEFv3.7,,Tellurium,air/unspecified,kg,,
Mapping/Input/Flowlists/ecoinventEFv3.7.csv,ecoinventEFv3.7,,"Tellurium, 0.5ppm in sulfide, Te 0.2ppm, Cu and Ag, in crude ore, in ground",natural resource/in ground,kg,,
Mapping/Input/Flowlists/ecoinventEFv3.7.csv,ecoinventEFv3.7,,"Tellurium, in ground",natural resource/in ground,kg,,
Mapping/Input/Flowlists/ecoinventEFv3.7.csv,ecoinventEFv3.7,,Tellurium-123m,"air/low population density, long-term",kBq,,
Mapping/Input/Flowlists/ecoinventEFv3.7.csv,ecoinventEFv3.7,,Tellurium-123m,air/lower stratosphere + upper troposphere,kBq,,
Mapping/Input/Flowlists/ecoinventEFv3.7.csv,ecoinventEFv3.7,,Tellurium-123m,air/non-urban air or from high stacks,kBq,,
Mapping/Input/Flowlists/ecoinventEFv3.7.csv,ecoinventEFv3.7,,Tellurium-123m,air/unspecified,kBq,,
Mapping/Input/Flowlists/ecoinventEFv3.7.csv,ecoinventEFv3.7,,Tellurium-123m,air/urban air close to ground,kBq,,
Mapping/Input/Flowlists/ecoinventEFv3.7.csv,ecoinventEFv3.7,,Tellurium-123m,water/ground-,kBq,,
Mapping/Input/Flowlists/ecoinventEFv3.7.csv,ecoinventEFv3.7,,Tellurium-123m,"water/ground-, long-term",kBq,,
Mapping/Input/Flowlists/ecoinventEFv3.7.csv,ecoinventEFv3.7,,Tellurium-123m,water/ocean,kBq,,
Mapping/Input/Flowlists/ecoinventEFv3.7.csv,ecoinventEFv3.7,,Tellurium-123m,water/surface water,kBq,,
Mapping/Input/Flowlists/ecoinventEFv3.7.csv,ecoinventEFv3.7,,Tellurium-123m,water/unspecified,kBq,,
Mapping/Input/Flowlists/ecoinventEFv3.7.csv,ecoinventEFv3.7,,Tellurium-132,water/ground-,kBq,,
Mapping/Input/Flowlists/ecoinventEFv3.7.csv,ecoinventEFv3.7,,Tellurium-132,"water/ground-, long-term",kBq,,
Mapping/Input/Flowlists/ecoinventEFv3.7.csv,ecoinventEFv3.7,,Tellurium-132,water/ocean,kBq,,
Mapping/Input/Flowlists/ecoinventEFv3.7.csv,ecoinventEFv3.7,,Tellurium-132,water/surface water,kBq,,
Mapping/Input/Flowlists/ecoinventEFv3.7.csv,ecoinventEFv3.7,,Tellurium-132,water/unspecified,kBq,,
Mapping/Input/Flowlists/ecoinventEFv3.7.csv,ecoinventEFv3.7,,Tepraloxydim,soil/agricultural,kg,,
Mapping/Input/Flowlists/ecoinventEFv3.7.csv,ecoinventEFv3.7,,Terbacil,soil/agricultural,kg,,Sinbar
Mapping/Input/Flowlists/ecoinventEFv3.7.csv,ecoinventEFv3.7,,"Terbium, in ground",natural resource/in ground,kg,,
Mapping/Input/Flowlists/ecoinventEFv3.7.csv,ecoinventEFv3.7,,Terbufos,soil/agricultural,kg,,
Mapping/Input/Flowlists/ecoinventEFv3.7.csv,ecoinventEFv3.7,,Terbuthylazin,soil/agricultural,kg,,"N2-tert-butyl-6-chloro-N4-ethyl-1,3,5-triazine-2,4-diamine"
Mapping/Input/Flowlists/ecoinventEFv3.7.csv,ecoinventEFv3.7,,Terbutryn,soil/agricultural,kg,,
Mapping/Input/Flowlists/ecoinventEFv3.7.csv,ecoinventEFv3.7,,Terpenes,"air/low population density, long-term",kg,,TERPINOLENE 22
Mapping/Input/Flowlists/ecoinventEFv3.7.csv,ecoinventEFv3.7,,Terpenes,air/lower stratosphere + upper troposphere,kg,,terpenes
Mapping/Input/Flowlists/ecoinventEFv3.7.csv,ecoinventEFv3.7,,Terpenes,air/non-urban air or from high stacks,kg,,
Mapping/Input/Flowlists/ecoinventEFv3.7.csv,ecoinventEFv3.7,,Terpenes,air/unspecified,kg,,terpenes
Mapping/Input/Flowlists/ecoinventEFv3.7.csv,ecoinventEFv3.7,,Terpenes,air/urban air close to ground,kg,,"TERPENE HYDROCARBONS, N.O.S."
Mapping/Input/Flowlists/ecoinventEFv3.7.csv,ecoinventEFv3.7,,Tetramethyl ammonium hydroxide,"air/low population density, long-term",kg,,TMAH
Mapping/Input/Flowlists/ecoinventEFv3.7.csv,ecoinventEFv3.7,,Tetramethyl ammonium hydroxide,air/lower stratosphere + upper troposphere,kg,,TMAH
Mapping/Input/Flowlists/ecoinventEFv3.7.csv,ecoinventEFv3.7,,Tetramethyl ammonium hydroxide,air/non-urban air or from high stacks,kg,,TMAH
Mapping/Input/Flowlists/ecoinventEFv3.7.csv,ecoinventEFv3.7,,Tetramethyl ammonium hydroxide,air/unspecified,kg,,TMAH
Mapping/Input/Flowlists/ecoinventEFv3.7.csv,ecoinventEFv3.7,,Tetramethyl ammonium hydroxide,air/urban air close to ground,kg,,TMAH
Mapping/Input/Flowlists/ecoinventEFv3.7.csv,ecoinventEFv3.7,,Thallium,"air/low population density, long-term",kg,,
Mapping/Input/Flowlists/ecoinventEFv3.7.csv,ecoinventEFv3.7,,Thallium,air/lower stratosphere + upper troposphere,kg,,
Mapping/Input/Flowlists/ecoinventEFv3.7.csv,ecoinventEFv3.7,,Thallium,air/non-urban air or from high stacks,kg,,
Mapping/Input/Flowlists/ecoinventEFv3.7.csv,ecoinventEFv3.7,,Thallium,air/unspecified,kg,,
Mapping/Input/Flowlists/ecoinventEFv3.7.csv,ecoinventEFv3.7,,Thallium,air/urban air close to ground,kg,,
Mapping/Input/Flowlists/ecoinventEFv3.7.csv,ecoinventEFv3.7,,Thallium,soil/agricultural,kg,,
Mapping/Input/Flowlists/ecoinventEFv3.7.csv,ecoinventEFv3.7,,Thallium,soil/forestry,kg,,
Mapping/Input/Flowlists/ecoinventEFv3.7.csv,ecoinventEFv3.7,,Thallium,soil/industrial,kg,,
Mapping/Input/Flowlists/ecoinventEFv3.7.csv,ecoinventEFv3.7,,Thallium,soil/unspecified,kg,,
Mapping/Input/Flowlists/ecoinventEFv3.7.csv,ecoinventEFv3.7,,Thallium,water/ground-,kg,,
Mapping/Input/Flowlists/ecoinventEFv3.7.csv,ecoinventEFv3.7,,Thallium,"water/ground-, long-term",kg,,
Mapping/Input/Flowlists/ecoinventEFv3.7.csv,ecoinventEFv3.7,,Thallium,water/ocean,kg,,
Mapping/Input/Flowlists/ecoinventEFv3.7.csv,ecoinventEFv3.7,,Thallium,water/surface water,kg,,
Mapping/Input/Flowlists/ecoinventEFv3.7.csv,ecoinventEFv3.7,,Thallium,water/unspecified,kg,,
Mapping/Input/Flowlists/ecoinventEFv3.7.csv,ecoinventEFv3.7,,"Thallium, in ground",natural resource/in ground,kg,,
Mapping/Input/Flowlists/ecoinventEFv3.7.csv,ecoinventEFv3.7,,Thiabendazole,soil/agricultural,kg,,
Mapping/Input/Flowlists/ecoinventEFv3.7.csv,ecoinventEFv3.7,,Thiacloprid,soil/agricultural,kg,,
Mapping/Input/Flowlists/ecoinventEFv3.7.csv,ecoinventEFv3.7,,Thiamethoxam,soil/agricultural,kg,,
Mapping/Input/Flowlists/ecoinventEFv3.7.csv,ecoinventEFv3.7,,Thidiazuron,soil/agricultural,kg,,Dropp
Mapping/Input/Flowlists/ecoinventEFv3.7.csv,ecoinventEFv3.7,,Thifensulfuron,air/non-urban air or from high stacks,kg,,
Mapping/Input/Flowlists/ecoinventEFv3.7.csv,ecoinventEFv3.7,,Thifensulfuron-methyl,soil/agricultural,kg,,PSM
Mapping/Input/Flowlists/ecoinventEFv3.7.csv,ecoinventEFv3.7,,Thiobencarb,soil/agricultural,kg,,"4-Chlorobenzyl N,N-diethylthiocarbamate"
Mapping/Input/Flowlists/ecoinventEFv3.7.csv,ecoinventEFv3.7,,"Thiocyanate, ion",water/ground-,kg,,
Mapping/Input/Flowlists/ecoinventEFv3.7.csv,ecoinventEFv3.7,,"Thiocyanate, ion","water/ground-, long-term",kg,,
Mapping/Input/Flowlists/ecoinventEFv3.7.csv,ecoinventEFv3.7,,"Thiocyanate, ion",water/ocean,kg,,
Mapping/Input/Flowlists/ecoinventEFv3.7.csv,ecoinventEFv3.7,,"Thiocyanate, ion",water/surface water,kg,,
Mapping/Input/Flowlists/ecoinventEFv3.7.csv,ecoinventEFv3.7,,"Thiocyanate, ion",water/unspecified,kg,,
Mapping/Input/Flowlists/ecoinventEFv3.7.csv,ecoinventEFv3.7,,Thiocyclam,soil/agricultural,kg,,
Mapping/Input/Flowlists/ecoinventEFv3.7.csv,ecoinventEFv3.7,,Thiodicarb,air/non-urban air or from high stacks,kg,,
Mapping/Input/Flowlists/ecoinventEFv3.7.csv,ecoinventEFv3.7,,Thiodicarb,soil/agricultural,kg,,
Mapping/Input/Flowlists/ecoinventEFv3.7.csv,ecoinventEFv3.7,,Thiophanat-methyl,soil/agricultural,kg,,"dimethyl 4,4′-(o-phenylene)bis(3-thioallophanate)"
Mapping/Input/Flowlists/ecoinventEFv3.7.csv,ecoinventEFv3.7,,Thiram,soil/agricultural,kg,,tetramethylthiuram disulfide
Mapping/Input/Flowlists/ecoinventEFv3.7.csv,ecoinventEFv3.7,,Thorium,"air/low population density, long-term",kg,,
Mapping/Input/Flowlists/ecoinventEFv3.7.csv,ecoinventEFv3.7,,Thorium,air/lower stratosphere + upper troposphere,kg,,
Mapping/Input/Flowlists/ecoinventEFv3.7.csv,ecoinventEFv3.7,,Thorium,air/non-urban air or from high stacks,kg,,
Mapping/Input/Flowlists/ecoinventEFv3.7.csv,ecoinventEFv3.7,,Thorium,air/unspecified,kg,,
Mapping/Input/Flowlists/ecoinventEFv3.7.csv,ecoinventEFv3.7,,Thorium,air/urban air close to ground,kg,,
Mapping/Input/Flowlists/ecoinventEFv3.7.csv,ecoinventEFv3.7,,"Thorium, in ground",natural resource/in ground,kg,,
Mapping/Input/Flowlists/ecoinventEFv3.7.csv,ecoinventEFv3.7,,Thorium-228,"air/low population density, long-term",kBq,,
Mapping/Input/Flowlists/ecoinventEFv3.7.csv,ecoinventEFv3.7,,Thorium-228,air/lower stratosphere + upper troposphere,kBq,,
Mapping/Input/Flowlists/ecoinventEFv3.7.csv,ecoinventEFv3.7,,Thorium-228,air/non-urban air or from high stacks,kBq,,
Mapping/Input/Flowlists/ecoinventEFv3.7.csv,ecoinventEFv3.7,,Thorium-228,air/unspecified,kBq,,
Mapping/Input/Flowlists/ecoinventEFv3.7.csv,ecoinventEFv3.7,,Thorium-228,air/urban air close to ground,kBq,,
Mapping/Input/Flowlists/ecoinventEFv3.7.csv,ecoinventEFv3.7,,Thorium-228,water/ground-,kBq,,
Mapping/Input/Flowlists/ecoinventEFv3.7.csv,ecoinventEFv3.7,,Thorium-228,"water/ground-, long-term",kBq,,
Mapping/Input/Flowlists/ecoinventEFv3.7.csv,ecoinventEFv3.7,,Thorium-228,water/ocean,kBq,,
Mapping/Input/Flowlists/ecoinventEFv3.7.csv,ecoinventEFv3.7,,Thorium-228,water/surface water,kBq,,
Mapping/Input/Flowlists/ecoinventEFv3.7.csv,ecoinventEFv3.7,,Thorium-228,water/unspecified,kBq,,
Mapping/Input/Flowlists/ecoinventEFv3.7.csv,ecoinventEFv3.7,,Thorium-230,"air/low population density, long-term",kBq,,
Mapping/Input/Flowlists/ecoinventEFv3.7.csv,ecoinventEFv3.7,,Thorium-230,air/lower stratosphere + upper troposphere,kBq,,
Mapping/Input/Flowlists/ecoinventEFv3.7.csv,ecoinventEFv3.7,,Thorium-230,air/non-urban air or from high stacks,kBq,,
Mapping/Input/Flowlists/ecoinventEFv3.7.csv,ecoinventEFv3.7,,Thorium-230,air/unspecified,kBq,,
Mapping/Input/Flowlists/ecoinventEFv3.7.csv,ecoinventEFv3.7,,Thorium-230,air/urban air close to ground,kBq,,
Mapping/Input/Flowlists/ecoinventEFv3.7.csv,ecoinventEFv3.7,,Thorium-230,water/ground-,kBq,,
Mapping/Input/Flowlists/ecoinventEFv3.7.csv,ecoinventEFv3.7,,Thorium-230,"water/ground-, long-term",kBq,,
Mapping/Input/Flowlists/ecoinventEFv3.7.csv,ecoinventEFv3.7,,Thorium-230,water/ocean,kBq,,
Mapping/Input/Flowlists/ecoinventEFv3.7.csv,ecoinventEFv3.7,,Thorium-230,water/surface water,kBq,,
Mapping/Input/Flowlists/ecoinventEFv3.7.csv,ecoinventEFv3.7,,Thorium-230,water/unspecified,kBq,,
Mapping/Input/Flowlists/ecoinventEFv3.7.csv,ecoinventEFv3.7,,Thorium-232,"air/low population density, long-term",kBq,,
Mapping/Input/Flowlists/ecoinventEFv3.7.csv,ecoinventEFv3.7,,Thorium-232,air/lower stratosphere + upper troposphere,kBq,,
Mapping/Input/Flowlists/ecoinventEFv3.7.csv,ecoinventEFv3.7,,Thorium-232,air/non-urban air or from high stacks,kBq,,
Mapping/Input/Flowlists/ecoinventEFv3.7.csv,ecoinventEFv3.7,,Thorium-232,air/unspecified,kBq,,
Mapping/Input/Flowlists/ecoinventEFv3.7.csv,ecoinventEFv3.7,,Thorium-232,air/urban air close to ground,kBq,,
Mapping/Input/Flowlists/ecoinventEFv3.7.csv,ecoinventEFv3.7,,Thorium-232,water/ground-,kBq,,
Mapping/Input/Flowlists/ecoinventEFv3.7.csv,ecoinventEFv3.7,,Thorium-232,"water/ground-, long-term",kBq,,
Mapping/Input/Flowlists/ecoinventEFv3.7.csv,ecoinventEFv3.7,,Thorium-232,water/ocean,kBq,,
Mapping/Input/Flowlists/ecoinventEFv3.7.csv,ecoinventEFv3.7,,Thorium-232,water/surface water,kBq,,
Mapping/Input/Flowlists/ecoinventEFv3.7.csv,ecoinventEFv3.7,,Thorium-232,water/unspecified,kBq,,
Mapping/Input/Flowlists/ecoinventEFv3.7.csv,ecoinventEFv3.7,,Thorium-234,"air/low population density, long-term",kBq,,
Mapping/Input/Flowlists/ecoinventEFv3.7.csv,ecoinventEFv3.7,,Thorium-234,air/lower stratosphere + upper troposphere,kBq,,
Mapping/Input/Flowlists/ecoinventEFv3.7.csv,ecoinventEFv3.7,,Thorium-234,air/non-urban air or from high stacks,kBq,,
Mapping/Input/Flowlists/ecoinventEFv3.7.csv,ecoinventEFv3.7,,Thorium-234,air/unspecified,kBq,,
Mapping/Input/Flowlists/ecoinventEFv3.7.csv,ecoinventEFv3.7,,Thorium-234,air/urban air close to ground,kBq,,
Mapping/Input/Flowlists/ecoinventEFv3.7.csv,ecoinventEFv3.7,,Thorium-234,water/ground-,kBq,,
Mapping/Input/Flowlists/ecoinventEFv3.7.csv,ecoinventEFv3.7,,Thorium-234,"water/ground-, long-term",kBq,,
Mapping/Input/Flowlists/ecoinventEFv3.7.csv,ecoinventEFv3.7,,Thorium-234,water/ocean,kBq,,
Mapping/Input/Flowlists/ecoinventEFv3.7.csv,ecoinventEFv3.7,,Thorium-234,water/surface water,kBq,,
Mapping/Input/Flowlists/ecoinventEFv3.7.csv,ecoinventEFv3.7,,Thorium-234,water/unspecified,kBq,,
Mapping/Input/Flowlists/ecoinventEFv3.7.csv,ecoinventEFv3.7,,"Thulium, in ground",natural resource/in ground,kg,,
Mapping/Input/Flowlists/ecoinventEFv3.7.csv,ecoinventEFv3.7,,Tin,"air/low population density, long-term",kg,,
Mapping/Input/Flowlists/ecoinventEFv3.7.csv,ecoinventEFv3.7,,Tin,air/lower stratosphere + upper troposphere,kg,,
Mapping/Input/Flowlists/ecoinventEFv3.7.csv,ecoinventEFv3.7,,Tin,air/non-urban air or from high stacks,kg,,
Mapping/Input/Flowlists/ecoinventEFv3.7.csv,ecoinventEFv3.7,,Tin,air/unspecified,kg,,
Mapping/Input/Flowlists/ecoinventEFv3.7.csv,ecoinventEFv3.7,,Tin,air/urban air close to ground,kg,,
Mapping/Input/Flowlists/ecoinventEFv3.7.csv,ecoinventEFv3.7,,Tin,soil/agricultural,kg,,
Mapping/Input/Flowlists/ecoinventEFv3.7.csv,ecoinventEFv3.7,,Tin,soil/forestry,kg,,
Mapping/Input/Flowlists/ecoinventEFv3.7.csv,ecoinventEFv3.7,,Tin,soil/industrial,kg,,
Mapping/Input/Flowlists/ecoinventEFv3.7.csv,ecoinventEFv3.7,,Tin,soil/unspecified,kg,,
Mapping/Input/Flowlists/ecoinventEFv3.7.csv,ecoinventEFv3.7,,"Tin, 79% in cassiterite, 0.1% in crude ore, in ground",natural resource/in ground,kg,,
Mapping/Input/Flowlists/ecoinventEFv3.7.csv,ecoinventEFv3.7,,"Tin, in ground",natural resource/in ground,kg,,
Mapping/Input/Flowlists/ecoinventEFv3.7.csv,ecoinventEFv3.7,,"Tin, ion",water/ground-,kg,,
Mapping/Input/Flowlists/ecoinventEFv3.7.csv,ecoinventEFv3.7,,"Tin, ion","water/ground-, long-term",kg,,
Mapping/Input/Flowlists/ecoinventEFv3.7.csv,ecoinventEFv3.7,,"Tin, ion",water/ocean,kg,,
Mapping/Input/Flowlists/ecoinventEFv3.7.csv,ecoinventEFv3.7,,"Tin, ion",water/surface water,kg,,
Mapping/Input/Flowlists/ecoinventEFv3.7.csv,ecoinventEFv3.7,,"Tin, ion",water/unspecified,kg,,
Mapping/Input/Flowlists/ecoinventEFv3.7.csv,ecoinventEFv3.7,,"TiO2, 54% in ilmenite, 18% in crude ore, in ground",natural resource/in ground,kg,,
Mapping/Input/Flowlists/ecoinventEFv3.7.csv,ecoinventEFv3.7,,"TiO2, 54% in ilmenite, 2.6% in crude ore, in ground",natural resource/in ground,kg,,
Mapping/Input/Flowlists/ecoinventEFv3.7.csv,ecoinventEFv3.7,,"TiO2, 95% in rutile, 0.40% in crude ore, in ground",natural resource/in ground,kg,,
Mapping/Input/Flowlists/ecoinventEFv3.7.csv,ecoinventEFv3.7,,Titanium,"air/low population density, long-term",kg,,
Mapping/Input/Flowlists/ecoinventEFv3.7.csv,ecoinventEFv3.7,,Titanium,air/lower stratosphere + upper troposphere,kg,,
Mapping/Input/Flowlists/ecoinventEFv3.7.csv,ecoinventEFv3.7,,Titanium,air/non-urban air or from high stacks,kg,,
Mapping/Input/Flowlists/ecoinventEFv3.7.csv,ecoinventEFv3.7,,Titanium,air/unspecified,kg,,
Mapping/Input/Flowlists/ecoinventEFv3.7.csv,ecoinventEFv3.7,,Titanium,air/urban air close to ground,kg,,
Mapping/Input/Flowlists/ecoinventEFv3.7.csv,ecoinventEFv3.7,,Titanium,soil/agricultural,kg,,
Mapping/Input/Flowlists/ecoinventEFv3.7.csv,ecoinventEFv3.7,,Titanium,soil/forestry,kg,,
Mapping/Input/Flowlists/ecoinventEFv3.7.csv,ecoinventEFv3.7,,Titanium,soil/industrial,kg,,
Mapping/Input/Flowlists/ecoinventEFv3.7.csv,ecoinventEFv3.7,,Titanium,soil/unspecified,kg,,
Mapping/Input/Flowlists/ecoinventEFv3.7.csv,ecoinventEFv3.7,,"Titanium, in ground",natural resource/in ground,kg,,
Mapping/Input/Flowlists/ecoinventEFv3.7.csv,ecoinventEFv3.7,,"Titanium, ion",water/ground-,kg,,
Mapping/Input/Flowlists/ecoinventEFv3.7.csv,ecoinventEFv3.7,,"Titanium, ion","water/ground-, long-term",kg,,
Mapping/Input/Flowlists/ecoinventEFv3.7.csv,ecoinventEFv3.7,,"Titanium, ion",water/ocean,kg,,
Mapping/Input/Flowlists/ecoinventEFv3.7.csv,ecoinventEFv3.7,,"Titanium, ion",water/surface water,kg,,
Mapping/Input/Flowlists/ecoinventEFv3.7.csv,ecoinventEFv3.7,,"Titanium, ion",water/unspecified,kg,,
Mapping/Input/Flowlists/ecoinventEFv3.7.csv,ecoinventEFv3.7,,"TOC, Total Organic Carbon",water/ground-,kg,,
Mapping/Input/Flowlists/ecoinventEFv3.7.csv,ecoinventEFv3.7,,"TOC, Total Organic Carbon","water/ground-, long-term",kg,,
Mapping/Input/Flowlists/ecoinventEFv3.7.csv,ecoinventEFv3.7,,"TOC, Total Organic Carbon",water/ocean,kg,,
Mapping/Input/Flowlists/ecoinventEFv3.7.csv,ecoinventEFv3.7,,"TOC, Total Organic Carbon",water/surface water,kg,,
Mapping/Input/Flowlists/ecoinventEFv3.7.csv,ecoinventEFv3.7,,"TOC, Total Organic Carbon",water/unspecified,kg,,
Mapping/Input/Flowlists/ecoinventEFv3.7.csv,ecoinventEFv3.7,,Toluene,"air/low population density, long-term",kg,,
Mapping/Input/Flowlists/ecoinventEFv3.7.csv,ecoinventEFv3.7,,Toluene,air/lower stratosphere + upper troposphere,kg,,
Mapping/Input/Flowlists/ecoinventEFv3.7.csv,ecoinventEFv3.7,,Toluene,air/non-urban air or from high stacks,kg,,
Mapping/Input/Flowlists/ecoinventEFv3.7.csv,ecoinventEFv3.7,,Toluene,air/unspecified,kg,,
Mapping/Input/Flowlists/ecoinventEFv3.7.csv,ecoinventEFv3.7,,Toluene,air/urban air close to ground,kg,,
Mapping/Input/Flowlists/ecoinventEFv3.7.csv,ecoinventEFv3.7,,Toluene,water/ground-,kg,,
Mapping/Input/Flowlists/ecoinventEFv3.7.csv,ecoinventEFv3.7,,Toluene,"water/ground-, long-term",kg,,
Mapping/Input/Flowlists/ecoinventEFv3.7.csv,ecoinventEFv3.7,,Toluene,water/ocean,kg,,
Mapping/Input/Flowlists/ecoinventEFv3.7.csv,ecoinventEFv3.7,,Toluene,water/surface water,kg,,
Mapping/Input/Flowlists/ecoinventEFv3.7.csv,ecoinventEFv3.7,,Toluene,water/unspecified,kg,,
Mapping/Input/Flowlists/ecoinventEFv3.7.csv,ecoinventEFv3.7,,"Toluene, 2-chloro","air/low population density, long-term",kg,,"1-chloro-2-methylbenzene, o-chlorotoluene, o-tolyl chloride"
Mapping/Input/Flowlists/ecoinventEFv3.7.csv,ecoinventEFv3.7,,"Toluene, 2-chloro",air/lower stratosphere + upper troposphere,kg,,"1-chloro-2-methylbenzene, o-chlorotoluene, o-tolyl chloride"
Mapping/Input/Flowlists/ecoinventEFv3.7.csv,ecoinventEFv3.7,,"Toluene, 2-chloro",air/non-urban air or from high stacks,kg,,"1-chloro-2-methylbenzene, o-chlorotoluene, o-tolyl chloride"
Mapping/Input/Flowlists/ecoinventEFv3.7.csv,ecoinventEFv3.7,,"Toluene, 2-chloro",air/unspecified,kg,,"1-chloro-2-methylbenzene, o-chlorotoluene, o-tolyl chloride"
Mapping/Input/Flowlists/ecoinventEFv3.7.csv,ecoinventEFv3.7,,"Toluene, 2-chloro",air/urban air close to ground,kg,,"1-chloro-2-methylbenzene, o-chlorotoluene, o-tolyl chloride"
Mapping/Input/Flowlists/ecoinventEFv3.7.csv,ecoinventEFv3.7,,"Toluene, 2-chloro",water/ground-,kg,,"1-chloro-2-methylbenzene, o-chlorotoluene, o-tolyl chloride"
Mapping/Input/Flowlists/ecoinventEFv3.7.csv,ecoinventEFv3.7,,"Toluene, 2-chloro","water/ground-, long-term",kg,,"1-chloro-2-methylbenzene, o-chlorotoluene, o-tolyl chloride"
Mapping/Input/Flowlists/ecoinventEFv3.7.csv,ecoinventEFv3.7,,"Toluene, 2-chloro",water/ocean,kg,,"1-chloro-2-methylbenzene, o-chlorotoluene, o-tolyl chloride"
Mapping/Input/Flowlists/ecoinventEFv3.7.csv,ecoinventEFv3.7,,"Toluene, 2-chloro",water/surface water,kg,,"1-chloro-2-methylbenzene, o-chlorotoluene, o-tolyl chloride"
Mapping/Input/Flowlists/ecoinventEFv3.7.csv,ecoinventEFv3.7,,"Toluene, 2-chloro",water/unspecified,kg,,"1-chloro-2-methylbenzene, o-chlorotoluene, o-tolyl chloride"
Mapping/Input/Flowlists/ecoinventEFv3.7.csv,ecoinventEFv3.7,,Tolylfluanid,soil/agricultural,kg,,
Mapping/Input/Flowlists/ecoinventEFv3.7.csv,ecoinventEFv3.7,,Tralkoxydim,soil/agricultural,kg,,Splendor
Mapping/Input/Flowlists/ecoinventEFv3.7.csv,ecoinventEFv3.7,,Tralomethrin,soil/agricultural,kg,,Scout-Xtra
Mapping/Input/Flowlists/ecoinventEFv3.7.csv,ecoinventEFv3.7,,"Transformation, from annual crop",natural resource/land,m2,,
Mapping/Input/Flowlists/ecoinventEFv3.7.csv,ecoinventEFv3.7,,"Transformation, from annual crop, flooded crop",natural resource/land,m2,,
Mapping/Input/Flowlists/ecoinventEFv3.7.csv,ecoinventEFv3.7,,"Transformation, from annual crop, greenhouse",natural resource/land,m2,,
Mapping/Input/Flowlists/ecoinventEFv3.7.csv,ecoinventEFv3.7,,"Transformation, from annual crop, irrigated",natural resource/land,m2,,
Mapping/Input/Flowlists/ecoinventEFv3.7.csv,ecoinventEFv3.7,,"Transformation, from annual crop, irrigated, extensive",natural resource/land,m2,,
Mapping/Input/Flowlists/ecoinventEFv3.7.csv,ecoinventEFv3.7,,"Transformation, from annual crop, irrigated, intensive",natural resource/land,m2,,
Mapping/Input/Flowlists/ecoinventEFv3.7.csv,ecoinventEFv3.7,,"Transformation, from annual crop, non-irrigated",natural resource/land,m2,,
Mapping/Input/Flowlists/ecoinventEFv3.7.csv,ecoinventEFv3.7,,"Transformation, from annual crop, non-irrigated, extensive",natural resource/land,m2,,
Mapping/Input/Flowlists/ecoinventEFv3.7.csv,ecoinventEFv3.7,,"Transformation, from annual crop, non-irrigated, intensive",natural resource/land,m2,,
Mapping/Input/Flowlists/ecoinventEFv3.7.csv,ecoinventEFv3.7,,"Transformation, from arable land, unspecified use",natural resource/land,m2,,
Mapping/Input/Flowlists/ecoinventEFv3.7.csv,ecoinventEFv3.7,,"Transformation, from bare area (non-use)",natural resource/land,m2,,
Mapping/Input/Flowlists/ecoinventEFv3.7.csv,ecoinventEFv3.7,,"Transformation, from cropland fallow (non-use)",natural resource/land,m2,,
Mapping/Input/Flowlists/ecoinventEFv3.7.csv,ecoinventEFv3.7,,"Transformation, from dump site",natural resource/land,m2,,
Mapping/Input/Flowlists/ecoinventEFv3.7.csv,ecoinventEFv3.7,,"Transformation, from dump site, inert material landfill",natural resource/land,m2,,
Mapping/Input/Flowlists/ecoinventEFv3.7.csv,ecoinventEFv3.7,,"Transformation, from dump site, residual material landfill",natural resource/land,m2,,
Mapping/Input/Flowlists/ecoinventEFv3.7.csv,ecoinventEFv3.7,,"Transformation, from dump site, sanitary landfill",natural resource/land,m2,,
Mapping/Input/Flowlists/ecoinventEFv3.7.csv,ecoinventEFv3.7,,"Transformation, from dump site, slag compartment",natural resource/land,m2,,
Mapping/Input/Flowlists/ecoinventEFv3.7.csv,ecoinventEFv3.7,,"Transformation, from field margin/hedgerow",natural resource/land,m2,,
Mapping/Input/Flowlists/ecoinventEFv3.7.csv,ecoinventEFv3.7,,"Transformation, from forest, extensive",natural resource/land,m2,,
Mapping/Input/Flowlists/ecoinventEFv3.7.csv,ecoinventEFv3.7,,"Transformation, from forest, intensive",natural resource/land,m2,,
Mapping/Input/Flowlists/ecoinventEFv3.7.csv,ecoinventEFv3.7,,"Transformation, from forest, primary (non-use)",natural resource/land,m2,,
Mapping/Input/Flowlists/ecoinventEFv3.7.csv,ecoinventEFv3.7,,"Transformation, from forest, secondary (non-use)",natural resource/land,m2,,
Mapping/Input/Flowlists/ecoinventEFv3.7.csv,ecoinventEFv3.7,,"Transformation, from forest, unspecified",natural resource/land,m2,,
Mapping/Input/Flowlists/ecoinventEFv3.7.csv,ecoinventEFv3.7,,"Transformation, from grassland, natural (non-use)",natural resource/land,m2,,
Mapping/Input/Flowlists/ecoinventEFv3.7.csv,ecoinventEFv3.7,,"Transformation, from grassland, natural, for livestock grazing",natural resource/land,m2,,
Mapping/Input/Flowlists/ecoinventEFv3.7.csv,ecoinventEFv3.7,,"Transformation, from heterogeneous, agricultural",natural resource/land,m2,,
Mapping/Input/Flowlists/ecoinventEFv3.7.csv,ecoinventEFv3.7,,"Transformation, from industrial area",natural resource/land,m2,,
Mapping/Input/Flowlists/ecoinventEFv3.7.csv,ecoinventEFv3.7,,"Transformation, from inland waterbody, unspecified",natural resource/land,m2,,
Mapping/Input/Flowlists/ecoinventEFv3.7.csv,ecoinventEFv3.7,,"Transformation, from lake, artificial",natural resource/land,m2,,
Mapping/Input/Flowlists/ecoinventEFv3.7.csv,ecoinventEFv3.7,,"Transformation, from lake, natural (non-use)",natural resource/land,m2,,
Mapping/Input/Flowlists/ecoinventEFv3.7.csv,ecoinventEFv3.7,,"Transformation, from mineral extraction site",natural resource/land,m2,,
Mapping/Input/Flowlists/ecoinventEFv3.7.csv,ecoinventEFv3.7,,"Transformation, from pasture, man made",natural resource/land,m2,,
Mapping/Input/Flowlists/ecoinventEFv3.7.csv,ecoinventEFv3.7,,"Transformation, from pasture, man made, extensive",natural resource/land,m2,,
Mapping/Input/Flowlists/ecoinventEFv3.7.csv,ecoinventEFv3.7,,"Transformation, from pasture, man made, intensive",natural resource/land,m2,,
Mapping/Input/Flowlists/ecoinventEFv3.7.csv,ecoinventEFv3.7,,"Transformation, from permanent crop",natural resource/land,m2,,
Mapping/Input/Flowlists/ecoinventEFv3.7.csv,ecoinventEFv3.7,,"Transformation, from permanent crop, irrigated",natural resource/land,m2,,
Mapping/Input/Flowlists/ecoinventEFv3.7.csv,ecoinventEFv3.7,,"Transformation, from permanent crop, irrigated, extensive",natural resource/land,m2,,
Mapping/Input/Flowlists/ecoinventEFv3.7.csv,ecoinventEFv3.7,,"Transformation, from permanent crop, irrigated, intensive",natural resource/land,m2,,
Mapping/Input/Flowlists/ecoinventEFv3.7.csv,ecoinventEFv3.7,,"Transformation, from permanent crop, non-irrigated",natural resource/land,m2,,
Mapping/Input/Flowlists/ecoinventEFv3.7.csv,ecoinventEFv3.7,,"Transformation, from permanent crop, non-irrigated, extensive",natural resource/land,m2,,
Mapping/Input/Flowlists/ecoinventEFv3.7.csv,ecoinventEFv3.7,,"Transformation, from permanent crop, non-irrigated, intensive",natural resource/land,m2,,
Mapping/Input/Flowlists/ecoinventEFv3.7.csv,ecoinventEFv3.7,,"Transformation, from river, artificial",natural resource/land,m2,,
Mapping/Input/Flowlists/ecoinventEFv3.7.csv,ecoinventEFv3.7,,"Transformation, from river, natural (non-use)",natural resource/land,m2,,
Mapping/Input/Flowlists/ecoinventEFv3.7.csv,ecoinventEFv3.7,,"Transformation, from seabed, drilling and mining",natural resource/land,m2,,
Mapping/Input/Flowlists/ecoinventEFv3.7.csv,ecoinventEFv3.7,,"Transformation, from seabed, infrastructure",natural resource/land,m2,,
Mapping/Input/Flowlists/ecoinventEFv3.7.csv,ecoinventEFv3.7,,"Transformation, from seabed, natural (non-use)",natural resource/land,m2,,
Mapping/Input/Flowlists/ecoinventEFv3.7.csv,ecoinventEFv3.7,,"Transformation, from seabed, unspecified",natural resource/land,m2,,
Mapping/Input/Flowlists/ecoinventEFv3.7.csv,ecoinventEFv3.7,,"Transformation, from shrub land, sclerophyllous",natural resource/land,m2,,
Mapping/Input/Flowlists/ecoinventEFv3.7.csv,ecoinventEFv3.7,,"Transformation, from snow and ice (non-use)",natural resource/land,m2,,
Mapping/Input/Flowlists/ecoinventEFv3.7.csv,ecoinventEFv3.7,,"Transformation, from traffic area, rail network",natural resource/land,m2,,
Mapping/Input/Flowlists/ecoinventEFv3.7.csv,ecoinventEFv3.7,,"Transformation, from traffic area, rail/road embankment",natural resource/land,m2,,
Mapping/Input/Flowlists/ecoinventEFv3.7.csv,ecoinventEFv3.7,,"Transformation, from traffic area, road network",natural resource/land,m2,,
Mapping/Input/Flowlists/ecoinventEFv3.7.csv,ecoinventEFv3.7,,"Transformation, from unknown",natural resource/land,m2,,
Mapping/Input/Flowlists/ecoinventEFv3.7.csv,ecoinventEFv3.7,,"Transformation, from unspecified",natural resource/land,m2,,
Mapping/Input/Flowlists/ecoinventEFv3.7.csv,ecoinventEFv3.7,,"Transformation, from unspecified, natural (non-use)",natural resource/land,m2,,
Mapping/Input/Flowlists/ecoinventEFv3.7.csv,ecoinventEFv3.7,,"Transformation, from urban, continuously built",natural resource/land,m2,,
Mapping/Input/Flowlists/ecoinventEFv3.7.csv,ecoinventEFv3.7,,"Transformation, from urban, discontinuously built",natural resource/land,m2,,
Mapping/Input/Flowlists/ecoinventEFv3.7.csv,ecoinventEFv3.7,,"Transformation, from urban, green area",natural resource/land,m2,,
Mapping/Input/Flowlists/ecoinventEFv3.7.csv,ecoinventEFv3.7,,"Transformation, from urban/industrial fallow (non-use)",natural resource/land,m2,,
Mapping/Input/Flowlists/ecoinventEFv3.7.csv,ecoinventEFv3.7,,"Transformation, from wetland, coastal (non-use)",natural resource/land,m2,,
Mapping/Input/Flowlists/ecoinventEFv3.7.csv,ecoinventEFv3.7,,"Transformation, from wetland, inland (non-use)",natural resource/land,m2,,
Mapping/Input/Flowlists/ecoinventEFv3.7.csv,ecoinventEFv3.7,,"Transformation, to annual crop",natural resource/land,m2,,
Mapping/Input/Flowlists/ecoinventEFv3.7.csv,ecoinventEFv3.7,,"Transformation, to annual crop, flooded crop",natural resource/land,m2,,
Mapping/Input/Flowlists/ecoinventEFv3.7.csv,ecoinventEFv3.7,,"Transformation, to annual crop, greenhouse",natural resource/land,m2,,
Mapping/Input/Flowlists/ecoinventEFv3.7.csv,ecoinventEFv3.7,,"Transformation, to annual crop, irrigated",natural resource/land,m2,,
Mapping/Input/Flowlists/ecoinventEFv3.7.csv,ecoinventEFv3.7,,"Transformation, to annual crop, irrigated, extensive",natural resource/land,m2,,
Mapping/Input/Flowlists/ecoinventEFv3.7.csv,ecoinventEFv3.7,,"Transformation, to annual crop, irrigated, intensive",natural resource/land,m2,,
Mapping/Input/Flowlists/ecoinventEFv3.7.csv,ecoinventEFv3.7,,"Transformation, to annual crop, non-irrigated",natural resource/land,m2,,
Mapping/Input/Flowlists/ecoinventEFv3.7.csv,ecoinventEFv3.7,,"Transformation, to annual crop, non-irrigated, extensive",natural resource/land,m2,,
Mapping/Input/Flowlists/ecoinventEFv3.7.csv,ecoinventEFv3.7,,"Transformation, to annual crop, non-irrigated, intensive",natural resource/land,m2,,
Mapping/Input/Flowlists/ecoinventEFv3.7.csv,ecoinventEFv3.7,,"Transformation, to arable land, unspecified use",natural resource/land,m2,,
Mapping/Input/Flowlists/ecoinventEFv3.7.csv,ecoinventEFv3.7,,"Transformation, to bare area (non-use)",natural resource/land,m2,,
Mapping/Input/Flowlists/ecoinventEFv3.7.csv,ecoinventEFv3.7,,"Transformation, to cropland fallow (non-use)",natural resource/land,m2,,
Mapping/Input/Flowlists/ecoinventEFv3.7.csv,ecoinventEFv3.7,,"Transformation, to dump site",natural resource/land,m2,,
Mapping/Input/Flowlists/ecoinventEFv3.7.csv,ecoinventEFv3.7,,"Transformation, to dump site, inert material landfill",natural resource/land,m2,,
Mapping/Input/Flowlists/ecoinventEFv3.7.csv,ecoinventEFv3.7,,"Transformation, to dump site, residual material landfill",natural resource/land,m2,,
Mapping/Input/Flowlists/ecoinventEFv3.7.csv,ecoinventEFv3.7,,"Transformation, to dump site, sanitary landfill",natural resource/land,m2,,
Mapping/Input/Flowlists/ecoinventEFv3.7.csv,ecoinventEFv3.7,,"Transformation, to dump site, slag compartment",natural resource/land,m2,,
Mapping/Input/Flowlists/ecoinventEFv3.7.csv,ecoinventEFv3.7,,"Transformation, to field margin/hedgerow",natural resource/land,m2,,
Mapping/Input/Flowlists/ecoinventEFv3.7.csv,ecoinventEFv3.7,,"Transformation, to forest, extensive",natural resource/land,m2,,
Mapping/Input/Flowlists/ecoinventEFv3.7.csv,ecoinventEFv3.7,,"Transformation, to forest, intensive",natural resource/land,m2,,
Mapping/Input/Flowlists/ecoinventEFv3.7.csv,ecoinventEFv3.7,,"Transformation, to forest, primary (non-use)",natural resource/land,m2,,
Mapping/Input/Flowlists/ecoinventEFv3.7.csv,ecoinventEFv3.7,,"Transformation, to forest, secondary (non-use)",natural resource/land,m2,,
Mapping/Input/Flowlists/ecoinventEFv3.7.csv,ecoinventEFv3.7,,"Transformation, to forest, unspecified",natural resource/land,m2,,
Mapping/Input/Flowlists/ecoinventEFv3.7.csv,ecoinventEFv3.7,,"Transformation, to grassland, natural (non-use)",natural resource/land,m2,,
Mapping/Input/Flowlists/ecoinventEFv3.7.csv,ecoinventEFv3.7,,"Transformation, to grassland, natural, for livestock grazing",natural resource/land,m2,,
Mapping/Input/Flowlists/ecoinventEFv3.7.csv,ecoinventEFv3.7,,"Transformation, to heterogeneous, agricultural",natural resource/land,m2,,
Mapping/Input/Flowlists/ecoinventEFv3.7.csv,ecoinventEFv3.7,,"Transformation, to industrial area",natural resource/land,m2,,
Mapping/Input/Flowlists/ecoinventEFv3.7.csv,ecoinventEFv3.7,,"Transformation, to inland waterbody, unspecified",natural resource/land,m2,,
Mapping/Input/Flowlists/ecoinventEFv3.7.csv,ecoinventEFv3.7,,"Transformation, to lake, artificial",natural resource/land,m2,,
Mapping/Input/Flowlists/ecoinventEFv3.7.csv,ecoinventEFv3.7,,"Transformation, to lake, natural (non-use)",natural resource/land,m2,,
Mapping/Input/Flowlists/ecoinventEFv3.7.csv,ecoinventEFv3.7,,"Transformation, to mineral extraction site",natural resource/land,m2,,
Mapping/Input/Flowlists/ecoinventEFv3.7.csv,ecoinventEFv3.7,,"Transformation, to pasture, man made",natural resource/land,m2,,
Mapping/Input/Flowlists/ecoinventEFv3.7.csv,ecoinventEFv3.7,,"Transformation, to pasture, man made, extensive",natural resource/land,m2,,
Mapping/Input/Flowlists/ecoinventEFv3.7.csv,ecoinventEFv3.7,,"Transformation, to pasture, man made, intensive",natural resource/land,m2,,
Mapping/Input/Flowlists/ecoinventEFv3.7.csv,ecoinventEFv3.7,,"Transformation, to permanent crop",natural resource/land,m2,,
Mapping/Input/Flowlists/ecoinventEFv3.7.csv,ecoinventEFv3.7,,"Transformation, to permanent crop, irrigated",natural resource/land,m2,,
Mapping/Input/Flowlists/ecoinventEFv3.7.csv,ecoinventEFv3.7,,"Transformation, to permanent crop, irrigated, extensive",natural resource/land,m2,,
Mapping/Input/Flowlists/ecoinventEFv3.7.csv,ecoinventEFv3.7,,"Transformation, to permanent crop, irrigated, intensive",natural resource/land,m2,,
Mapping/Input/Flowlists/ecoinventEFv3.7.csv,ecoinventEFv3.7,,"Transformation, to permanent crop, non-irrigated",natural resource/land,m2,,
Mapping/Input/Flowlists/ecoinventEFv3.7.csv,ecoinventEFv3.7,,"Transformation, to permanent crop, non-irrigated, extensive",natural resource/land,m2,,
Mapping/Input/Flowlists/ecoinventEFv3.7.csv,ecoinventEFv3.7,,"Transformation, to permanent crop, non-irrigated, intensive",natural resource/land,m2,,
Mapping/Input/Flowlists/ecoinventEFv3.7.csv,ecoinventEFv3.7,,"Transformation, to river, artificial",natural resource/land,m2,,
Mapping/Input/Flowlists/ecoinventEFv3.7.csv,ecoinventEFv3.7,,"Transformation, to river, natural (non-use)",natural resource/land,m2,,
Mapping/Input/Flowlists/ecoinventEFv3.7.csv,ecoinventEFv3.7,,"Transformation, to seabed, drilling and mining",natural resource/land,m2,,
Mapping/Input/Flowlists/ecoinventEFv3.7.csv,ecoinventEFv3.7,,"Transformation, to seabed, infrastructure",natural resource/land,m2,,
Mapping/Input/Flowlists/ecoinventEFv3.7.csv,ecoinventEFv3.7,,"Transformation, to seabed, natural (non-use)",natural resource/land,m2,,
Mapping/Input/Flowlists/ecoinventEFv3.7.csv,ecoinventEFv3.7,,"Transformation, to seabed, unspecified",natural resource/land,m2,,
Mapping/Input/Flowlists/ecoinventEFv3.7.csv,ecoinventEFv3.7,,"Transformation, to shrub land, sclerophyllous",natural resource/land,m2,,
Mapping/Input/Flowlists/ecoinventEFv3.7.csv,ecoinventEFv3.7,,"Transformation, to snow and ice (non-use)",natural resource/land,m2,,
Mapping/Input/Flowlists/ecoinventEFv3.7.csv,ecoinventEFv3.7,,"Transformation, to traffic area, rail network",natural resource/land,m2,,
Mapping/Input/Flowlists/ecoinventEFv3.7.csv,ecoinventEFv3.7,,"Transformation, to traffic area, rail/road embankment",natural resource/land,m2,,
Mapping/Input/Flowlists/ecoinventEFv3.7.csv,ecoinventEFv3.7,,"Transformation, to traffic area, road network",natural resource/land,m2,,
Mapping/Input/Flowlists/ecoinventEFv3.7.csv,ecoinventEFv3.7,,"Transformation, to unknown",natural resource/land,m2,,
Mapping/Input/Flowlists/ecoinventEFv3.7.csv,ecoinventEFv3.7,,"Transformation, to unspecified",natural resource/land,m2,,
Mapping/Input/Flowlists/ecoinventEFv3.7.csv,ecoinventEFv3.7,,"Transformation, to unspecified, natural (non-use)",natural resource/land,m2,,
Mapping/Input/Flowlists/ecoinventEFv3.7.csv,ecoinventEFv3.7,,"Transformation, to urban, continuously built",natural resource/land,m2,,
Mapping/Input/Flowlists/ecoinventEFv3.7.csv,ecoinventEFv3.7,,"Transformation, to urban, discontinuously built",natural resource/land,m2,,
Mapping/Input/Flowlists/ecoinventEFv3.7.csv,ecoinventEFv3.7,,"Transformation, to urban, green area",natural resource/land,m2,,
Mapping/Input/Flowlists/ecoinventEFv3.7.csv,ecoinventEFv3.7,,"Transformation, to urban/industrial fallow (non-use)",natural resource/land,m2,,
Mapping/Input/Flowlists/ecoinventEFv3.7.csv,ecoinventEFv3.7,,"Transformation, to wetland, coastal (non-use)",natural resource/land,m2,,
Mapping/Input/Flowlists/ecoinventEFv3.7.csv,ecoinventEFv3.7,,"Transformation, to wetland, inland (non-use)",natural resource/land,m2,,
Mapping/Input/Flowlists/ecoinventEFv3.7.csv,ecoinventEFv3.7,,Triadimenol,soil/agricultural,kg,,
Mapping/Input/Flowlists/ecoinventEFv3.7.csv,ecoinventEFv3.7,,Tri-allate,soil/agricultural,kg,,"Bis(1-methylethyl)carbamothioic acid S-(2,3,3-trichloro-2-propenyl)ester"
Mapping/Input/Flowlists/ecoinventEFv3.7.csv,ecoinventEFv3.7,,Triasulfuron,soil/agricultural,kg,,PSM
Mapping/Input/Flowlists/ecoinventEFv3.7.csv,ecoinventEFv3.7,,Triazamate,soil/agricultural,kg,,
Mapping/Input/Flowlists/ecoinventEFv3.7.csv,ecoinventEFv3.7,,Tribenuron,soil/agricultural,kg,,"2-[4-methoxy-6-methyl-1,3,5-triazin-2-yl(methyl)carbamoylsulfamoyl]benzoic acid"
Mapping/Input/Flowlists/ecoinventEFv3.7.csv,ecoinventEFv3.7,,Tribenuron-methyl,soil/agricultural,kg,,tribenuron
Mapping/Input/Flowlists/ecoinventEFv3.7.csv,ecoinventEFv3.7,,Tribufos,soil/agricultural,kg,,Ortho phosphate defoliant
Mapping/Input/Flowlists/ecoinventEFv3.7.csv,ecoinventEFv3.7,,Tributyltin compounds,water/ground-,kg,,
Mapping/Input/Flowlists/ecoinventEFv3.7.csv,ecoinventEFv3.7,,Tributyltin compounds,"water/ground-, long-term",kg,,
Mapping/Input/Flowlists/ecoinventEFv3.7.csv,ecoinventEFv3.7,,Tributyltin compounds,water/ocean,kg,,
Mapping/Input/Flowlists/ecoinventEFv3.7.csv,ecoinventEFv3.7,,Tributyltin compounds,water/surface water,kg,,
Mapping/Input/Flowlists/ecoinventEFv3.7.csv,ecoinventEFv3.7,,Tributyltin compounds,water/unspecified,kg,,
Mapping/Input/Flowlists/ecoinventEFv3.7.csv,ecoinventEFv3.7,,Trichlorfon,soil/agricultural,kg,,polfoschlor
Mapping/Input/Flowlists/ecoinventEFv3.7.csv,ecoinventEFv3.7,,Trichloroethylene,air/unspecified,kg,,
Mapping/Input/Flowlists/ecoinventEFv3.7.csv,ecoinventEFv3.7,,Trichlorosilane,"air/low population density, long-term",kg,,
Mapping/Input/Flowlists/ecoinventEFv3.7.csv,ecoinventEFv3.7,,Trichlorosilane,air/lower stratosphere + upper troposphere,kg,,
Mapping/Input/Flowlists/ecoinventEFv3.7.csv,ecoinventEFv3.7,,Trichlorosilane,air/non-urban air or from high stacks,kg,,
Mapping/Input/Flowlists/ecoinventEFv3.7.csv,ecoinventEFv3.7,,Trichlorosilane,air/unspecified,kg,,
Mapping/Input/Flowlists/ecoinventEFv3.7.csv,ecoinventEFv3.7,,Trichlorosilane,air/urban air close to ground,kg,,
Mapping/Input/Flowlists/ecoinventEFv3.7.csv,ecoinventEFv3.7,,Trichlorosilane,water/ground-,kg,,
Mapping/Input/Flowlists/ecoinventEFv3.7.csv,ecoinventEFv3.7,,Trichlorosilane,"water/ground-, long-term",kg,,
Mapping/Input/Flowlists/ecoinventEFv3.7.csv,ecoinventEFv3.7,,Trichlorosilane,water/ocean,kg,,
Mapping/Input/Flowlists/ecoinventEFv3.7.csv,ecoinventEFv3.7,,Trichlorosilane,water/surface water,kg,,
Mapping/Input/Flowlists/ecoinventEFv3.7.csv,ecoinventEFv3.7,,Trichlorosilane,water/unspecified,kg,,
Mapping/Input/Flowlists/ecoinventEFv3.7.csv,ecoinventEFv3.7,,Triclopyr,soil/agricultural,kg,,"(3,5,6-Trichloro-2-pyridinyl)oxyacetic acid"
Mapping/Input/Flowlists/ecoinventEFv3.7.csv,ecoinventEFv3.7,,Tridemorph,soil/agricultural,kg,,"4-alkyl-2,6-dimethylmorpholine"
Mapping/Input/Flowlists/ecoinventEFv3.7.csv,ecoinventEFv3.7,,Triethylene glycol,water/ground-,kg,,
Mapping/Input/Flowlists/ecoinventEFv3.7.csv,ecoinventEFv3.7,,Triethylene glycol,"water/ground-, long-term",kg,,
Mapping/Input/Flowlists/ecoinventEFv3.7.csv,ecoinventEFv3.7,,Triethylene glycol,water/ocean,kg,,
Mapping/Input/Flowlists/ecoinventEFv3.7.csv,ecoinventEFv3.7,,Triethylene glycol,water/surface water,kg,,
Mapping/Input/Flowlists/ecoinventEFv3.7.csv,ecoinventEFv3.7,,Triethylene glycol,water/unspecified,kg,,
Mapping/Input/Flowlists/ecoinventEFv3.7.csv,ecoinventEFv3.7,,Trifloxystrobin,air/non-urban air or from high stacks,kg,,
Mapping/Input/Flowlists/ecoinventEFv3.7.csv,ecoinventEFv3.7,,Trifloxystrobin,soil/agricultural,kg,,
Mapping/Input/Flowlists/ecoinventEFv3.7.csv,ecoinventEFv3.7,,Trifloxystrobin,water/ground-,kg,,
Mapping/Input/Flowlists/ecoinventEFv3.7.csv,ecoinventEFv3.7,,Trifloxystrobin,water/surface water,kg,,
Mapping/Input/Flowlists/ecoinventEFv3.7.csv,ecoinventEFv3.7,,Triflumizole,soil/agricultural,kg,,
Mapping/Input/Flowlists/ecoinventEFv3.7.csv,ecoinventEFv3.7,,Triflumuron,soil/agricultural,kg,,
Mapping/Input/Flowlists/ecoinventEFv3.7.csv,ecoinventEFv3.7,,Trifluralin,air/non-urban air or from high stacks,kg,,
Mapping/Input/Flowlists/ecoinventEFv3.7.csv,ecoinventEFv3.7,,Trifluralin,soil/agricultural,kg,,"alpha,alpha,alpha,-trifluoro-2,6-dinitro-N,N-dipropyl-p-toluidine"
Mapping/Input/Flowlists/ecoinventEFv3.7.csv,ecoinventEFv3.7,,Triflusulfuron-methyl,soil/agricultural,kg,,PSM
Mapping/Input/Flowlists/ecoinventEFv3.7.csv,ecoinventEFv3.7,,Triforine,soil/agricultural,kg,,"1,4-bis(1-formamido-2,2,2-trichloroethyl)piperazine"
Mapping/Input/Flowlists/ecoinventEFv3.7.csv,ecoinventEFv3.7,,Trimethylamine,"air/low population density, long-term",kg,,"N,N-Dimethylmethanamine"
Mapping/Input/Flowlists/ecoinventEFv3.7.csv,ecoinventEFv3.7,,Trimethylamine,air/lower stratosphere + upper troposphere,kg,,"N,N-Dimethylmethanamine"
Mapping/Input/Flowlists/ecoinventEFv3.7.csv,ecoinventEFv3.7,,Trimethylamine,air/non-urban air or from high stacks,kg,,"N,N-Dimethylmethanamine"
Mapping/Input/Flowlists/ecoinventEFv3.7.csv,ecoinventEFv3.7,,Trimethylamine,air/unspecified,kg,,"N,N-Dimethylmethanamine"
Mapping/Input/Flowlists/ecoinventEFv3.7.csv,ecoinventEFv3.7,,Trimethylamine,air/urban air close to ground,kg,,"N,N-Dimethylmethanamine"
Mapping/Input/Flowlists/ecoinventEFv3.7.csv,ecoinventEFv3.7,,Trimethylamine,water/ground-,kg,,"N,N-Dimethylmethanamine"
Mapping/Input/Flowlists/ecoinventEFv3.7.csv,ecoinventEFv3.7,,Trimethylamine,"water/ground-, long-term",kg,,"N,N-Dimethylmethanamine"
Mapping/Input/Flowlists/ecoinventEFv3.7.csv,ecoinventEFv3.7,,Trimethylamine,water/ocean,kg,,"N,N-Dimethylmethanamine"
Mapping/Input/Flowlists/ecoinventEFv3.7.csv,ecoinventEFv3.7,,Trimethylamine,water/surface water,kg,,"N,N-Dimethylmethanamine"
Mapping/Input/Flowlists/ecoinventEFv3.7.csv,ecoinventEFv3.7,,Trimethylamine,water/unspecified,kg,,"N,N-Dimethylmethanamine"
Mapping/Input/Flowlists/ecoinventEFv3.7.csv,ecoinventEFv3.7,,Trinexapac-ethyl,soil/agricultural,kg,,"ethyl 4-cyclopropyl(hydroxy)methylene-3,5-dioxocyclohexanecarboxylate"
Mapping/Input/Flowlists/ecoinventEFv3.7.csv,ecoinventEFv3.7,,Trioctyltin,water/ocean,kg,,
Mapping/Input/Flowlists/ecoinventEFv3.7.csv,ecoinventEFv3.7,,Triphenyltin,water/ocean,kg,,
Mapping/Input/Flowlists/ecoinventEFv3.7.csv,ecoinventEFv3.7,,Trisodium phosphate,air/unspecified,kg,,
Mapping/Input/Flowlists/ecoinventEFv3.7.csv,ecoinventEFv3.7,,Triticonazole,soil/agricultural,kg,,
Mapping/Input/Flowlists/ecoinventEFv3.7.csv,ecoinventEFv3.7,,Tungsten,"air/low population density, long-term",kg,,
Mapping/Input/Flowlists/ecoinventEFv3.7.csv,ecoinventEFv3.7,,Tungsten,air/lower stratosphere + upper troposphere,kg,,
Mapping/Input/Flowlists/ecoinventEFv3.7.csv,ecoinventEFv3.7,,Tungsten,air/non-urban air or from high stacks,kg,,
Mapping/Input/Flowlists/ecoinventEFv3.7.csv,ecoinventEFv3.7,,Tungsten,air/unspecified,kg,,
Mapping/Input/Flowlists/ecoinventEFv3.7.csv,ecoinventEFv3.7,,Tungsten,air/urban air close to ground,kg,,
Mapping/Input/Flowlists/ecoinventEFv3.7.csv,ecoinventEFv3.7,,Tungsten,soil/agricultural,kg,,
Mapping/Input/Flowlists/ecoinventEFv3.7.csv,ecoinventEFv3.7,,Tungsten,soil/forestry,kg,,
Mapping/Input/Flowlists/ecoinventEFv3.7.csv,ecoinventEFv3.7,,Tungsten,soil/industrial,kg,,
Mapping/Input/Flowlists/ecoinventEFv3.7.csv,ecoinventEFv3.7,,Tungsten,soil/unspecified,kg,,
Mapping/Input/Flowlists/ecoinventEFv3.7.csv,ecoinventEFv3.7,,Tungsten,water/ground-,kg,,
Mapping/Input/Flowlists/ecoinventEFv3.7.csv,ecoinventEFv3.7,,Tungsten,"water/ground-, long-term",kg,,
Mapping/Input/Flowlists/ecoinventEFv3.7.csv,ecoinventEFv3.7,,Tungsten,water/ocean,kg,,
Mapping/Input/Flowlists/ecoinventEFv3.7.csv,ecoinventEFv3.7,,Tungsten,water/surface water,kg,,
Mapping/Input/Flowlists/ecoinventEFv3.7.csv,ecoinventEFv3.7,,Tungsten,water/unspecified,kg,,
Mapping/Input/Flowlists/ecoinventEFv3.7.csv,ecoinventEFv3.7,,"Tungsten, in ground",natural resource/in ground,kg,,
Mapping/Input/Flowlists/ecoinventEFv3.7.csv,ecoinventEFv3.7,,"Ulexite, in ground",natural resource/in ground,kg,,
Mapping/Input/Flowlists/ecoinventEFv3.7.csv,ecoinventEFv3.7,,Uranium,"air/low population density, long-term",kg,,
Mapping/Input/Flowlists/ecoinventEFv3.7.csv,ecoinventEFv3.7,,Uranium,air/lower stratosphere + upper troposphere,kg,,
Mapping/Input/Flowlists/ecoinventEFv3.7.csv,ecoinventEFv3.7,,Uranium,air/non-urban air or from high stacks,kg,,
Mapping/Input/Flowlists/ecoinventEFv3.7.csv,ecoinventEFv3.7,,Uranium,air/unspecified,kg,,
Mapping/Input/Flowlists/ecoinventEFv3.7.csv,ecoinventEFv3.7,,Uranium,air/urban air close to ground,kg,,
Mapping/Input/Flowlists/ecoinventEFv3.7.csv,ecoinventEFv3.7,,Uranium alpha,"air/low population density, long-term",kBq,,
Mapping/Input/Flowlists/ecoinventEFv3.7.csv,ecoinventEFv3.7,,Uranium alpha,air/lower stratosphere + upper troposphere,kBq,,
Mapping/Input/Flowlists/ecoinventEFv3.7.csv,ecoinventEFv3.7,,Uranium alpha,air/non-urban air or from high stacks,kBq,,
Mapping/Input/Flowlists/ecoinventEFv3.7.csv,ecoinventEFv3.7,,Uranium alpha,air/unspecified,kBq,,
Mapping/Input/Flowlists/ecoinventEFv3.7.csv,ecoinventEFv3.7,,Uranium alpha,air/urban air close to ground,kBq,,
Mapping/Input/Flowlists/ecoinventEFv3.7.csv,ecoinventEFv3.7,,Uranium alpha,water/ground-,kBq,,
Mapping/Input/Flowlists/ecoinventEFv3.7.csv,ecoinventEFv3.7,,Uranium alpha,"water/ground-, long-term",kBq,,
Mapping/Input/Flowlists/ecoinventEFv3.7.csv,ecoinventEFv3.7,,Uranium alpha,water/ocean,kBq,,
Mapping/Input/Flowlists/ecoinventEFv3.7.csv,ecoinventEFv3.7,,Uranium alpha,water/surface water,kBq,,
Mapping/Input/Flowlists/ecoinventEFv3.7.csv,ecoinventEFv3.7,,Uranium alpha,water/unspecified,kBq,,
Mapping/Input/Flowlists/ecoinventEFv3.7.csv,ecoinventEFv3.7,,"Uranium, in ground",natural resource/in ground,kg,,
Mapping/Input/Flowlists/ecoinventEFv3.7.csv,ecoinventEFv3.7,,Uranium-234,"air/low population density, long-term",kBq,,
Mapping/Input/Flowlists/ecoinventEFv3.7.csv,ecoinventEFv3.7,,Uranium-234,air/lower stratosphere + upper troposphere,kBq,,
Mapping/Input/Flowlists/ecoinventEFv3.7.csv,ecoinventEFv3.7,,Uranium-234,air/non-urban air or from high stacks,kBq,,
Mapping/Input/Flowlists/ecoinventEFv3.7.csv,ecoinventEFv3.7,,Uranium-234,air/unspecified,kBq,,
Mapping/Input/Flowlists/ecoinventEFv3.7.csv,ecoinventEFv3.7,,Uranium-234,air/urban air close to ground,kBq,,
Mapping/Input/Flowlists/ecoinventEFv3.7.csv,ecoinventEFv3.7,,Uranium-234,water/ground-,kBq,,
Mapping/Input/Flowlists/ecoinventEFv3.7.csv,ecoinventEFv3.7,,Uranium-234,"water/ground-, long-term",kBq,,
Mapping/Input/Flowlists/ecoinventEFv3.7.csv,ecoinventEFv3.7,,Uranium-234,water/ocean,kBq,,
Mapping/Input/Flowlists/ecoinventEFv3.7.csv,ecoinventEFv3.7,,Uranium-234,water/surface water,kBq,,
Mapping/Input/Flowlists/ecoinventEFv3.7.csv,ecoinventEFv3.7,,Uranium-234,water/unspecified,kBq,,
Mapping/Input/Flowlists/ecoinventEFv3.7.csv,ecoinventEFv3.7,,Uranium-235,"air/low population density, long-term",kBq,,
Mapping/Input/Flowlists/ecoinventEFv3.7.csv,ecoinventEFv3.7,,Uranium-235,air/lower stratosphere + upper troposphere,kBq,,
Mapping/Input/Flowlists/ecoinventEFv3.7.csv,ecoinventEFv3.7,,Uranium-235,air/non-urban air or from high stacks,kBq,,
Mapping/Input/Flowlists/ecoinventEFv3.7.csv,ecoinventEFv3.7,,Uranium-235,air/unspecified,kBq,,
Mapping/Input/Flowlists/ecoinventEFv3.7.csv,ecoinventEFv3.7,,Uranium-235,air/urban air close to ground,kBq,,
Mapping/Input/Flowlists/ecoinventEFv3.7.csv,ecoinventEFv3.7,,Uranium-235,water/ground-,kBq,,
Mapping/Input/Flowlists/ecoinventEFv3.7.csv,ecoinventEFv3.7,,Uranium-235,"water/ground-, long-term",kBq,,
Mapping/Input/Flowlists/ecoinventEFv3.7.csv,ecoinventEFv3.7,,Uranium-235,water/ocean,kBq,,
Mapping/Input/Flowlists/ecoinventEFv3.7.csv,ecoinventEFv3.7,,Uranium-235,water/surface water,kBq,,
Mapping/Input/Flowlists/ecoinventEFv3.7.csv,ecoinventEFv3.7,,Uranium-235,water/unspecified,kBq,,
Mapping/Input/Flowlists/ecoinventEFv3.7.csv,ecoinventEFv3.7,,Uranium-238,"air/low population density, long-term",kBq,,
Mapping/Input/Flowlists/ecoinventEFv3.7.csv,ecoinventEFv3.7,,Uranium-238,air/lower stratosphere + upper troposphere,kBq,,
Mapping/Input/Flowlists/ecoinventEFv3.7.csv,ecoinventEFv3.7,,Uranium-238,air/non-urban air or from high stacks,kBq,,
Mapping/Input/Flowlists/ecoinventEFv3.7.csv,ecoinventEFv3.7,,Uranium-238,air/unspecified,kBq,,
Mapping/Input/Flowlists/ecoinventEFv3.7.csv,ecoinventEFv3.7,,Uranium-238,air/urban air close to ground,kBq,,
Mapping/Input/Flowlists/ecoinventEFv3.7.csv,ecoinventEFv3.7,,Uranium-238,water/ground-,kBq,,
Mapping/Input/Flowlists/ecoinventEFv3.7.csv,ecoinventEFv3.7,,Uranium-238,"water/ground-, long-term",kBq,,
Mapping/Input/Flowlists/ecoinventEFv3.7.csv,ecoinventEFv3.7,,Uranium-238,water/ocean,kBq,,
Mapping/Input/Flowlists/ecoinventEFv3.7.csv,ecoinventEFv3.7,,Uranium-238,water/surface water,kBq,,
Mapping/Input/Flowlists/ecoinventEFv3.7.csv,ecoinventEFv3.7,,Uranium-238,water/unspecified,kBq,,
Mapping/Input/Flowlists/ecoinventEFv3.7.csv,ecoinventEFv3.7,,Urea,water/ground-,kg,,"Diaminomethanal, Carbamide"
Mapping/Input/Flowlists/ecoinventEFv3.7.csv,ecoinventEFv3.7,,Urea,"water/ground-, long-term",kg,,"Diaminomethanal, Carbamide"
Mapping/Input/Flowlists/ecoinventEFv3.7.csv,ecoinventEFv3.7,,Urea,water/ocean,kg,,"Diaminomethanal, Carbamide"
Mapping/Input/Flowlists/ecoinventEFv3.7.csv,ecoinventEFv3.7,,Urea,water/surface water,kg,,"Diaminomethanal, Carbamide"
Mapping/Input/Flowlists/ecoinventEFv3.7.csv,ecoinventEFv3.7,,Urea,water/unspecified,kg,,"Diaminomethanal, Carbamide"
Mapping/Input/Flowlists/ecoinventEFv3.7.csv,ecoinventEFv3.7,,Vamidothion,soil/agricultural,kg,,
Mapping/Input/Flowlists/ecoinventEFv3.7.csv,ecoinventEFv3.7,,Vanadium,"air/low population density, long-term",kg,,
Mapping/Input/Flowlists/ecoinventEFv3.7.csv,ecoinventEFv3.7,,Vanadium,air/lower stratosphere + upper troposphere,kg,,
Mapping/Input/Flowlists/ecoinventEFv3.7.csv,ecoinventEFv3.7,,Vanadium,air/non-urban air or from high stacks,kg,,
Mapping/Input/Flowlists/ecoinventEFv3.7.csv,ecoinventEFv3.7,,Vanadium,air/unspecified,kg,,
Mapping/Input/Flowlists/ecoinventEFv3.7.csv,ecoinventEFv3.7,,Vanadium,air/urban air close to ground,kg,,
Mapping/Input/Flowlists/ecoinventEFv3.7.csv,ecoinventEFv3.7,,Vanadium,soil/agricultural,kg,,
Mapping/Input/Flowlists/ecoinventEFv3.7.csv,ecoinventEFv3.7,,Vanadium,soil/forestry,kg,,
Mapping/Input/Flowlists/ecoinventEFv3.7.csv,ecoinventEFv3.7,,Vanadium,soil/industrial,kg,,
Mapping/Input/Flowlists/ecoinventEFv3.7.csv,ecoinventEFv3.7,,Vanadium,soil/unspecified,kg,,
Mapping/Input/Flowlists/ecoinventEFv3.7.csv,ecoinventEFv3.7,,"Vanadium, in ground",natural resource/in ground,kg,,
Mapping/Input/Flowlists/ecoinventEFv3.7.csv,ecoinventEFv3.7,,"Vanadium, ion",water/ground-,kg,,
Mapping/Input/Flowlists/ecoinventEFv3.7.csv,ecoinventEFv3.7,,"Vanadium, ion","water/ground-, long-term",kg,,
Mapping/Input/Flowlists/ecoinventEFv3.7.csv,ecoinventEFv3.7,,"Vanadium, ion",water/ocean,kg,,
Mapping/Input/Flowlists/ecoinventEFv3.7.csv,ecoinventEFv3.7,,"Vanadium, ion",water/surface water,kg,,
Mapping/Input/Flowlists/ecoinventEFv3.7.csv,ecoinventEFv3.7,,"Vanadium, ion",water/unspecified,kg,,
Mapping/Input/Flowlists/ecoinventEFv3.7.csv,ecoinventEFv3.7,,"Vermiculite, in ground",natural resource/in ground,kg,,Glimmer
Mapping/Input/Flowlists/ecoinventEFv3.7.csv,ecoinventEFv3.7,,Vinclozolin,soil/agricultural,kg,,"(RS)-3-(3,5-dichlorophenyl)-5-methyl-5-vinyl-1,3-oxazolidine-2,4-dione"
Mapping/Input/Flowlists/ecoinventEFv3.7.csv,ecoinventEFv3.7,,"VOC, volatile organic compounds, unspecified origin",air/unspecified,kg,,
Mapping/Input/Flowlists/ecoinventEFv3.7.csv,ecoinventEFv3.7,,"VOC, volatile organic compounds, unspecified origin",water/ground-,kg,,
Mapping/Input/Flowlists/ecoinventEFv3.7.csv,ecoinventEFv3.7,,"VOC, volatile organic compounds, unspecified origin","water/ground-, long-term",kg,,
Mapping/Input/Flowlists/ecoinventEFv3.7.csv,ecoinventEFv3.7,,"VOC, volatile organic compounds, unspecified origin",water/ocean,kg,,
Mapping/Input/Flowlists/ecoinventEFv3.7.csv,ecoinventEFv3.7,,"VOC, volatile organic compounds, unspecified origin",water/surface water,kg,,
Mapping/Input/Flowlists/ecoinventEFv3.7.csv,ecoinventEFv3.7,,"VOC, volatile organic compounds, unspecified origin",water/unspecified,kg,,
Mapping/Input/Flowlists/ecoinventEFv3.7.csv,ecoinventEFv3.7,,"Volume occupied, final repository for low-active radioactive waste",natural resource/in ground,m3,,nicht für Gesamtvolumen des Stollens
Mapping/Input/Flowlists/ecoinventEFv3.7.csv,ecoinventEFv3.7,,"Volume occupied, final repository for radioactive waste",natural resource/in ground,m3,,nicht für Gesamtvolumen des Stollens
Mapping/Input/Flowlists/ecoinventEFv3.7.csv,ecoinventEFv3.7,,"Volume occupied, reservoir",natural resource/in water,m3*a,,
Mapping/Input/Flowlists/ecoinventEFv3.7.csv,ecoinventEFv3.7,,"Volume occupied, underground deposit",natural resource/in ground,m3,,nicht für Gesamtvolumen des Stollens
Mapping/Input/Flowlists/ecoinventEFv3.7.csv,ecoinventEFv3.7,,Water,"air/low population density, long-term",m3,,
Mapping/Input/Flowlists/ecoinventEFv3.7.csv,ecoinventEFv3.7,,Water,air/lower stratosphere + upper troposphere,m3,,
Mapping/Input/Flowlists/ecoinventEFv3.7.csv,ecoinventEFv3.7,,Water,air/non-urban air or from high stacks,m3,,
Mapping/Input/Flowlists/ecoinventEFv3.7.csv,ecoinventEFv3.7,,Water,air/unspecified,m3,,
Mapping/Input/Flowlists/ecoinventEFv3.7.csv,ecoinventEFv3.7,,Water,air/urban air close to ground,m3,,
Mapping/Input/Flowlists/ecoinventEFv3.7.csv,ecoinventEFv3.7,,Water,water/fossil well,m3,,
Mapping/Input/Flowlists/ecoinventEFv3.7.csv,ecoinventEFv3.7,,Water,water/ground-,m3,,
Mapping/Input/Flowlists/ecoinventEFv3.7.csv,ecoinventEFv3.7,,Water,"water/ground-, long-term",m3,,
Mapping/Input/Flowlists/ecoinventEFv3.7.csv,ecoinventEFv3.7,,Water,water/ocean,m3,,
Mapping/Input/Flowlists/ecoinventEFv3.7.csv,ecoinventEFv3.7,,Water,water/surface water,m3,,
Mapping/Input/Flowlists/ecoinventEFv3.7.csv,ecoinventEFv3.7,,Water,water/unspecified,m3,,
Mapping/Input/Flowlists/ecoinventEFv3.7.csv,ecoinventEFv3.7,,"Water, cooling, unspecified natural origin",natural resource/in water,m3,,
Mapping/Input/Flowlists/ecoinventEFv3.7.csv,ecoinventEFv3.7,,"Water, in air",natural resource/in air,m3,,
Mapping/Input/Flowlists/ecoinventEFv3.7.csv,ecoinventEFv3.7,,"Water, lake",natural resource/in water,m3,,
Mapping/Input/Flowlists/ecoinventEFv3.7.csv,ecoinventEFv3.7,,"Water, river",natural resource/in water,m3,,
Mapping/Input/Flowlists/ecoinventEFv3.7.csv,ecoinventEFv3.7,,"Water, salt, ocean",natural resource/in water,m3,,
Mapping/Input/Flowlists/ecoinventEFv3.7.csv,ecoinventEFv3.7,,"Water, salt, sole",natural resource/in water,m3,,
Mapping/Input/Flowlists/ecoinventEFv3.7.csv,ecoinventEFv3.7,,"Water, turbine use, unspecified natural origin",natural resource/in water,m3,,
Mapping/Input/Flowlists/ecoinventEFv3.7.csv,ecoinventEFv3.7,,"Water, unspecified natural origin",natural resource/fossil well,m3,,
Mapping/Input/Flowlists/ecoinventEFv3.7.csv,ecoinventEFv3.7,,"Water, unspecified natural origin",natural resource/in ground,m3,,
Mapping/Input/Flowlists/ecoinventEFv3.7.csv,ecoinventEFv3.7,,"Water, unspecified natural origin",natural resource/in water,m3,,
Mapping/Input/Flowlists/ecoinventEFv3.7.csv,ecoinventEFv3.7,,"Water, well, in ground",natural resource/in water,m3,,
Mapping/Input/Flowlists/ecoinventEFv3.7.csv,ecoinventEFv3.7,,"Wood, hard, standing",natural resource/biotic,m3,,
Mapping/Input/Flowlists/ecoinventEFv3.7.csv,ecoinventEFv3.7,,"Wood, primary forest, standing",natural resource/biotic,m3,,
Mapping/Input/Flowlists/ecoinventEFv3.7.csv,ecoinventEFv3.7,,"Wood, soft, standing",natural resource/biotic,m3,,
Mapping/Input/Flowlists/ecoinventEFv3.7.csv,ecoinventEFv3.7,,"Wood, unspecified, standing",natural resource/biotic,m3,,
Mapping/Input/Flowlists/ecoinventEFv3.7.csv,ecoinventEFv3.7,,"Xenon, in air",natural resource/in air,kg,,
Mapping/Input/Flowlists/ecoinventEFv3.7.csv,ecoinventEFv3.7,,Xenon-131m,"air/low population density, long-term",kBq,,
Mapping/Input/Flowlists/ecoinventEFv3.7.csv,ecoinventEFv3.7,,Xenon-131m,air/lower stratosphere + upper troposphere,kBq,,
Mapping/Input/Flowlists/ecoinventEFv3.7.csv,ecoinventEFv3.7,,Xenon-131m,air/non-urban air or from high stacks,kBq,,
Mapping/Input/Flowlists/ecoinventEFv3.7.csv,ecoinventEFv3.7,,Xenon-131m,air/unspecified,kBq,,
Mapping/Input/Flowlists/ecoinventEFv3.7.csv,ecoinventEFv3.7,,Xenon-131m,air/urban air close to ground,kBq,,
Mapping/Input/Flowlists/ecoinventEFv3.7.csv,ecoinventEFv3.7,,Xenon-133,"air/low population density, long-term",kBq,,
Mapping/Input/Flowlists/ecoinventEFv3.7.csv,ecoinventEFv3.7,,Xenon-133,air/lower stratosphere + upper troposphere,kBq,,
Mapping/Input/Flowlists/ecoinventEFv3.7.csv,ecoinventEFv3.7,,Xenon-133,air/non-urban air or from high stacks,kBq,,
Mapping/Input/Flowlists/ecoinventEFv3.7.csv,ecoinventEFv3.7,,Xenon-133,air/unspecified,kBq,,
Mapping/Input/Flowlists/ecoinventEFv3.7.csv,ecoinventEFv3.7,,Xenon-133,air/urban air close to ground,kBq,,
Mapping/Input/Flowlists/ecoinventEFv3.7.csv,ecoinventEFv3.7,,Xenon-133m,"air/low population density, long-term",kBq,,
Mapping/Input/Flowlists/ecoinventEFv3.7.csv,ecoinventEFv3.7,,Xenon-133m,air/lower stratosphere + upper troposphere,kBq,,
Mapping/Input/Flowlists/ecoinventEFv3.7.csv,ecoinventEFv3.7,,Xenon-133m,air/non-urban air or from high stacks,kBq,,
Mapping/Input/Flowlists/ecoinventEFv3.7.csv,ecoinventEFv3.7,,Xenon-133m,air/unspecified,kBq,,
Mapping/Input/Flowlists/ecoinventEFv3.7.csv,ecoinventEFv3.7,,Xenon-133m,air/urban air close to ground,kBq,,
Mapping/Input/Flowlists/ecoinventEFv3.7.csv,ecoinventEFv3.7,,Xenon-135,"air/low population density, long-term",kBq,,
Mapping/Input/Flowlists/ecoinventEFv3.7.csv,ecoinventEFv3.7,,Xenon-135,air/lower stratosphere + upper troposphere,kBq,,
Mapping/Input/Flowlists/ecoinventEFv3.7.csv,ecoinventEFv3.7,,Xenon-135,air/non-urban air or from high stacks,kBq,,
Mapping/Input/Flowlists/ecoinventEFv3.7.csv,ecoinventEFv3.7,,Xenon-135,air/unspecified,kBq,,
Mapping/Input/Flowlists/ecoinventEFv3.7.csv,ecoinventEFv3.7,,Xenon-135,air/urban air close to ground,kBq,,
Mapping/Input/Flowlists/ecoinventEFv3.7.csv,ecoinventEFv3.7,,Xenon-135m,"air/low population density, long-term",kBq,,
Mapping/Input/Flowlists/ecoinventEFv3.7.csv,ecoinventEFv3.7,,Xenon-135m,air/lower stratosphere + upper troposphere,kBq,,
Mapping/Input/Flowlists/ecoinventEFv3.7.csv,ecoinventEFv3.7,,Xenon-135m,air/non-urban air or from high stacks,kBq,,
Mapping/Input/Flowlists/ecoinventEFv3.7.csv,ecoinventEFv3.7,,Xenon-135m,air/unspecified,kBq,,
Mapping/Input/Flowlists/ecoinventEFv3.7.csv,ecoinventEFv3.7,,Xenon-135m,air/urban air close to ground,kBq,,
Mapping/Input/Flowlists/ecoinventEFv3.7.csv,ecoinventEFv3.7,,Xenon-137,"air/low population density, long-term",kBq,,
Mapping/Input/Flowlists/ecoinventEFv3.7.csv,ecoinventEFv3.7,,Xenon-137,air/lower stratosphere + upper troposphere,kBq,,
Mapping/Input/Flowlists/ecoinventEFv3.7.csv,ecoinventEFv3.7,,Xenon-137,air/non-urban air or from high stacks,kBq,,
Mapping/Input/Flowlists/ecoinventEFv3.7.csv,ecoinventEFv3.7,,Xenon-137,air/unspecified,kBq,,
Mapping/Input/Flowlists/ecoinventEFv3.7.csv,ecoinventEFv3.7,,Xenon-137,air/urban air close to ground,kBq,,
Mapping/Input/Flowlists/ecoinventEFv3.7.csv,ecoinventEFv3.7,,Xenon-138,"air/low population density, long-term",kBq,,
Mapping/Input/Flowlists/ecoinventEFv3.7.csv,ecoinventEFv3.7,,Xenon-138,air/lower stratosphere + upper troposphere,kBq,,
Mapping/Input/Flowlists/ecoinventEFv3.7.csv,ecoinventEFv3.7,,Xenon-138,air/non-urban air or from high stacks,kBq,,
Mapping/Input/Flowlists/ecoinventEFv3.7.csv,ecoinventEFv3.7,,Xenon-138,air/unspecified,kBq,,
Mapping/Input/Flowlists/ecoinventEFv3.7.csv,ecoinventEFv3.7,,Xenon-138,air/urban air close to ground,kBq,,
Mapping/Input/Flowlists/ecoinventEFv3.7.csv,ecoinventEFv3.7,,Xylene,"air/low population density, long-term",kg,,
Mapping/Input/Flowlists/ecoinventEFv3.7.csv,ecoinventEFv3.7,,Xylene,air/lower stratosphere + upper troposphere,kg,,
Mapping/Input/Flowlists/ecoinventEFv3.7.csv,ecoinventEFv3.7,,Xylene,air/non-urban air or from high stacks,kg,,
Mapping/Input/Flowlists/ecoinventEFv3.7.csv,ecoinventEFv3.7,,Xylene,air/unspecified,kg,,
Mapping/Input/Flowlists/ecoinventEFv3.7.csv,ecoinventEFv3.7,,Xylene,air/urban air close to ground,kg,,
Mapping/Input/Flowlists/ecoinventEFv3.7.csv,ecoinventEFv3.7,,Xylene,water/ground-,kg,,
Mapping/Input/Flowlists/ecoinventEFv3.7.csv,ecoinventEFv3.7,,Xylene,"water/ground-, long-term",kg,,
Mapping/Input/Flowlists/ecoinventEFv3.7.csv,ecoinventEFv3.7,,Xylene,water/ocean,kg,,
Mapping/Input/Flowlists/ecoinventEFv3.7.csv,ecoinventEFv3.7,,Xylene,water/surface water,kg,,
Mapping/Input/Flowlists/ecoinventEFv3.7.csv,ecoinventEFv3.7,,Xylene,water/unspecified,kg,,
Mapping/Input/Flowlists/ecoinventEFv3.7.csv,ecoinventEFv3.7,,"Ytterbium, in ground",natural resource/in ground,kg,,
Mapping/Input/Flowlists/ecoinventEFv3.7.csv,ecoinventEFv3.7,,"Yttrium, in ground",natural resource/in ground,kg,,
Mapping/Input/Flowlists/ecoinventEFv3.7.csv,ecoinventEFv3.7,,Yttrium-90,water/ground-,kBq,,
Mapping/Input/Flowlists/ecoinventEFv3.7.csv,ecoinventEFv3.7,,Yttrium-90,"water/ground-, long-term",kBq,,
Mapping/Input/Flowlists/ecoinventEFv3.7.csv,ecoinventEFv3.7,,Yttrium-90,water/ocean,kBq,,
Mapping/Input/Flowlists/ecoinventEFv3.7.csv,ecoinventEFv3.7,,Yttrium-90,water/surface water,kBq,,
Mapping/Input/Flowlists/ecoinventEFv3.7.csv,ecoinventEFv3.7,,Yttrium-90,water/unspecified,kBq,,
Mapping/Input/Flowlists/ecoinventEFv3.7.csv,ecoinventEFv3.7,,Zeta-cypermethrin,air/non-urban air or from high stacks,kg,,
Mapping/Input/Flowlists/ecoinventEFv3.7.csv,ecoinventEFv3.7,,Zeta-cypermethrin,soil/agricultural,kg,,
Mapping/Input/Flowlists/ecoinventEFv3.7.csv,ecoinventEFv3.7,,Zinc,"air/low population density, long-term",kg,,
Mapping/Input/Flowlists/ecoinventEFv3.7.csv,ecoinventEFv3.7,,Zinc,air/lower stratosphere + upper troposphere,kg,,
Mapping/Input/Flowlists/ecoinventEFv3.7.csv,ecoinventEFv3.7,,Zinc,air/non-urban air or from high stacks,kg,,
Mapping/Input/Flowlists/ecoinventEFv3.7.csv,ecoinventEFv3.7,,Zinc,air/unspecified,kg,,
Mapping/Input/Flowlists/ecoinventEFv3.7.csv,ecoinventEFv3.7,,Zinc,air/urban air close to ground,kg,,
Mapping/Input/Flowlists/ecoinventEFv3.7.csv,ecoinventEFv3.7,,Zinc,soil/agricultural,kg,,
Mapping/Input/Flowlists/ecoinventEFv3.7.csv,ecoinventEFv3.7,,Zinc,soil/forestry,kg,,
Mapping/Input/Flowlists/ecoinventEFv3.7.csv,ecoinventEFv3.7,,Zinc,soil/industrial,kg,,
Mapping/Input/Flowlists/ecoinventEFv3.7.csv,ecoinventEFv3.7,,Zinc,soil/unspecified,kg,,
Mapping/Input/Flowlists/ecoinventEFv3.7.csv,ecoinventEFv3.7,,"Zinc, 9.0% in sulfide, Zn 5.3%, Pb, Ag, Cd, In, in ground",natural resource/in ground,kg,,
Mapping/Input/Flowlists/ecoinventEFv3.7.csv,ecoinventEFv3.7,,"Zinc, in ground",natural resource/in ground,kg,,
Mapping/Input/Flowlists/ecoinventEFv3.7.csv,ecoinventEFv3.7,,"Zinc, ion",water/ground-,kg,,
Mapping/Input/Flowlists/ecoinventEFv3.7.csv,ecoinventEFv3.7,,"Zinc, ion","water/ground-, long-term",kg,,
Mapping/Input/Flowlists/ecoinventEFv3.7.csv,ecoinventEFv3.7,,"Zinc, ion",water/ocean,kg,,
Mapping/Input/Flowlists/ecoinventEFv3.7.csv,ecoinventEFv3.7,,"Zinc, ion",water/surface water,kg,,
Mapping/Input/Flowlists/ecoinventEFv3.7.csv,ecoinventEFv3.7,,"Zinc, ion",water/unspecified,kg,,
Mapping/Input/Flowlists/ecoinventEFv3.7.csv,ecoinventEFv3.7,,"Zinc, Zn 0.63%, in mixed ore, in ground",natural resource/in ground,kg,,
Mapping/Input/Flowlists/ecoinventEFv3.7.csv,ecoinventEFv3.7,,"Zinc, Zn 3.1%, in mixed ore, in ground",natural resource/in ground,kg,,
Mapping/Input/Flowlists/ecoinventEFv3.7.csv,ecoinventEFv3.7,,Zinc-65,"air/low population density, long-term",kBq,,
Mapping/Input/Flowlists/ecoinventEFv3.7.csv,ecoinventEFv3.7,,Zinc-65,air/lower stratosphere + upper troposphere,kBq,,
Mapping/Input/Flowlists/ecoinventEFv3.7.csv,ecoinventEFv3.7,,Zinc-65,air/non-urban air or from high stacks,kBq,,
Mapping/Input/Flowlists/ecoinventEFv3.7.csv,ecoinventEFv3.7,,Zinc-65,air/unspecified,kBq,,
Mapping/Input/Flowlists/ecoinventEFv3.7.csv,ecoinventEFv3.7,,Zinc-65,air/urban air close to ground,kBq,,
Mapping/Input/Flowlists/ecoinventEFv3.7.csv,ecoinventEFv3.7,,Zinc-65,water/ground-,kBq,,
Mapping/Input/Flowlists/ecoinventEFv3.7.csv,ecoinventEFv3.7,,Zinc-65,"water/ground-, long-term",kBq,,
Mapping/Input/Flowlists/ecoinventEFv3.7.csv,ecoinventEFv3.7,,Zinc-65,water/ocean,kBq,,
Mapping/Input/Flowlists/ecoinventEFv3.7.csv,ecoinventEFv3.7,,Zinc-65,water/surface water,kBq,,
Mapping/Input/Flowlists/ecoinventEFv3.7.csv,ecoinventEFv3.7,,Zinc-65,water/unspecified,kBq,,
Mapping/Input/Flowlists/ecoinventEFv3.7.csv,ecoinventEFv3.7,,Zineb,soil/agricultural,kg,,
Mapping/Input/Flowlists/ecoinventEFv3.7.csv,ecoinventEFv3.7,,Ziram,soil/agricultural,kg,,
Mapping/Input/Flowlists/ecoinventEFv3.7.csv,ecoinventEFv3.7,,"Zirconia, as baddeleyite, in ground",natural resource/in ground,kg,,
Mapping/Input/Flowlists/ecoinventEFv3.7.csv,ecoinventEFv3.7,,Zirconium,"air/low population density, long-term",kg,,
Mapping/Input/Flowlists/ecoinventEFv3.7.csv,ecoinventEFv3.7,,Zirconium,air/lower stratosphere + upper troposphere,kg,,
Mapping/Input/Flowlists/ecoinventEFv3.7.csv,ecoinventEFv3.7,,Zirconium,air/non-urban air or from high stacks,kg,,
Mapping/Input/Flowlists/ecoinventEFv3.7.csv,ecoinventEFv3.7,,Zirconium,air/unspecified,kg,,
Mapping/Input/Flowlists/ecoinventEFv3.7.csv,ecoinventEFv3.7,,Zirconium,air/urban air close to ground,kg,,
Mapping/Input/Flowlists/ecoinventEFv3.7.csv,ecoinventEFv3.7,,"Zirconium, 50% in zircon, 0.39% in crude ore, in ground",natural resource/in ground,kg,,Zircat
Mapping/Input/Flowlists/ecoinventEFv3.7.csv,ecoinventEFv3.7,,"Zirconium, in ground",natural resource/in ground,kg,,
Mapping/Input/Flowlists/ecoinventEFv3.7.csv,ecoinventEFv3.7,,Zirconium-95,"air/low population density, long-term",kBq,,
Mapping/Input/Flowlists/ecoinventEFv3.7.csv,ecoinventEFv3.7,,Zirconium-95,air/lower stratosphere + upper troposphere,kBq,,
Mapping/Input/Flowlists/ecoinventEFv3.7.csv,ecoinventEFv3.7,,Zirconium-95,air/non-urban air or from high stacks,kBq,,
Mapping/Input/Flowlists/ecoinventEFv3.7.csv,ecoinventEFv3.7,,Zirconium-95,air/unspecified,kBq,,
Mapping/Input/Flowlists/ecoinventEFv3.7.csv,ecoinventEFv3.7,,Zirconium-95,air/urban air close to ground,kBq,,
Mapping/Input/Flowlists/ecoinventEFv3.7.csv,ecoinventEFv3.7,,Zirconium-95,water/ground-,kBq,,
Mapping/Input/Flowlists/ecoinventEFv3.7.csv,ecoinventEFv3.7,,Zirconium-95,"water/ground-, long-term",kBq,,
Mapping/Input/Flowlists/ecoinventEFv3.7.csv,ecoinventEFv3.7,,Zirconium-95,water/ocean,kBq,,
Mapping/Input/Flowlists/ecoinventEFv3.7.csv,ecoinventEFv3.7,,Zirconium-95,water/surface water,kBq,,
Mapping/Input/Flowlists/ecoinventEFv3.7.csv,ecoinventEFv3.7,,Zirconium-95,water/unspecified,kBq,,
Mapping/Input/Flowlists/ecoinventEFv3.7.csv,ecoinventEFv3.7,,Zoxamide,soil/agricultural,kg,,
