source_file,list_name,flow_uuid,flow_name,context,unit,cas_number,synonyms
Mapping/Input/Flowlists/IDEA_EFv2.3.csv,IDEA_EFv2.3,,silver,Resources/ground/Non-renewable element resources,kg,,"Ag;銀（資源）;Ag reserves;silver reserves,Ag;銀（資源）;Ag reserves;silver reserves"
Mapping/Input/Flowlists/IDEA_EFv2.3.csv,IDEA_EFv2.3,,aluminium,Resources/ground/Non-renewable element resources,kg,,"Al;aluminum;アルミニウム（資源）;Al reserves;aluminium reserves,Al;aluminum;アルミニウム（資源）;Al reserves;aluminium reserves"
Mapping/Input/Flowlists/IDEA_EFv2.3.csv,IDEA_EFv2.3,,gold,Resources/ground/Non-renewable element resources,kg,,"Au;金（資源）;Au reserves;gold reserves,Au;金（資源）;Au reserves;gold reserves"
Mapping/Input/Flowlists/IDEA_EFv2.3.csv,IDEA_EFv2.3,,boron,Resources/ground/Non-renewable element resources,kg,,"B;ホウ素（資源）;B reserves;boron reserves,B;ホウ素（資源）;B reserves;boron reserves"
Mapping/Input/Flowlists/IDEA_EFv2.3.csv,IDEA_EFv2.3,,barium,Resources/ground/Non-renewable element resources,kg,,"Ba;バリウム（資源）;Ba reserves;barium reserves,Ba;バリウム（資源）;Ba reserves;barium reserves"
Mapping/Input/Flowlists/IDEA_EFv2.3.csv,IDEA_EFv2.3,,bismuth,Resources/ground/Non-renewable element resources,kg,,"Bi;ビスマス（資源）;Bi reserves;bismuth reserves,Bi;ビスマス（資源）;Bi reserves;bismuth reserves"
Mapping/Input/Flowlists/IDEA_EFv2.3.csv,IDEA_EFv2.3,,cobalt,Resources/ground/Non-renewable element resources,kg,,"Co;コバルト（資源）;Co reserves;cobalt reserves,Co;コバルト（資源）;Co reserves;cobalt reserves"
Mapping/Input/Flowlists/IDEA_EFv2.3.csv,IDEA_EFv2.3,,chromium,Resources/ground/Non-renewable element resources,kg,,"Cr;Cr;chromium;chromium reserves,Cr;Cr;chromium;chromium reserves"
Mapping/Input/Flowlists/IDEA_EFv2.3.csv,IDEA_EFv2.3,,copper,Resources/ground/Non-renewable element resources,kg,,"Cu;銅（資源）;Cu reserves;copper reserves,Cu;銅（資源）;Cu reserves;copper reserves"
Mapping/Input/Flowlists/IDEA_EFv2.3.csv,IDEA_EFv2.3,,iron,Resources/ground/Non-renewable element resources,kg,,"Fe;鉄（資源）;Fe reserves;iron reserves,Fe;鉄（資源）;Fe reserves;iron reserves"
Mapping/Input/Flowlists/IDEA_EFv2.3.csv,IDEA_EFv2.3,,gadolinium,Resources/ground/Non-renewable element resources,kg,,"Gd;ガドリニウム（資源）;Gd reserves;gadolinium reserves,Gd;ガドリニウム（資源）;Gd reserves;gadolinium reserves"
Mapping/Input/Flowlists/IDEA_EFv2.3.csv,IDEA_EFv2.3,,lanthanum,Resources/ground/Non-renewable element resources,kg,,"La;ランタン（資源）;La reserves;lanthanum reserves,La;ランタン（資源）;La reserves;lanthanum reserves"
Mapping/Input/Flowlists/IDEA_EFv2.3.csv,IDEA_EFv2.3,,lithium,Resources/ground/Non-renewable element resources,kg,,"Li;リチウム（資源）;Li reserves;lithium reserves,Li;リチウム（資源）;Li reserves;lithium reserves"
Mapping/Input/Flowlists/IDEA_EFv2.3.csv,IDEA_EFv2.3,,manganese,Resources/ground/Non-renewable element resources,kg,,"Mn;マンガン（資源）;Mn reserves;manganese reserves,Mn;マンガン（資源）;Mn reserves;manganese reserves"
Mapping/Input/Flowlists/IDEA_EFv2.3.csv,IDEA_EFv2.3,,molybdenum,Resources/ground/Non-renewable element resources,kg,,"Mo;モリブデン（資源）;Mo reserves;molybdenum reserves,Mo;モリブデン（資源）;Mo reserves;molybdenum reserves"
Mapping/Input/Flowlists/IDEA_EFv2.3.csv,IDEA_EFv2.3,,niobium,Resources/ground/Non-renewable element resources,kg,,"Nb,Nb"
Mapping/Input/Flowlists/IDEA_EFv2.3.csv,IDEA_EFv2.3,,neodymium,Resources/ground/Non-renewable element resources,kg,,"Nd;ネオジム（資源）;Nd reserves;neodymium reserves,Nd;ネオジム（資源）;Nd reserves;neodymium reserves"
Mapping/Input/Flowlists/IDEA_EFv2.3.csv,IDEA_EFv2.3,,nickel,Resources/ground/Non-renewable element resources,kg,,"Ni;Ni;nickel;Ni,Ni;Ni;nickel;Ni"
Mapping/Input/Flowlists/IDEA_EFv2.3.csv,IDEA_EFv2.3,,phosphorus,Resources/ground/Non-renewable element resources,kg,,"P;phosphorus,P;phosphorus"
Mapping/Input/Flowlists/IDEA_EFv2.3.csv,IDEA_EFv2.3,,lead,Resources/ground/Non-renewable element resources,kg,,"Pb;鉛;Pb;lead,Pb;鉛;Pb;lead"
Mapping/Input/Flowlists/IDEA_EFv2.3.csv,IDEA_EFv2.3,,praseodymium,Resources/ground/Non-renewable element resources,kg,,"Pr;プラセオジム（資源）;Pr reserves;praseodymium reserves,Pr;プラセオジム（資源）;Pr reserves;praseodymium reserves"
Mapping/Input/Flowlists/IDEA_EFv2.3.csv,IDEA_EFv2.3,,platinum,Resources/ground/Non-renewable element resources,kg,,"Pt;プラチナ,Pt"
Mapping/Input/Flowlists/IDEA_EFv2.3.csv,IDEA_EFv2.3,,sulfur,Resources/ground/Non-renewable element resources,kg,,"S;硫黄（資源）;S reserves;sulphur reserves,S;S reserves;sulphur reserves"
Mapping/Input/Flowlists/IDEA_EFv2.3.csv,IDEA_EFv2.3,,antimony,Resources/ground/Non-renewable element resources,kg,,"Sb;アンチモン（資源）;Sb reserves;antimony reserves,Sb;アンチモン（資源）;Sb reserves;antimony reserves"
Mapping/Input/Flowlists/IDEA_EFv2.3.csv,IDEA_EFv2.3,,selenium,Resources/ground/Non-renewable element resources,kg,,"Se;セレン;Se;selenium,Se;セレン;Se;selenium"
Mapping/Input/Flowlists/IDEA_EFv2.3.csv,IDEA_EFv2.3,,samarium,Resources/ground/Non-renewable element resources,kg,,"Sm;サマリウム（資源）;Sm reserves;samarium reserves,Sm;サマリウム（資源）;Sm reserves;samarium reserves"
Mapping/Input/Flowlists/IDEA_EFv2.3.csv,IDEA_EFv2.3,,tantalum,Resources/ground/Non-renewable element resources,kg,,"Ta;タンタル（資源）;Ta reserves;tantalum reserves,Ta;タンタル（資源）;Ta reserves;tantalum reserves"
Mapping/Input/Flowlists/IDEA_EFv2.3.csv,IDEA_EFv2.3,,tellurium,Resources/ground/Non-renewable element resources,kg,,"Te;テルル（資源）;Te reserves;tellurium reserves,Te;テルル（資源）;Te reserves;tellurium reserves"
Mapping/Input/Flowlists/IDEA_EFv2.3.csv,IDEA_EFv2.3,,titanium,Resources/ground/Non-renewable element resources,kg,,"Ti;チタン（資源）;Ti reserves;titanium reserves,Ti;チタン（資源）;Ti reserves;titanium reserves"
Mapping/Input/Flowlists/IDEA_EFv2.3.csv,IDEA_EFv2.3,,uranium,Resources/ground/Non-renewable element resources,kg,,"U;ウラン（資源）;U reserves;uranium reserves,U;ウラン（資源）;U reserves;uranium reserves"
Mapping/Input/Flowlists/IDEA_EFv2.3.csv,IDEA_EFv2.3,,vanadium,Resources/ground/Non-renewable element resources,kg,,"V;バナジウム（資源）;V reserves;vanadium reserves,V;バナジウム（資源）;V reserves;vanadium reserves"
Mapping/Input/Flowlists/IDEA_EFv2.3.csv,IDEA_EFv2.3,,tungsten,Resources/ground/Non-renewable element resources,kg,,"W;タングステン（資源）;W reserves;tungsten reserves,W;タングステン（資源）;W reserves;tungsten reserves"
Mapping/Input/Flowlists/IDEA_EFv2.3.csv,IDEA_EFv2.3,,zinc,Resources/ground/Non-renewable element resources,kg,,"Zn;亜鉛（資源）;Zn reserves;zinc reserves,Zn;亜鉛（資源）;Zn reserves;zinc reserves"
Mapping/Input/Flowlists/IDEA_EFv2.3.csv,IDEA_EFv2.3,,zirconium,Resources/ground/Non-renewable element resources,kg,,"Zr;ジルコニウム（資源）;Zr reserves;zirconium reserves,Zr;ジルコニウム（資源）;Zr reserves;zirconium reserves"
Mapping/Input/Flowlists/IDEA_EFv2.3.csv,IDEA_EFv2.3,,"metallurgical coal, 29.0MJ/kg",Resources/ground/Non-renewable energy resources,kg,,
Mapping/Input/Flowlists/IDEA_EFv2.3.csv,IDEA_EFv2.3,,"hard coal, 25.7MJ/kg",Resources/ground/Non-renewable energy resources,kg,,
Mapping/Input/Flowlists/IDEA_EFv2.3.csv,IDEA_EFv2.3,,"brown coal, 17.2MJ/kg",Resources/ground/Non-renewable energy resources,kg,,",lignite"
Mapping/Input/Flowlists/IDEA_EFv2.3.csv,IDEA_EFv2.3,,"crude oil, 44.7MJ/kg",Resources/ground/Non-renewable energy resources,kg,,
Mapping/Input/Flowlists/IDEA_EFv2.3.csv,IDEA_EFv2.3,,"natural gas, 54.6MJ/kg",Resources/ground/Non-renewable energy resources,kg,,
Mapping/Input/Flowlists/IDEA_EFv2.3.csv,IDEA_EFv2.3,,"Natural Gas Liquids, 46.5MJ/kg",Resources/ground/Non-renewable energy resources,kg,,"NGL,NGL"
Mapping/Input/Flowlists/IDEA_EFv2.3.csv,IDEA_EFv2.3,,geothermal energy,Resources/ground/Renewable energy resources,MJ,,
Mapping/Input/Flowlists/IDEA_EFv2.3.csv,IDEA_EFv2.3,,kaolin,Resources/ground/Non-renewable material resources,kg,,"Al2(Si2O5)(OH2);Aluminum silicate dihydrate,Al2(Si2O5)(OH2);Aluminum silicate dihydrate"
Mapping/Input/Flowlists/IDEA_EFv2.3.csv,IDEA_EFv2.3,,rock salt,Resources/ground/Non-renewable material resources,kg,,"NaCl;rock salt;岩塩,NaCl;rock salt;岩塩"
Mapping/Input/Flowlists/IDEA_EFv2.3.csv,IDEA_EFv2.3,,"rock, except limestone",Resources/ground/Non-renewable material resources,kg,,"岩石;rock (except limestone);rock,rock (except limestone);rock"
Mapping/Input/Flowlists/IDEA_EFv2.3.csv,IDEA_EFv2.3,,quartz sand,Resources/ground/Non-renewable material resources,kg,,"珪砂;けい砂;SiO2;Silicon dioxide,SiO2;Silicon dioxide"
Mapping/Input/Flowlists/IDEA_EFv2.3.csv,IDEA_EFv2.3,,diatomite,Resources/ground/Non-renewable material resources,kg,,"けいそう岩;けいそう土;SiO2;Diatomaceous silica,SiO2;Diatomaceous silica"
Mapping/Input/Flowlists/IDEA_EFv2.3.csv,IDEA_EFv2.3,,graphite ore,Resources/ground/Non-renewable material resources,kg,,"グラファイト;炭素;C;graphite,グラファイト;炭素;C;graphite"
Mapping/Input/Flowlists/IDEA_EFv2.3.csv,IDEA_EFv2.3,,limestone,Resources/ground/Non-renewable material resources,kg,,"CaCO3;colloidal calcium carbonate,CaCO3;colloidal calcium carbonate"
Mapping/Input/Flowlists/IDEA_EFv2.3.csv,IDEA_EFv2.3,,talc,Resources/ground/Non-renewable material resources,kg,,"滑石;Mg3Si4O10(OH2)2,Mg3Si4O10(OH2)2"
Mapping/Input/Flowlists/IDEA_EFv2.3.csv,IDEA_EFv2.3,,feldspar,Resources/ground/Non-renewable material resources,kg,,"Na-K-(AlSi3O8),Na-K-(AlSi3O8)"
Mapping/Input/Flowlists/IDEA_EFv2.3.csv,IDEA_EFv2.3,,dolomite,Resources/ground/Non-renewable material resources,kg,,"CaMg(CO3)2,CaMg(CO3)2"
Mapping/Input/Flowlists/IDEA_EFv2.3.csv,IDEA_EFv2.3,,clay,Resources/ground/Non-renewable material resources,kg,,
Mapping/Input/Flowlists/IDEA_EFv2.3.csv,IDEA_EFv2.3,,bentonite,Resources/ground/Non-renewable material resources,kg,,"Al2O3.4(SiO2).H2O,Al2O3.4(SiO2).H2O"
Mapping/Input/Flowlists/IDEA_EFv2.3.csv,IDEA_EFv2.3,,borax,Resources/ground/Non-renewable material resources,kg,,"Na2B4O7.10H2O,Na2B4O7.10H2O"
Mapping/Input/Flowlists/IDEA_EFv2.3.csv,IDEA_EFv2.3,,fluorspar,Resources/ground/Non-renewable material resources,kg,,"CaF2,CaF2"
Mapping/Input/Flowlists/IDEA_EFv2.3.csv,IDEA_EFv2.3,,sodium carbonate,Resources/ground/Non-renewable material resources,kg,,"Na2CO3;Soda;炭酸ソーダ,Na2CO3;Soda;炭酸ソーダ"
Mapping/Input/Flowlists/IDEA_EFv2.3.csv,IDEA_EFv2.3,,silica stone,Resources/ground/Non-renewable material resources,kg,,"けい石;ケイ石,"
Mapping/Input/Flowlists/IDEA_EFv2.3.csv,IDEA_EFv2.3,,marble,Resources/ground/Non-renewable material resources,kg,,
Mapping/Input/Flowlists/IDEA_EFv2.3.csv,IDEA_EFv2.3,,pit sand,Resources/ground/Non-renewable material resources,kg,,"山砂,"
Mapping/Input/Flowlists/IDEA_EFv2.3.csv,IDEA_EFv2.3,,sand (sea and river),Resources/ground/Non-renewable material resources,kg,,"海砂;川砂,"
Mapping/Input/Flowlists/IDEA_EFv2.3.csv,IDEA_EFv2.3,,serpentine,Resources/ground/Non-renewable material resources,kg,,"蛇紋石;antigorite;chrysolite;lizardite,antigorite;chrysolite;lizardite"
Mapping/Input/Flowlists/IDEA_EFv2.3.csv,IDEA_EFv2.3,,peridotite,Resources/ground/Non-renewable material resources,kg,,
Mapping/Input/Flowlists/IDEA_EFv2.3.csv,IDEA_EFv2.3,,pyrophyllite,Resources/ground/Non-renewable material resources,kg,,"pyrophyllite;mellite,"
Mapping/Input/Flowlists/IDEA_EFv2.3.csv,IDEA_EFv2.3,,cryolite,Resources/ground/Non-renewable material resources,kg,,"ヘキサフルオロアルミン酸ナトリウム;Na3AlF6;Greenland spar;ice stone,Na3AlF6;Greenland spar;ice stone"
Mapping/Input/Flowlists/IDEA_EFv2.3.csv,IDEA_EFv2.3,,acid clay,Resources/ground/Non-renewable material resources,kg,,"acid earth,"
Mapping/Input/Flowlists/IDEA_EFv2.3.csv,IDEA_EFv2.3,,diamond,Resources/ground/Non-renewable material resources,kg,,
Mapping/Input/Flowlists/IDEA_EFv2.3.csv,IDEA_EFv2.3,,Mineral resources from the ground of the other,Resources/ground/Non-renewable material resources,kg,,
Mapping/Input/Flowlists/IDEA_EFv2.3.csv,IDEA_EFv2.3,,"wood, Japan, artificial forest, without reforestation",Resources/ground/Renewable material resources,kg,,人工林⇒裸地（ 再造林放 棄）
Mapping/Input/Flowlists/IDEA_EFv2.3.csv,IDEA_EFv2.3,,"wood, Japan, artificial forest, reforestation",Resources/ground/Renewable material resources,kg,,人工林⇒人工林
Mapping/Input/Flowlists/IDEA_EFv2.3.csv,IDEA_EFv2.3,,natural latex,Resources/ground/Renewable material resources,kg,,
Mapping/Input/Flowlists/IDEA_EFv2.3.csv,IDEA_EFv2.3,,air,Resources/air/Renewable material resources,kg,,
Mapping/Input/Flowlists/IDEA_EFv2.3.csv,IDEA_EFv2.3,,carbon dioxide,Resources/air/Renewable material resources,kg,,"CO2;二酸化炭素;CO2;carbon dioxide,CO2;二酸化炭素;CO2;carbon dioxide"
Mapping/Input/Flowlists/IDEA_EFv2.3.csv,IDEA_EFv2.3,,primary energy from solar energy,Resources/air/Renewable energy resources,MJ,,
Mapping/Input/Flowlists/IDEA_EFv2.3.csv,IDEA_EFv2.3,,primary energy from wind power,Resources/air/Renewable energy resources,MJ,,
Mapping/Input/Flowlists/IDEA_EFv2.3.csv,IDEA_EFv2.3,,surface water,Resources/water/withdrawal,m3,,"H2O,H2O"
Mapping/Input/Flowlists/IDEA_EFv2.3.csv,IDEA_EFv2.3,,surface water,Resources/water/use,m3,,"H2O,H2O"
Mapping/Input/Flowlists/IDEA_EFv2.3.csv,IDEA_EFv2.3,,surface water,Resources/water/consumption,m3,,"H2O,H2O"
Mapping/Input/Flowlists/IDEA_EFv2.3.csv,IDEA_EFv2.3,,sea water,Resources/water/withdrawal,m3,,"H2O,H2O"
Mapping/Input/Flowlists/IDEA_EFv2.3.csv,IDEA_EFv2.3,,sea water,Resources/water/use,m3,,"H2O,H2O"
Mapping/Input/Flowlists/IDEA_EFv2.3.csv,IDEA_EFv2.3,,sea water,Resources/water/consumption,m3,,"H2O,H2O"
Mapping/Input/Flowlists/IDEA_EFv2.3.csv,IDEA_EFv2.3,,ground water,Resources/water/withdrawal,m3,,"H2O,H2O"
Mapping/Input/Flowlists/IDEA_EFv2.3.csv,IDEA_EFv2.3,,ground water,Resources/water/use,m3,,"H2O,H2O"
Mapping/Input/Flowlists/IDEA_EFv2.3.csv,IDEA_EFv2.3,,ground water,Resources/water/consumption,m3,,"H2O,H2O"
Mapping/Input/Flowlists/IDEA_EFv2.3.csv,IDEA_EFv2.3,,brine,Resources/water/withdrawal,m3,,
Mapping/Input/Flowlists/IDEA_EFv2.3.csv,IDEA_EFv2.3,,rain water,Resources/water/withdrawal,m3,,"雨水,rainwater"
Mapping/Input/Flowlists/IDEA_EFv2.3.csv,IDEA_EFv2.3,,rain water,Resources/water/use,m3,,"雨水,rainwater"
Mapping/Input/Flowlists/IDEA_EFv2.3.csv,IDEA_EFv2.3,,primary energy from hydro power,Resources/water/Renewable energy resources,MJ,,
Mapping/Input/Flowlists/IDEA_EFv2.3.csv,IDEA_EFv2.3,,primary energy from waves,Resources/water/Renewable energy resources,MJ,,
Mapping/Input/Flowlists/IDEA_EFv2.3.csv,IDEA_EFv2.3,,arsenic,Emissions/air/unspecified,kg,,"As;ヒ素;As;arsenic,As;ヒ素;As;arsenic"
Mapping/Input/Flowlists/IDEA_EFv2.3.csv,IDEA_EFv2.3,,CFC-10,Emissions/air/unspecified,kg,,"CCl4;Tetrachloromethane;テトラクロロメタン;CCl4;パークロロメタン;carbon tetrachloride;tetrachloromethane;CCl4;perchloromethane,CCl4;Tetrachloromethane;テトラクロロメタン;CCl4;パークロロメタン;carbon tetrachloride;tetrachloromethane;CCl4;perchloromethane"
Mapping/Input/Flowlists/IDEA_EFv2.3.csv,IDEA_EFv2.3,,cadmium,Emissions/air/unspecified,kg,,"Cd;カドミウム;Cd;cadmium,Cd;カドミウム;Cd;cadmium"
Mapping/Input/Flowlists/IDEA_EFv2.3.csv,IDEA_EFv2.3,,methane,Emissions/air/unspecified,kg,,"CH4;メタン;メチルヒドリド;CH4;methane;methyl hydride,CH4;メタン;メチルヒドリド;CH4;methane;methyl hydride"
Mapping/Input/Flowlists/IDEA_EFv2.3.csv,IDEA_EFv2.3,,methane (biogenic),Emissions/air/unspecified,kg,,"CH4;CH4 (biogenic);メタン;メチルヒドリド;CH4;methane;methyl hydride,CH4;CH4 (biogenic);メタン;メチルヒドリド;CH4;methane;methyl hydride"
Mapping/Input/Flowlists/IDEA_EFv2.3.csv,IDEA_EFv2.3,,methane (fossil),Emissions/air/unspecified,kg,,"CH4;CH4 (fossil);メタン;メチルヒドリド;CH4;methane;methyl hydride,CH4;CH4 (fossil);メタン;メチルヒドリド;CH4;methane;methyl hydride"
Mapping/Input/Flowlists/IDEA_EFv2.3.csv,IDEA_EFv2.3,,chlorine,Emissions/air/unspecified,kg,,"Cl2;塩素（資源）;Cl2 reserves;chlorine reserves,Cl2;塩素（資源）;Cl2 reserves;chlorine reserves"
Mapping/Input/Flowlists/IDEA_EFv2.3.csv,IDEA_EFv2.3,,carbon monoxide,Emissions/air/unspecified,kg,,"CO;一酸化炭素;CO;carbon monoxide,CO;一酸化炭素;CO;carbon monoxide"
Mapping/Input/Flowlists/IDEA_EFv2.3.csv,IDEA_EFv2.3,,carbon dioxide,Emissions/air/unspecified,kg,,"CO2;二酸化炭素;CO2;carbon dioxide,CO2;二酸化炭素;CO2;carbon dioxide"
Mapping/Input/Flowlists/IDEA_EFv2.3.csv,IDEA_EFv2.3,,carbon dioxide (biogenic),Emissions/air/unspecified,kg,,"CO2;CO2 (biogenic);二酸化炭素;CO2;carbon dioxide,CO2;CO2 (biogenic);二酸化炭素;CO2;carbon dioxide"
Mapping/Input/Flowlists/IDEA_EFv2.3.csv,IDEA_EFv2.3,,carbon dioxide (fossil),Emissions/air/unspecified,kg,,"CO2;CO2 (fossil);二酸化炭素;CO2;carbon dioxide,CO2;CO2 (fossil);二酸化炭素;CO2;carbon dioxide"
Mapping/Input/Flowlists/IDEA_EFv2.3.csv,IDEA_EFv2.3,,chromium,Emissions/air/unspecified,kg,,"Cr;Cr;chromium;chromium reserves,Cr;Cr;chromium;chromium reserves"
Mapping/Input/Flowlists/IDEA_EFv2.3.csv,IDEA_EFv2.3,,HCFC-141b,Emissions/air/unspecified,kg,,"C2Cl2H3F;1,1-dichloro-1-fluoroethane;1,1-ジクロロ-1-フルオロエタン;HCFC-141b;1,1-dichloro-1-fluoroethane,C2Cl2H3F;1,1-dichloro-1-fluoroethane;1,1-ジクロロ-1-フルオロエタン;HCFC-141b;1,1-dichloro-1-fluoroethane"
Mapping/Input/Flowlists/IDEA_EFv2.3.csv,IDEA_EFv2.3,,hydrogen chloride,Emissions/air/unspecified,kg,,"HCl;HCl;塩酸;hydrogen chloride;HCl;hydrochloric acid,HCl;HCl;塩酸;hydrogen chloride;HCl;hydrochloric acid"
Mapping/Input/Flowlists/IDEA_EFv2.3.csv,IDEA_EFv2.3,,HFC-134a,Emissions/air/unspecified,kg,,"C2H2F4;1,1,1,2-tetrafluoroethane;1,1,1,2-テトラフルオロエタン;HFC-134a;1,1,1,2-tetrafluoroethane,C2H2F4;1,1,1,2-tetrafluoroethane;1,1,1,2-テトラフルオロエタン;HFC-134a;1,1,1,2-tetrafluoroethane"
Mapping/Input/Flowlists/IDEA_EFv2.3.csv,IDEA_EFv2.3,,mercury,Emissions/air/unspecified,kg,,"Hg;Hg;mercury,Hg;Hg;mercury"
Mapping/Input/Flowlists/IDEA_EFv2.3.csv,IDEA_EFv2.3,,manganese,Emissions/air/unspecified,kg,,"Mn;マンガン（資源）;Mn reserves;manganese reserves,Mn;マンガン（資源）;Mn reserves;manganese reserves"
Mapping/Input/Flowlists/IDEA_EFv2.3.csv,IDEA_EFv2.3,,nitrous oxide,Emissions/air/unspecified,kg,,"N2O;Laughing gas; Dinitrogen monoxide;亜酸化窒素;一酸化二窒素;N2O;nitrous oxide;dinitrogen monoxide,N2O;Laughing gas; Dinitrogen monoxide;亜酸化窒素;一酸化二窒素;N2O;nitrous oxide;dinitrogen monoxide"
Mapping/Input/Flowlists/IDEA_EFv2.3.csv,IDEA_EFv2.3,,nickel,Emissions/air/unspecified,kg,,"Ni;Ni;nickel;Ni,Ni;Ni;nickel;Ni"
Mapping/Input/Flowlists/IDEA_EFv2.3.csv,IDEA_EFv2.3,,non-methane volatile organic compounds,Emissions/air/unspecified,kg,,"NMVOC,NMVOC"
Mapping/Input/Flowlists/IDEA_EFv2.3.csv,IDEA_EFv2.3,,NOx,Emissions/air/urban air close to ground,kg,,"窒素酸化物;NOx;nitrogen oxides,窒素酸化物;NOx;nitrogen oxides"
Mapping/Input/Flowlists/IDEA_EFv2.3.csv,IDEA_EFv2.3,,NOx,Emissions/air/urban high stacks,kg,,
Mapping/Input/Flowlists/IDEA_EFv2.3.csv,IDEA_EFv2.3,,NOx,Emissions/air/non-urban,kg,,
Mapping/Input/Flowlists/IDEA_EFv2.3.csv,IDEA_EFv2.3,,lead,Emissions/air/unspecified,kg,,"Pb;鉛;Pb;lead,Pb;鉛;Pb;lead"
Mapping/Input/Flowlists/IDEA_EFv2.3.csv,IDEA_EFv2.3,,Particulates (PM2.5),Emissions/air/urban air close to ground,kg,,
Mapping/Input/Flowlists/IDEA_EFv2.3.csv,IDEA_EFv2.3,,Particulates (PM2.5),Emissions/air/urban high stacks,kg,,
Mapping/Input/Flowlists/IDEA_EFv2.3.csv,IDEA_EFv2.3,,Particulates (PM2.5),Emissions/air/non-urban,kg,,
Mapping/Input/Flowlists/IDEA_EFv2.3.csv,IDEA_EFv2.3,,sulfur hexafluoride,Emissions/air/unspecified,kg,,"SF6;Sulphur hexafluoride;六フッ化硫黄;SF6;sulphur hexafluoride,SF6;Sulphur hexafluoride;六フッ化硫黄;SF6;sulphur hexafluoride"
Mapping/Input/Flowlists/IDEA_EFv2.3.csv,IDEA_EFv2.3,,sulfur dioxide,Emissions/air/urban air close to ground,kg,,
Mapping/Input/Flowlists/IDEA_EFv2.3.csv,IDEA_EFv2.3,,sulfur dioxide,Emissions/air/urban high stacks,kg,,
Mapping/Input/Flowlists/IDEA_EFv2.3.csv,IDEA_EFv2.3,,sulfur dioxide,Emissions/air/non-urban,kg,,
Mapping/Input/Flowlists/IDEA_EFv2.3.csv,IDEA_EFv2.3,,SOx,Emissions/air/urban high stacks,kg,,
Mapping/Input/Flowlists/IDEA_EFv2.3.csv,IDEA_EFv2.3,,SOx,Emissions/air/non-urban,kg,,
Mapping/Input/Flowlists/IDEA_EFv2.3.csv,IDEA_EFv2.3,,vanadium,Emissions/air/unspecified,kg,,"V;バナジウム（資源）;V reserves;vanadium reserves,V;バナジウム（資源）;V reserves;vanadium reserves"
Mapping/Input/Flowlists/IDEA_EFv2.3.csv,IDEA_EFv2.3,,volatile organic compound,Emissions/air/unspecified,kg,,"VOC,VOC"
Mapping/Input/Flowlists/IDEA_EFv2.3.csv,IDEA_EFv2.3,,zinc,Emissions/air/unspecified,kg,,"Zn;亜鉛（資源）;Zn reserves;zinc reserves,Zn;亜鉛（資源）;Zn reserves;zinc reserves"
Mapping/Input/Flowlists/IDEA_EFv2.3.csv,IDEA_EFv2.3,,PFC-116,Emissions/air/unspecified,kg,,"C2F6;Hexafluoroethane;ヘキサフルオロエタン;F116;PFC-116;perfluoroethane;hexafluoroethane;F116;PFC-116,C2F6;Hexafluoroethane;ヘキサフルオロエタン;F116;PFC-116;perfluoroethane;hexafluoroethane;F116;PFC-116"
Mapping/Input/Flowlists/IDEA_EFv2.3.csv,IDEA_EFv2.3,,PFC-14,Emissions/air/unspecified,kg,,"CF4;Carbon tetrafluoride;テトラフルオロメタン;四フッ化炭素;PFC-14;perfluoromethane;tetrafluoromethane;carbon tetrafluoride;PFC-14,CF4;Carbon tetrafluoride;テトラフルオロメタン;四フッ化炭素;PFC-14;perfluoromethane;tetrafluoromethane;carbon tetrafluoride;PFC-14"
Mapping/Input/Flowlists/IDEA_EFv2.3.csv,IDEA_EFv2.3,,hydrogen fluoride,Emissions/air/unspecified,kg,,"HF;フッ化水素酸;HF;hydrogen fluoride;hydrofluoric acid;HF,HF;フッ化水素酸;HF;hydrogen fluoride;hydrofluoric acid;HF"
Mapping/Input/Flowlists/IDEA_EFv2.3.csv,IDEA_EFv2.3,,hydrocarbons,Emissions/air/unspecified,kg,,CxHy;hydrocarbons
Mapping/Input/Flowlists/IDEA_EFv2.3.csv,IDEA_EFv2.3,,transpiration_surface water,Resources/water/consumption,m3,,"蒸発散_表層水,evapotranspiration_surface water"
Mapping/Input/Flowlists/IDEA_EFv2.3.csv,IDEA_EFv2.3,,transpiration_ground water,Resources/water/consumption,m3,,"蒸発散_地下水,evapotranspiration_ground water"
Mapping/Input/Flowlists/IDEA_EFv2.3.csv,IDEA_EFv2.3,,transpiration rain water,Resources/water/consumption,m3,,"蒸発散_雨水,evapotranspiration_rainwater"
Mapping/Input/Flowlists/IDEA_EFv2.3.csv,IDEA_EFv2.3,,diuron,Emissions/air/unspecified,kg,,"C9H10Cl2N2O;1,1-dimethyl-3-(3,4-Dichlorophenyl)urea;ジウロン;DCMU;3-(3,4-dichlorophenyl)-1,1-dimethylurea;diuron;DCMU,C9H10Cl2N2O;1,1-dimethyl-3-(3,4-Dichlorophenyl)urea;DCMU;3-(3,4-dichlorophenyl)-1,1-dimethylurea;diuron;DCMU"
Mapping/Input/Flowlists/IDEA_EFv2.3.csv,IDEA_EFv2.3,,mancozeb,Emissions/air/unspecified,kg,,"C4H6MnN2S4;マンコゼブ;complex compounds of manganese manganese N,N'-ethylenebis(dithiocarbamate) and zinc N,N'-ethylenebis(dithiocarbamate);mancozeb,C4H6MnN2S4;マンコゼブ;complex compounds of manganese manganese N,N'-ethylenebis(dithiocarbamate) and zinc N,N'-ethylenebis(dithiocarbamate);mancozeb"
Mapping/Input/Flowlists/IDEA_EFv2.3.csv,IDEA_EFv2.3,,malathion,Emissions/air/unspecified,kg,,"C10H19O6PS2;1,2-di(ethoxycarbonyl)ethyl O,O-dimethyl phosphorodithioate;1,2-ジ(エトキシカルボニル)エチル O,O-ジメチルホスホロジチオアート;マラチオン;O,O-dimethyl-S-(1,2-dicarbethoxyethyl) phosphorodithioate;1,2-di(ethoxycarbonyl)ethyl O,O-dimethyl phosphorodithioate;malathion,C10H19O6PS2;1,2-di(ethoxycarbonyl)ethyl O,O-dimethyl phosphorodithioate;1,2-ジ(エトキシカルボニル)エチル O,O-ジメチルホスホロジチオアート;マラチオン;O,O-dimethyl-S-(1,2-dicarbethoxyethyl) phosphorodithioate;1,2-di(ethoxycarbonyl)ethyl O,O-dimethyl phosphorodithioate;malathion"
Mapping/Input/Flowlists/IDEA_EFv2.3.csv,IDEA_EFv2.3,,copper,Emissions/air/unspecified,kg,,
Mapping/Input/Flowlists/IDEA_EFv2.3.csv,IDEA_EFv2.3,,cobalt,Emissions/air/unspecified,kg,,Co;コバルト（資源）;Co reserves;cobalt reserves
Mapping/Input/Flowlists/IDEA_EFv2.3.csv,IDEA_EFv2.3,,"2,3,7,8-tetrachlorodibenzo-p-dioxin",Emissions/air/unspecified,kg,,"C12H4Cl4O2;2,3,7,8 - TCDD;2,3,7,8-TCDD;ダイオキシン;2,3,7,8-tetrachlorodibenzo-p-dioxin;2,3,7,8-TCDD;dioxin,C12H4Cl4O2;2,3,7,8 - TCDD;2,3,7,8-TCDD;2,3,7,8-tetrachlorodibenzo-p-dioxin;2,3,7,8-TCDD;dioxin"
Mapping/Input/Flowlists/IDEA_EFv2.3.csv,IDEA_EFv2.3,,metolachlor,Emissions/air/unspecified,kg,,"C15H22ClNO2;2-chloro-6'-ethyl-N-(2-methoxy-1-methylethyl)-o-acetoluidide;メトラクロール;2-chloro-2'-ethyl-N-(2-methoxy-1-methylethyl)-6'-methylacetanilide;metolachlor,C15H22ClNO2;2-chloro-6'-ethyl-N-(2-methoxy-1-methylethyl)-o-acetoluidide;メトラクロール;2-chloro-2'-ethyl-N-(2-methoxy-1-methylethyl)-6'-methylacetanilide;metolachlor"
Mapping/Input/Flowlists/IDEA_EFv2.3.csv,IDEA_EFv2.3,,chlorothalonil,Emissions/air/unspecified,kg,,"C8Cl4N2;1,3-dicyano-2,4,5,6-tetrachlorobenzene;クロロタロニル;TPN;tetrachloroisophthalonitrile;chlorothalonil;TPN,C8Cl4N2;1,3-dicyano-2,4,5,6-tetrachlorobenzene;クロロタロニル;TPN;tetrachloroisophthalonitrile;chlorothalonil;TPN"
Mapping/Input/Flowlists/IDEA_EFv2.3.csv,IDEA_EFv2.3,,diazinon,Emissions/air/unspecified,kg,,"C12H21N2O3PS;O,O-diethyl O-(2-isopropyl-4-methyl-6-pyrimidinyl) thiophosphoric acid;ダイアジノン;O,O-diethyl O-2-isopropyl-6-methyl-4-pyrimidinyl phosphorothioate;diazinon,C12H21N2O3PS;O,O-diethyl O-(2-isopropyl-4-methyl-6-pyrimidinyl) thiophosphoric acid;ダイアジノン;O,O-diethyl O-2-isopropyl-6-methyl-4-pyrimidinyl phosphorothioate;diazinon"
Mapping/Input/Flowlists/IDEA_EFv2.3.csv,IDEA_EFv2.3,,thiobencarb,Emissions/air/unspecified,kg,,"C12H16ClNOS;4-chlorobenzyl diethylthiolcarbamate;Ｎ,Ｎ-ジエチルチオカルバミン酸S-4-クロロベンジル;チオベンカルブ;ベンチオカルブ;S-4-chlorobenzyl n,n-diethylthiocarbamate;N,N-diethylthiocarbamate;thiobencarb;benthiocarb,C12H16ClNOS;4-chlorobenzyl diethylthiolcarbamate;Ｎ,Ｎ-ジエチルチオカルバミン酸S-4-クロロベンジル;チオベンカルブ;ベンチオカルブ;S-4-chlorobenzyl n,n-diethylthiocarbamate;N,N-diethylthiocarbamate;thiobencarb;benthiocarb"
Mapping/Input/Flowlists/IDEA_EFv2.3.csv,IDEA_EFv2.3,,permethrin,Emissions/air/unspecified,kg,,"C21H20Cl2O3;ペルメトリン;3-phenoxybenzyl 3-(2,2-dichlorovinyl)-2,2-dimethylcyclopropanecarboxylate;permethrin,C21H20Cl2O3;ペルメトリン;3-phenoxybenzyl 3-(2,2-dichlorovinyl)-2,2-dimethylcyclopropanecarboxylate;permethrin"
Mapping/Input/Flowlists/IDEA_EFv2.3.csv,IDEA_EFv2.3,,"1,3-dichloropropene",Emissions/air/unspecified,kg,,"C3H4Cl2;1,3-ジクロロ-1-プロピレン;D-D;1,3-dichloropropene;1,3-dichloro-1-propylene;D-D,C3H4Cl2;D-D;1,3-dichloropropene;1,3-dichloro-1-propylene;D-D"
Mapping/Input/Flowlists/IDEA_EFv2.3.csv,IDEA_EFv2.3,,Halon-1001,Emissions/air/unspecified,kg,,"CH3Br;Bromomethane;臭化メチル;モノブロモメタン;bromomethane;methyl bromide;monobromomethane,CH3Br;Bromomethane;臭化メチル;モノブロモメタン;bromomethane;methyl bromide;monobromomethane"
Mapping/Input/Flowlists/IDEA_EFv2.3.csv,IDEA_EFv2.3,,CFC-11,Emissions/air/unspecified,kg,,CCl3F;Trichlorofluoromethane;トリクロロフルオロメタン;フロン11;R-11;CFC-11;trichlorofluoromethane;F-11;R-11
Mapping/Input/Flowlists/IDEA_EFv2.3.csv,IDEA_EFv2.3,,CFC-113,Emissions/air/unspecified,kg,,"C2Cl3F3;1,1,2-trichloro-1,2,2-trifluoroethane"
Mapping/Input/Flowlists/IDEA_EFv2.3.csv,IDEA_EFv2.3,,CFC-12,Emissions/air/unspecified,kg,,CCl2F2;Dichlorodifluoromethane;ジクロロジフルオロメタン;CFC-12;dichlorodifluoromethane
Mapping/Input/Flowlists/IDEA_EFv2.3.csv,IDEA_EFv2.3,,Halon-1301,Emissions/air/unspecified,kg,,CBrF3;Bromotrifluoromethane ;ブロモトリフルオロメタン;トリフルオロブロモメタン;HALON-1301;bromotrifluoromethane;trifluorobromomethane
Mapping/Input/Flowlists/IDEA_EFv2.3.csv,IDEA_EFv2.3,,HCFC-123,Emissions/air/unspecified,kg,,"C2HCl2F3;2,2-dichloro-1,1,1-tri-fluoroethane;2,2-ジクロロ-1,1,1-トリフルオロエタン;1,1-ジクロロ-2,2,2-トリフルオロエタン;HCFC-123;2,2-dichloro-1,1,1-trifluoroethane;1,1-dichloro-2,2,2-trifluoroethane"
Mapping/Input/Flowlists/IDEA_EFv2.3.csv,IDEA_EFv2.3,,HCFC-124,Emissions/air/unspecified,kg,,"C2HClF4;2-chloro-1,1,1,2-tetrafluoroethane"
Mapping/Input/Flowlists/IDEA_EFv2.3.csv,IDEA_EFv2.3,,HCFC-140,Emissions/air/unspecified,kg,,"C2H3Cl3;1,1,1-trichloroethane;メチルクロロホルム;クロロテン;1,1,1-trichloroethane;methyl chloroform;chlorothene"
Mapping/Input/Flowlists/IDEA_EFv2.3.csv,IDEA_EFv2.3,,HCFC-142b,Emissions/air/unspecified,kg,,"C2H3ClF2;1-chloro-1,1-difluoroethane;1-クロロ-1,1-ジフルオロエタン;1,1,1-クロロジフルオロエタン;1,1-ジフルオロ-1-クロロエタン;HCFC-142b;1-chloro-1,1-difluoroethane;1,1,1-chlorodifluoroethane;1,1-difluoro-1-chloroethane"
Mapping/Input/Flowlists/IDEA_EFv2.3.csv,IDEA_EFv2.3,,HCFC-22,Emissions/air/unspecified,kg,,CHClF2;Chlorodifluoromethane;クロロジフルオロメタン;ジフルオロクロロメタン;HCFC-22;chlorodifluoromethane;difluorochloromethane
Mapping/Input/Flowlists/IDEA_EFv2.3.csv,IDEA_EFv2.3,,(phenoxymethyl)-oxirane,Emissions/air/unspecified,kg,,
Mapping/Input/Flowlists/IDEA_EFv2.3.csv,IDEA_EFv2.3,,"1,1,2-trichloroethane",Emissions/air/unspecified,kg,,
Mapping/Input/Flowlists/IDEA_EFv2.3.csv,IDEA_EFv2.3,,"1,1-dichloroethylene",Emissions/air/unspecified,kg,,
Mapping/Input/Flowlists/IDEA_EFv2.3.csv,IDEA_EFv2.3,,"1,2,4-trimethylbenzene",Emissions/air/unspecified,kg,,
Mapping/Input/Flowlists/IDEA_EFv2.3.csv,IDEA_EFv2.3,,"1,2-benzenediol",Emissions/air/unspecified,kg,,
Mapping/Input/Flowlists/IDEA_EFv2.3.csv,IDEA_EFv2.3,,"1,2-dichloroethane",Emissions/air/unspecified,kg,,
Mapping/Input/Flowlists/IDEA_EFv2.3.csv,IDEA_EFv2.3,,"1,2-dichloropropane",Emissions/air/unspecified,kg,,
Mapping/Input/Flowlists/IDEA_EFv2.3.csv,IDEA_EFv2.3,,"1,3,5-trimethylbenzene",Emissions/air/unspecified,kg,,
Mapping/Input/Flowlists/IDEA_EFv2.3.csv,IDEA_EFv2.3,,"1,4-dioxane",Emissions/air/unspecified,kg,,
Mapping/Input/Flowlists/IDEA_EFv2.3.csv,IDEA_EFv2.3,,1-chloro-4-nitrobenzene,Emissions/air/unspecified,kg,,
Mapping/Input/Flowlists/IDEA_EFv2.3.csv,IDEA_EFv2.3,,1-octanol,Emissions/air/unspecified,kg,,
Mapping/Input/Flowlists/IDEA_EFv2.3.csv,IDEA_EFv2.3,,"2,4,6-tribromophenol",Emissions/air/unspecified,kg,,
Mapping/Input/Flowlists/IDEA_EFv2.3.csv,IDEA_EFv2.3,,"2,4/2,6-toluenediisocyanate (mixture)",Emissions/air/unspecified,kg,,
Mapping/Input/Flowlists/IDEA_EFv2.3.csv,IDEA_EFv2.3,,2-ethoxyethanol,Emissions/air/unspecified,kg,,
Mapping/Input/Flowlists/IDEA_EFv2.3.csv,IDEA_EFv2.3,,2-ethoxyethyl acetate,Emissions/air/unspecified,kg,,
Mapping/Input/Flowlists/IDEA_EFv2.3.csv,IDEA_EFv2.3,,2-methoxyethanol,Emissions/air/unspecified,kg,,
Mapping/Input/Flowlists/IDEA_EFv2.3.csv,IDEA_EFv2.3,,"4,4'-methylenebis-(2-chlorobenzenamine",Emissions/air/unspecified,kg,,
Mapping/Input/Flowlists/IDEA_EFv2.3.csv,IDEA_EFv2.3,,"4,4'-methylenedianiline",Emissions/air/unspecified,kg,,
Mapping/Input/Flowlists/IDEA_EFv2.3.csv,IDEA_EFv2.3,,4-ethenylcyclohexene,Emissions/air/unspecified,kg,,
Mapping/Input/Flowlists/IDEA_EFv2.3.csv,IDEA_EFv2.3,,acenaphthene,Emissions/air/unspecified,kg,,
Mapping/Input/Flowlists/IDEA_EFv2.3.csv,IDEA_EFv2.3,,acetaldehyde,Emissions/air/unspecified,kg,,
Mapping/Input/Flowlists/IDEA_EFv2.3.csv,IDEA_EFv2.3,,acrolein,Emissions/air/unspecified,kg,,
Mapping/Input/Flowlists/IDEA_EFv2.3.csv,IDEA_EFv2.3,,acrylamide,Emissions/air/unspecified,kg,,
Mapping/Input/Flowlists/IDEA_EFv2.3.csv,IDEA_EFv2.3,,acrylic acid,Emissions/air/unspecified,kg,,
Mapping/Input/Flowlists/IDEA_EFv2.3.csv,IDEA_EFv2.3,,aniline,Emissions/air/unspecified,kg,,
Mapping/Input/Flowlists/IDEA_EFv2.3.csv,IDEA_EFv2.3,,anthracene,Emissions/air/unspecified,kg,,
Mapping/Input/Flowlists/IDEA_EFv2.3.csv,IDEA_EFv2.3,,antimony,Emissions/air/unspecified,kg,,
Mapping/Input/Flowlists/IDEA_EFv2.3.csv,IDEA_EFv2.3,,benzaldehyde,Emissions/air/unspecified,kg,,
Mapping/Input/Flowlists/IDEA_EFv2.3.csv,IDEA_EFv2.3,,benzene,Emissions/air/unspecified,kg,,
Mapping/Input/Flowlists/IDEA_EFv2.3.csv,IDEA_EFv2.3,,benzylchloride,Emissions/air/unspecified,kg,,
Mapping/Input/Flowlists/IDEA_EFv2.3.csv,IDEA_EFv2.3,,biphenyl,Emissions/air/unspecified,kg,,
Mapping/Input/Flowlists/IDEA_EFv2.3.csv,IDEA_EFv2.3,,butadiene,Emissions/air/unspecified,kg,,
Mapping/Input/Flowlists/IDEA_EFv2.3.csv,IDEA_EFv2.3,,butyl acrylate,Emissions/air/unspecified,kg,,
Mapping/Input/Flowlists/IDEA_EFv2.3.csv,IDEA_EFv2.3,,butyl benzyl phthalate,Emissions/air/unspecified,kg,,
Mapping/Input/Flowlists/IDEA_EFv2.3.csv,IDEA_EFv2.3,,caprolactam,Emissions/air/unspecified,kg,,
Mapping/Input/Flowlists/IDEA_EFv2.3.csv,IDEA_EFv2.3,,carbon disulfide,Emissions/air/unspecified,kg,,
Mapping/Input/Flowlists/IDEA_EFv2.3.csv,IDEA_EFv2.3,,chlorobenzene,Emissions/air/unspecified,kg,,
Mapping/Input/Flowlists/IDEA_EFv2.3.csv,IDEA_EFv2.3,,chloroform,Emissions/air/unspecified,kg,,
Mapping/Input/Flowlists/IDEA_EFv2.3.csv,IDEA_EFv2.3,,chromium VI,Emissions/air/unspecified,kg,,
Mapping/Input/Flowlists/IDEA_EFv2.3.csv,IDEA_EFv2.3,,"cis-1,2-dichloroethylene",Emissions/air/unspecified,kg,,
Mapping/Input/Flowlists/IDEA_EFv2.3.csv,IDEA_EFv2.3,,cresol,Emissions/air/unspecified,kg,,
Mapping/Input/Flowlists/IDEA_EFv2.3.csv,IDEA_EFv2.3,,cumene,Emissions/air/unspecified,kg,,
Mapping/Input/Flowlists/IDEA_EFv2.3.csv,IDEA_EFv2.3,,dazomet,Emissions/air/unspecified,kg,,
Mapping/Input/Flowlists/IDEA_EFv2.3.csv,IDEA_EFv2.3,,decabromophenyl ether,Emissions/air/unspecified,kg,,
Mapping/Input/Flowlists/IDEA_EFv2.3.csv,IDEA_EFv2.3,,dibutyl phthalate,Emissions/air/unspecified,kg,,
Mapping/Input/Flowlists/IDEA_EFv2.3.csv,IDEA_EFv2.3,,dichloromethane,Emissions/air/unspecified,kg,,
Mapping/Input/Flowlists/IDEA_EFv2.3.csv,IDEA_EFv2.3,,dichlorvos,Emissions/air/unspecified,kg,,
Mapping/Input/Flowlists/IDEA_EFv2.3.csv,IDEA_EFv2.3,,dimethoate,Emissions/air/unspecified,kg,,
Mapping/Input/Flowlists/IDEA_EFv2.3.csv,IDEA_EFv2.3,,dimethyl formamide,Emissions/air/unspecified,kg,,
Mapping/Input/Flowlists/IDEA_EFv2.3.csv,IDEA_EFv2.3,,dimethyl terephthalate,Emissions/air/unspecified,kg,,
Mapping/Input/Flowlists/IDEA_EFv2.3.csv,IDEA_EFv2.3,,diphenyl amine,Emissions/air/unspecified,kg,,
Mapping/Input/Flowlists/IDEA_EFv2.3.csv,IDEA_EFv2.3,,di-sec-octyl phthalate,Emissions/air/unspecified,kg,,
Mapping/Input/Flowlists/IDEA_EFv2.3.csv,IDEA_EFv2.3,,divinyl benzene,Emissions/air/unspecified,kg,,
Mapping/Input/Flowlists/IDEA_EFv2.3.csv,IDEA_EFv2.3,,epichlorohydrin,Emissions/air/unspecified,kg,,
Mapping/Input/Flowlists/IDEA_EFv2.3.csv,IDEA_EFv2.3,,ethyl acrylate,Emissions/air/unspecified,kg,,
Mapping/Input/Flowlists/IDEA_EFv2.3.csv,IDEA_EFv2.3,,ethyl benzene,Emissions/air/unspecified,kg,,
Mapping/Input/Flowlists/IDEA_EFv2.3.csv,IDEA_EFv2.3,,ethylene oxide,Emissions/air/unspecified,kg,,
Mapping/Input/Flowlists/IDEA_EFv2.3.csv,IDEA_EFv2.3,,ethyleneimine,Emissions/air/unspecified,kg,,
Mapping/Input/Flowlists/IDEA_EFv2.3.csv,IDEA_EFv2.3,,fenitrothion,Emissions/air/unspecified,kg,,
Mapping/Input/Flowlists/IDEA_EFv2.3.csv,IDEA_EFv2.3,,fenthion,Emissions/air/unspecified,kg,,
Mapping/Input/Flowlists/IDEA_EFv2.3.csv,IDEA_EFv2.3,,formaldehyde,Emissions/air/unspecified,kg,,
Mapping/Input/Flowlists/IDEA_EFv2.3.csv,IDEA_EFv2.3,,glyoxal,Emissions/air/unspecified,kg,,
Mapping/Input/Flowlists/IDEA_EFv2.3.csv,IDEA_EFv2.3,,hexamethylene diamine,Emissions/air/unspecified,kg,,
Mapping/Input/Flowlists/IDEA_EFv2.3.csv,IDEA_EFv2.3,,hexane,Emissions/air/unspecified,kg,,
Mapping/Input/Flowlists/IDEA_EFv2.3.csv,IDEA_EFv2.3,,HFC-125,Emissions/air/unspecified,kg,,
Mapping/Input/Flowlists/IDEA_EFv2.3.csv,IDEA_EFv2.3,,HFC-152a,Emissions/air/unspecified,kg,,
Mapping/Input/Flowlists/IDEA_EFv2.3.csv,IDEA_EFv2.3,,HFC-23,Emissions/air/unspecified,kg,,
Mapping/Input/Flowlists/IDEA_EFv2.3.csv,IDEA_EFv2.3,,HFC-32,Emissions/air/unspecified,kg,,
Mapping/Input/Flowlists/IDEA_EFv2.3.csv,IDEA_EFv2.3,,hydrazine,Emissions/air/unspecified,kg,,
Mapping/Input/Flowlists/IDEA_EFv2.3.csv,IDEA_EFv2.3,,isobutyraldehyde,Emissions/air/unspecified,kg,,
Mapping/Input/Flowlists/IDEA_EFv2.3.csv,IDEA_EFv2.3,,isoprene,Emissions/air/unspecified,kg,,
Mapping/Input/Flowlists/IDEA_EFv2.3.csv,IDEA_EFv2.3,,maleic anhydride,Emissions/air/unspecified,kg,,
Mapping/Input/Flowlists/IDEA_EFv2.3.csv,IDEA_EFv2.3,,ethylmercaptan,Emissions/air/unspecified,kg,,
Mapping/Input/Flowlists/IDEA_EFv2.3.csv,IDEA_EFv2.3,,methacrylate,Emissions/air/unspecified,kg,,
Mapping/Input/Flowlists/IDEA_EFv2.3.csv,IDEA_EFv2.3,,methacrylic acid,Emissions/air/unspecified,kg,,
Mapping/Input/Flowlists/IDEA_EFv2.3.csv,IDEA_EFv2.3,,methyl methacrylate,Emissions/air/unspecified,kg,,
Mapping/Input/Flowlists/IDEA_EFv2.3.csv,IDEA_EFv2.3,,monoethanolamine,Emissions/air/unspecified,kg,,
Mapping/Input/Flowlists/IDEA_EFv2.3.csv,IDEA_EFv2.3,,naphthalene,Emissions/air/unspecified,kg,,
Mapping/Input/Flowlists/IDEA_EFv2.3.csv,IDEA_EFv2.3,,nickel compounds,Emissions/air/unspecified,kg,,
Mapping/Input/Flowlists/IDEA_EFv2.3.csv,IDEA_EFv2.3,,nitrobenzene,Emissions/air/unspecified,kg,,
Mapping/Input/Flowlists/IDEA_EFv2.3.csv,IDEA_EFv2.3,,nonylphenol,Emissions/air/unspecified,kg,,
Mapping/Input/Flowlists/IDEA_EFv2.3.csv,IDEA_EFv2.3,,o-phenylphenol,Emissions/air/unspecified,kg,,
Mapping/Input/Flowlists/IDEA_EFv2.3.csv,IDEA_EFv2.3,,phenol,Emissions/air/unspecified,kg,,
Mapping/Input/Flowlists/IDEA_EFv2.3.csv,IDEA_EFv2.3,,phthalic anhydride,Emissions/air/unspecified,kg,,
Mapping/Input/Flowlists/IDEA_EFv2.3.csv,IDEA_EFv2.3,,propargite,Emissions/air/unspecified,kg,,
Mapping/Input/Flowlists/IDEA_EFv2.3.csv,IDEA_EFv2.3,,propylene oxide,Emissions/air/unspecified,kg,,
Mapping/Input/Flowlists/IDEA_EFv2.3.csv,IDEA_EFv2.3,,R-40,Emissions/air/unspecified,kg,,
Mapping/Input/Flowlists/IDEA_EFv2.3.csv,IDEA_EFv2.3,,selenium,Emissions/air/unspecified,kg,,
Mapping/Input/Flowlists/IDEA_EFv2.3.csv,IDEA_EFv2.3,,styrene,Emissions/air/unspecified,kg,,
Mapping/Input/Flowlists/IDEA_EFv2.3.csv,IDEA_EFv2.3,,terephthalic acid,Emissions/air/unspecified,kg,,
Mapping/Input/Flowlists/IDEA_EFv2.3.csv,IDEA_EFv2.3,,tetrachloroethene,Emissions/air/unspecified,kg,,
Mapping/Input/Flowlists/IDEA_EFv2.3.csv,IDEA_EFv2.3,,thiourea,Emissions/air/unspecified,kg,,
Mapping/Input/Flowlists/IDEA_EFv2.3.csv,IDEA_EFv2.3,,thiram,Emissions/air/unspecified,kg,,
Mapping/Input/Flowlists/IDEA_EFv2.3.csv,IDEA_EFv2.3,,toluene,Emissions/air/unspecified,kg,,
Mapping/Input/Flowlists/IDEA_EFv2.3.csv,IDEA_EFv2.3,,trichloroethene,Emissions/air/unspecified,kg,,
Mapping/Input/Flowlists/IDEA_EFv2.3.csv,IDEA_EFv2.3,,trichlorofon,Emissions/air/unspecified,kg,,
Mapping/Input/Flowlists/IDEA_EFv2.3.csv,IDEA_EFv2.3,,vinyl acetate,Emissions/air/unspecified,kg,,
Mapping/Input/Flowlists/IDEA_EFv2.3.csv,IDEA_EFv2.3,,vinyl chloride,Emissions/air/unspecified,kg,,
Mapping/Input/Flowlists/IDEA_EFv2.3.csv,IDEA_EFv2.3,,xylene (all isomers),Emissions/air/unspecified,kg,,
Mapping/Input/Flowlists/IDEA_EFv2.3.csv,IDEA_EFv2.3,,ziram,Emissions/air/unspecified,kg,,
Mapping/Input/Flowlists/IDEA_EFv2.3.csv,IDEA_EFv2.3,,Radon (Rn-222)),Emissions/air/urban air close to ground,kBq,,
Mapping/Input/Flowlists/IDEA_EFv2.3.csv,IDEA_EFv2.3,,Polonium (Po-210),Emissions/air/urban air close to ground,kBq,,
Mapping/Input/Flowlists/IDEA_EFv2.3.csv,IDEA_EFv2.3,,Noble gas,Emissions/air/urban high stacks,kBq,,
Mapping/Input/Flowlists/IDEA_EFv2.3.csv,IDEA_EFv2.3,,Krypton (Kr-85),Emissions/air/urban high stacks,kBq,,
Mapping/Input/Flowlists/IDEA_EFv2.3.csv,IDEA_EFv2.3,,Iodine (I-129),Emissions/air/urban high stacks,kBq,,
Mapping/Input/Flowlists/IDEA_EFv2.3.csv,IDEA_EFv2.3,,Iodine (I-131),Emissions/air/urban high stacks,kBq,,
Mapping/Input/Flowlists/IDEA_EFv2.3.csv,IDEA_EFv2.3,,Tritium (H-3),Emissions/air/urban high stacks,kBq,,
Mapping/Input/Flowlists/IDEA_EFv2.3.csv,IDEA_EFv2.3,,uranium,Emissions/air/urban high stacks,kBq,,
Mapping/Input/Flowlists/IDEA_EFv2.3.csv,IDEA_EFv2.3,,Carbon (C-14),Emissions/air/urban high stacks,kBq,,
Mapping/Input/Flowlists/IDEA_EFv2.3.csv,IDEA_EFv2.3,,Cesium (Cs-137),Emissions/air/urban high stacks,kBq,,
Mapping/Input/Flowlists/IDEA_EFv2.3.csv,IDEA_EFv2.3,,Strontium (Sr-90),Emissions/air/urban high stacks,kBq,,
Mapping/Input/Flowlists/IDEA_EFv2.3.csv,IDEA_EFv2.3,,Radionuclide (alpha emitters),Emissions/air/urban high stacks,kBq,,
Mapping/Input/Flowlists/IDEA_EFv2.3.csv,IDEA_EFv2.3,,Radionuclide ( (beta - gamma emitters),Emissions/air/urban high stacks,kBq,,
Mapping/Input/Flowlists/IDEA_EFv2.3.csv,IDEA_EFv2.3,,2-(dimethylamino)ethyl acrylate,Emissions/air/unspecified,kg,,
Mapping/Input/Flowlists/IDEA_EFv2.3.csv,IDEA_EFv2.3,,2-hydroxyethyl acrylate,Emissions/air/unspecified,kg,,
Mapping/Input/Flowlists/IDEA_EFv2.3.csv,IDEA_EFv2.3,,acrylonitrile,Emissions/air/unspecified,kg,,
Mapping/Input/Flowlists/IDEA_EFv2.3.csv,IDEA_EFv2.3,,acetonitrile,Emissions/air/unspecified,kg,,
Mapping/Input/Flowlists/IDEA_EFv2.3.csv,IDEA_EFv2.3,,acetone cyanohydrin,Emissions/air/unspecified,kg,,
Mapping/Input/Flowlists/IDEA_EFv2.3.csv,IDEA_EFv2.3,,"2,2'-azobisisobutyronitrile",Emissions/air/unspecified,kg,,
Mapping/Input/Flowlists/IDEA_EFv2.3.csv,IDEA_EFv2.3,,o-anisidine,Emissions/air/unspecified,kg,,
Mapping/Input/Flowlists/IDEA_EFv2.3.csv,IDEA_EFv2.3,,m-aminophenol,Emissions/air/unspecified,kg,,
Mapping/Input/Flowlists/IDEA_EFv2.3.csv,IDEA_EFv2.3,,3-amino-1-propene,Emissions/air/unspecified,kg,,
Mapping/Input/Flowlists/IDEA_EFv2.3.csv,IDEA_EFv2.3,,allyl alcohol,Emissions/air/unspecified,kg,,
Mapping/Input/Flowlists/IDEA_EFv2.3.csv,IDEA_EFv2.3,,"1-allyloxy-2,3-epoxypropane",Emissions/air/unspecified,kg,,
Mapping/Input/Flowlists/IDEA_EFv2.3.csv,IDEA_EFv2.3,,n-alkylbenzenesulfonic acid and its salts(alkyl C=10-14),Emissions/air/unspecified,kg,,
Mapping/Input/Flowlists/IDEA_EFv2.3.csv,IDEA_EFv2.3,,"3-isocyanatomethyl-3,5,5-trimethylcyclohexyl isocyanate",Emissions/air/unspecified,kg,,
Mapping/Input/Flowlists/IDEA_EFv2.3.csv,IDEA_EFv2.3,,"4,4'-isopropylidenediphenol",Emissions/air/unspecified,kg,,
Mapping/Input/Flowlists/IDEA_EFv2.3.csv,IDEA_EFv2.3,,"2,2'-{isopropylidenebis[(2,6-dibromo-4,1-phenylene)oxy]}diethanol",Emissions/air/unspecified,kg,,
Mapping/Input/Flowlists/IDEA_EFv2.3.csv,IDEA_EFv2.3,,3'-isopropoxy-2-trifluoromethylbenzanilide,Emissions/air/unspecified,kg,,
Mapping/Input/Flowlists/IDEA_EFv2.3.csv,IDEA_EFv2.3,,2-imidazolidinethione,Emissions/air/unspecified,kg,,
Mapping/Input/Flowlists/IDEA_EFv2.3.csv,IDEA_EFv2.3,,"1,1'-[iminodi(octamethylene)]diguanidine",Emissions/air/unspecified,kg,,
Mapping/Input/Flowlists/IDEA_EFv2.3.csv,IDEA_EFv2.3,,indium and its compounds,Emissions/air/unspecified,kg,,
Mapping/Input/Flowlists/IDEA_EFv2.3.csv,IDEA_EFv2.3,,2-ethylhexanoic acid,Emissions/air/unspecified,kg,,
Mapping/Input/Flowlists/IDEA_EFv2.3.csv,IDEA_EFv2.3,,ethylenediamine,Emissions/air/unspecified,kg,,
Mapping/Input/Flowlists/IDEA_EFv2.3.csv,IDEA_EFv2.3,,"1,1'-ethylene-2,2'-bipyridinium dibromide",Emissions/air/unspecified,kg,,
Mapping/Input/Flowlists/IDEA_EFv2.3.csv,IDEA_EFv2.3,,2-(4-ethoxyphenyl)-2-methylpropyl 3-phenoxybenzyl ether,Emissions/air/unspecified,kg,,
Mapping/Input/Flowlists/IDEA_EFv2.3.csv,IDEA_EFv2.3,,"1,2-epoxybutane",Emissions/air/unspecified,kg,,
Mapping/Input/Flowlists/IDEA_EFv2.3.csv,IDEA_EFv2.3,,"2,3-epoxy-1-propanol",Emissions/air/unspecified,kg,,
Mapping/Input/Flowlists/IDEA_EFv2.3.csv,IDEA_EFv2.3,,ferric chloride,Emissions/air/unspecified,kg,,
Mapping/Input/Flowlists/IDEA_EFv2.3.csv,IDEA_EFv2.3,,p-octylphenol,Emissions/air/unspecified,kg,,
Mapping/Input/Flowlists/IDEA_EFv2.3.csv,IDEA_EFv2.3,,"2,4-xylenol",Emissions/air/unspecified,kg,,
Mapping/Input/Flowlists/IDEA_EFv2.3.csv,IDEA_EFv2.3,,"2,6-xylenol",Emissions/air/unspecified,kg,,
Mapping/Input/Flowlists/IDEA_EFv2.3.csv,IDEA_EFv2.3,,quinoline,Emissions/air/unspecified,kg,,
Mapping/Input/Flowlists/IDEA_EFv2.3.csv,IDEA_EFv2.3,,silver and its water-soluble compounds,Emissions/air/unspecified,kg,,
Mapping/Input/Flowlists/IDEA_EFv2.3.csv,IDEA_EFv2.3,,glutaraldehyde,Emissions/air/unspecified,kg,,
Mapping/Input/Flowlists/IDEA_EFv2.3.csv,IDEA_EFv2.3,,chloroaniline,Emissions/air/unspecified,kg,,
Mapping/Input/Flowlists/IDEA_EFv2.3.csv,IDEA_EFv2.3,,"3-chloro-N-(3-chloro-5-trifluoromethyl-2-pyridyl)-α,α,α-trifluoro-2,6-dinitro-p-toluidine",Emissions/air/unspecified,kg,,
Mapping/Input/Flowlists/IDEA_EFv2.3.csv,IDEA_EFv2.3,,"1-({2-[2-chloro-4-(4-chlorophenoxy)phenyl]-4-methyl-1,3-dioxolan-2-yl}methyl)-1H-1,2,4-triazole",Emissions/air/unspecified,kg,,
Mapping/Input/Flowlists/IDEA_EFv2.3.csv,IDEA_EFv2.3,,chloroacetic acid,Emissions/air/unspecified,kg,,
Mapping/Input/Flowlists/IDEA_EFv2.3.csv,IDEA_EFv2.3,,ethyl chloroacetate,Emissions/air/unspecified,kg,,
Mapping/Input/Flowlists/IDEA_EFv2.3.csv,IDEA_EFv2.3,,"2-chloro-2',6'-diethyl-N-(2-propoxyethyl)acetanilide",Emissions/air/unspecified,kg,,
Mapping/Input/Flowlists/IDEA_EFv2.3.csv,IDEA_EFv2.3,,"1-chloro-2,4-dinitrobenzene",Emissions/air/unspecified,kg,,
Mapping/Input/Flowlists/IDEA_EFv2.3.csv,IDEA_EFv2.3,,chlorotrifluoroethane,Emissions/air/unspecified,kg,,
Mapping/Input/Flowlists/IDEA_EFv2.3.csv,IDEA_EFv2.3,,o-chlorotoluene,Emissions/air/unspecified,kg,,
Mapping/Input/Flowlists/IDEA_EFv2.3.csv,IDEA_EFv2.3,,p-chlorotoluene,Emissions/air/unspecified,kg,,
Mapping/Input/Flowlists/IDEA_EFv2.3.csv,IDEA_EFv2.3,,2-chloronitrobenzene,Emissions/air/unspecified,kg,,
Mapping/Input/Flowlists/IDEA_EFv2.3.csv,IDEA_EFv2.3,,o-chlorophenol,Emissions/air/unspecified,kg,,
Mapping/Input/Flowlists/IDEA_EFv2.3.csv,IDEA_EFv2.3,,p-chlorophenol,Emissions/air/unspecified,kg,,
Mapping/Input/Flowlists/IDEA_EFv2.3.csv,IDEA_EFv2.3,,3-chloropropene,Emissions/air/unspecified,kg,,
Mapping/Input/Flowlists/IDEA_EFv2.3.csv,IDEA_EFv2.3,,3-chloro-2-methyl-1-propene,Emissions/air/unspecified,kg,,
Mapping/Input/Flowlists/IDEA_EFv2.3.csv,IDEA_EFv2.3,,cobalt and its compounds,Emissions/air/unspecified,kg,,
Mapping/Input/Flowlists/IDEA_EFv2.3.csv,IDEA_EFv2.3,,2-methoxyethyl acetate,Emissions/air/unspecified,kg,,
Mapping/Input/Flowlists/IDEA_EFv2.3.csv,IDEA_EFv2.3,,salicylaldehyde,Emissions/air/unspecified,kg,,
Mapping/Input/Flowlists/IDEA_EFv2.3.csv,IDEA_EFv2.3,,cyanamide,Emissions/air/unspecified,kg,,
Mapping/Input/Flowlists/IDEA_EFv2.3.csv,IDEA_EFv2.3,,inorganic cyanide compounds (except complex salts and cyanates),Emissions/air/unspecified,kg,,
Mapping/Input/Flowlists/IDEA_EFv2.3.csv,IDEA_EFv2.3,,2-(diethylamino)ethanol,Emissions/air/unspecified,kg,,
Mapping/Input/Flowlists/IDEA_EFv2.3.csv,IDEA_EFv2.3,,"N,N-diethyl-3-(2,4,6-trimethylphenylsulfonyl)-1H-1,2,4-triazole-1-carboxamide",Emissions/air/unspecified,kg,,
Mapping/Input/Flowlists/IDEA_EFv2.3.csv,IDEA_EFv2.3,,"1,3-dioxolane",Emissions/air/unspecified,kg,,
Mapping/Input/Flowlists/IDEA_EFv2.3.csv,IDEA_EFv2.3,,cyclohexylamine,Emissions/air/unspecified,kg,,
Mapping/Input/Flowlists/IDEA_EFv2.3.csv,IDEA_EFv2.3,,N-(cyclohexylthio)phthalimide,Emissions/air/unspecified,kg,,
Mapping/Input/Flowlists/IDEA_EFv2.3.csv,IDEA_EFv2.3,,"2,4-dichlorotoluene",Emissions/air/unspecified,kg,,
Mapping/Input/Flowlists/IDEA_EFv2.3.csv,IDEA_EFv2.3,,dichlorobenzene,Emissions/air/unspecified,kg,,
Mapping/Input/Flowlists/IDEA_EFv2.3.csv,IDEA_EFv2.3,,"4-(2,4-dichlorobenzoyl)-1,3-dimethyl-5-pyrazolyl 4-toluenesulfonate",Emissions/air/unspecified,kg,,
Mapping/Input/Flowlists/IDEA_EFv2.3.csv,IDEA_EFv2.3,,"2,6-dichlorobenzonitrile",Emissions/air/unspecified,kg,,
Mapping/Input/Flowlists/IDEA_EFv2.3.csv,IDEA_EFv2.3,,dichloropentafluoropropane,Emissions/air/unspecified,kg,,
Mapping/Input/Flowlists/IDEA_EFv2.3.csv,IDEA_EFv2.3,,"N,N-dicyclohexylamine",Emissions/air/unspecified,kg,,
Mapping/Input/Flowlists/IDEA_EFv2.3.csv,IDEA_EFv2.3,,dicyclopentadiene,Emissions/air/unspecified,kg,,
Mapping/Input/Flowlists/IDEA_EFv2.3.csv,IDEA_EFv2.3,,"diisopropyl 1,3-dithiolan-2-ylidenemalonate",Emissions/air/unspecified,kg,,
Mapping/Input/Flowlists/IDEA_EFv2.3.csv,IDEA_EFv2.3,,dinitrotoluene,Emissions/air/unspecified,kg,,
Mapping/Input/Flowlists/IDEA_EFv2.3.csv,IDEA_EFv2.3,,diphenyl ether,Emissions/air/unspecified,kg,,
Mapping/Input/Flowlists/IDEA_EFv2.3.csv,IDEA_EFv2.3,,"1,3-diphenylguanidine",Emissions/air/unspecified,kg,,
Mapping/Input/Flowlists/IDEA_EFv2.3.csv,IDEA_EFv2.3,,"2,6-di-tert-butyl-4-cresol",Emissions/air/unspecified,kg,,
Mapping/Input/Flowlists/IDEA_EFv2.3.csv,IDEA_EFv2.3,,"2,2-dibromo-2-cyanoacetamide",Emissions/air/unspecified,kg,,
Mapping/Input/Flowlists/IDEA_EFv2.3.csv,IDEA_EFv2.3,,"N,N-dimethylacetamide",Emissions/air/unspecified,kg,,
Mapping/Input/Flowlists/IDEA_EFv2.3.csv,IDEA_EFv2.3,,"2,6-dimethylaniline",Emissions/air/unspecified,kg,,
Mapping/Input/Flowlists/IDEA_EFv2.3.csv,IDEA_EFv2.3,,"N,N-dimethylaniline",Emissions/air/unspecified,kg,,
Mapping/Input/Flowlists/IDEA_EFv2.3.csv,IDEA_EFv2.3,,"5-dimethylamino-1,2,3-trithiane",Emissions/air/unspecified,kg,,
Mapping/Input/Flowlists/IDEA_EFv2.3.csv,IDEA_EFv2.3,,dimethylamine,Emissions/air/unspecified,kg,,
Mapping/Input/Flowlists/IDEA_EFv2.3.csv,IDEA_EFv2.3,,dimethyl disulfide,Emissions/air/unspecified,kg,,
Mapping/Input/Flowlists/IDEA_EFv2.3.csv,IDEA_EFv2.3,,"N,N-dimethyldodecylamine N-oxide",Emissions/air/unspecified,kg,,
Mapping/Input/Flowlists/IDEA_EFv2.3.csv,IDEA_EFv2.3,,"1,1-dimethylhydrazine",Emissions/air/unspecified,kg,,
Mapping/Input/Flowlists/IDEA_EFv2.3.csv,IDEA_EFv2.3,,"3,3'-dimethylbiphenyl-4,4'-diyl diisocyanate",Emissions/air/unspecified,kg,,
Mapping/Input/Flowlists/IDEA_EFv2.3.csv,IDEA_EFv2.3,,"N-(1,3-dimethylbutyl)-N'-phenyl-p-phenylenediamine",Emissions/air/unspecified,kg,,
Mapping/Input/Flowlists/IDEA_EFv2.3.csv,IDEA_EFv2.3,,"3,3'-dimethylbenzidine",Emissions/air/unspecified,kg,,
Mapping/Input/Flowlists/IDEA_EFv2.3.csv,IDEA_EFv2.3,,bromine,Emissions/air/unspecified,kg,,
Mapping/Input/Flowlists/IDEA_EFv2.3.csv,IDEA_EFv2.3,,hydrogenated terphenyl,Emissions/air/unspecified,kg,,
Mapping/Input/Flowlists/IDEA_EFv2.3.csv,IDEA_EFv2.3,,organic tin compounds,Emissions/air/unspecified,kg,,
Mapping/Input/Flowlists/IDEA_EFv2.3.csv,IDEA_EFv2.3,,thiophenol,Emissions/air/unspecified,kg,,
Mapping/Input/Flowlists/IDEA_EFv2.3.csv,IDEA_EFv2.3,,"O,O-diethyl O-5-phenyl-3-isoxazolyl phosphorothioate",Emissions/air/unspecified,kg,,
Mapping/Input/Flowlists/IDEA_EFv2.3.csv,IDEA_EFv2.3,,decanoic acid,Emissions/air/unspecified,kg,,
Mapping/Input/Flowlists/IDEA_EFv2.3.csv,IDEA_EFv2.3,,decyl alcohol,Emissions/air/unspecified,kg,,
Mapping/Input/Flowlists/IDEA_EFv2.3.csv,IDEA_EFv2.3,,"1,3,5,7-tetraazatricyclo[3.3.1.13.7]decane",Emissions/air/unspecified,kg,,
Mapping/Input/Flowlists/IDEA_EFv2.3.csv,IDEA_EFv2.3,,tetraethylthiuram disulfide,Emissions/air/unspecified,kg,,
Mapping/Input/Flowlists/IDEA_EFv2.3.csv,IDEA_EFv2.3,,tetrahydromethylphthalic anhydride,Emissions/air/unspecified,kg,,
Mapping/Input/Flowlists/IDEA_EFv2.3.csv,IDEA_EFv2.3,,"3,7,11,15-tetramethylhexadec-1-en-3-ol",Emissions/air/unspecified,kg,,
Mapping/Input/Flowlists/IDEA_EFv2.3.csv,IDEA_EFv2.3,,"copper salts(water-soluble, except complex salts)",Emissions/air/unspecified,kg,,
Mapping/Input/Flowlists/IDEA_EFv2.3.csv,IDEA_EFv2.3,,1-dodecanol,Emissions/air/unspecified,kg,,
Mapping/Input/Flowlists/IDEA_EFv2.3.csv,IDEA_EFv2.3,,tert-dodecanethiol,Emissions/air/unspecified,kg,,
Mapping/Input/Flowlists/IDEA_EFv2.3.csv,IDEA_EFv2.3,,sodium dodecyl sulfate,Emissions/air/unspecified,kg,,
Mapping/Input/Flowlists/IDEA_EFv2.3.csv,IDEA_EFv2.3,,"3,6,9-triazaundecane-1,11-diamine",Emissions/air/unspecified,kg,,
Mapping/Input/Flowlists/IDEA_EFv2.3.csv,IDEA_EFv2.3,,triethylamine,Emissions/air/unspecified,kg,,
Mapping/Input/Flowlists/IDEA_EFv2.3.csv,IDEA_EFv2.3,,triethylenetetramine,Emissions/air/unspecified,kg,,
Mapping/Input/Flowlists/IDEA_EFv2.3.csv,IDEA_EFv2.3,,"2,4,6-trichloro-1,3,5-triazine",Emissions/air/unspecified,kg,,
Mapping/Input/Flowlists/IDEA_EFv2.3.csv,IDEA_EFv2.3,,trichloronitromethane,Emissions/air/unspecified,kg,,
Mapping/Input/Flowlists/IDEA_EFv2.3.csv,IDEA_EFv2.3,,"2,4,6-trichlorophenol",Emissions/air/unspecified,kg,,
Mapping/Input/Flowlists/IDEA_EFv2.3.csv,IDEA_EFv2.3,,"1,2,3-trichloropropane",Emissions/air/unspecified,kg,,
Mapping/Input/Flowlists/IDEA_EFv2.3.csv,IDEA_EFv2.3,,trichlorobenzene,Emissions/air/unspecified,kg,,
Mapping/Input/Flowlists/IDEA_EFv2.3.csv,IDEA_EFv2.3,,"1,3,5-tris(2,3-epoxypropyl)-1,3,5-triazine-2,4,6(1H,3H,5H)-trione",Emissions/air/unspecified,kg,,
Mapping/Input/Flowlists/IDEA_EFv2.3.csv,IDEA_EFv2.3,,tributylamine,Emissions/air/unspecified,kg,,
Mapping/Input/Flowlists/IDEA_EFv2.3.csv,IDEA_EFv2.3,,"3,5,5-trimethyl-1-hexanol",Emissions/air/unspecified,kg,,
Mapping/Input/Flowlists/IDEA_EFv2.3.csv,IDEA_EFv2.3,,toluidine,Emissions/air/unspecified,kg,,
Mapping/Input/Flowlists/IDEA_EFv2.3.csv,IDEA_EFv2.3,,toluenediamine,Emissions/air/unspecified,kg,,
Mapping/Input/Flowlists/IDEA_EFv2.3.csv,IDEA_EFv2.3,,lead compounds,Emissions/air/unspecified,kg,,
Mapping/Input/Flowlists/IDEA_EFv2.3.csv,IDEA_EFv2.3,,hexamethylene diacrylate,Emissions/air/unspecified,kg,,
Mapping/Input/Flowlists/IDEA_EFv2.3.csv,IDEA_EFv2.3,,nitroglycerin,Emissions/air/unspecified,kg,,
Mapping/Input/Flowlists/IDEA_EFv2.3.csv,IDEA_EFv2.3,,o-nitrotoluene,Emissions/air/unspecified,kg,,
Mapping/Input/Flowlists/IDEA_EFv2.3.csv,IDEA_EFv2.3,,nitromethane,Emissions/air/unspecified,kg,,
Mapping/Input/Flowlists/IDEA_EFv2.3.csv,IDEA_EFv2.3,,1-nonanol,Emissions/air/unspecified,kg,,
Mapping/Input/Flowlists/IDEA_EFv2.3.csv,IDEA_EFv2.3,,vanadium compounds,Emissions/air/unspecified,kg,,
Mapping/Input/Flowlists/IDEA_EFv2.3.csv,IDEA_EFv2.3,,"2,4-bis(ethylamino)-6-methylthio-1,3,5-triazine",Emissions/air/unspecified,kg,,
Mapping/Input/Flowlists/IDEA_EFv2.3.csv,IDEA_EFv2.3,,bis(1-methyl-1-phenylethyl) peroxide,Emissions/air/unspecified,kg,,
Mapping/Input/Flowlists/IDEA_EFv2.3.csv,IDEA_EFv2.3,,hydroquinone,Emissions/air/unspecified,kg,,
Mapping/Input/Flowlists/IDEA_EFv2.3.csv,IDEA_EFv2.3,,2-vinylpyridine,Emissions/air/unspecified,kg,,
Mapping/Input/Flowlists/IDEA_EFv2.3.csv,IDEA_EFv2.3,,N-vinyl-2-pyrrolidone,Emissions/air/unspecified,kg,,
Mapping/Input/Flowlists/IDEA_EFv2.3.csv,IDEA_EFv2.3,,piperazine,Emissions/air/unspecified,kg,,
Mapping/Input/Flowlists/IDEA_EFv2.3.csv,IDEA_EFv2.3,,pyridine,Emissions/air/unspecified,kg,,
Mapping/Input/Flowlists/IDEA_EFv2.3.csv,IDEA_EFv2.3,,phenylenediamine,Emissions/air/unspecified,kg,,
Mapping/Input/Flowlists/IDEA_EFv2.3.csv,IDEA_EFv2.3,,diallyl phthalate,Emissions/air/unspecified,kg,,
Mapping/Input/Flowlists/IDEA_EFv2.3.csv,IDEA_EFv2.3,,diethyl phthalate,Emissions/air/unspecified,kg,,
Mapping/Input/Flowlists/IDEA_EFv2.3.csv,IDEA_EFv2.3,,"N-tert-butyl-N'-(4-ethylbenzoyl)-3,5-dimethylbenzohydrazide",Emissions/air/unspecified,kg,,
Mapping/Input/Flowlists/IDEA_EFv2.3.csv,IDEA_EFv2.3,,"n-butyl-2,3-epoxypropyl ether",Emissions/air/unspecified,kg,,
Mapping/Input/Flowlists/IDEA_EFv2.3.csv,IDEA_EFv2.3,,butyl(R)-2-[4-(4-cyano-2-fluorophenoxy)phenoxy]propionate,Emissions/air/unspecified,kg,,
Mapping/Input/Flowlists/IDEA_EFv2.3.csv,IDEA_EFv2.3,,"tert-butyl 4-({[(1,3-dimethyl-5-phenoxy-4-pyrazolyl)methylidene]aminooxy}methyl)benzoate",Emissions/air/unspecified,kg,,
Mapping/Input/Flowlists/IDEA_EFv2.3.csv,IDEA_EFv2.3,,tert-butyl hydroperoxide,Emissions/air/unspecified,kg,,
Mapping/Input/Flowlists/IDEA_EFv2.3.csv,IDEA_EFv2.3,,4-tert-butylphenol,Emissions/air/unspecified,kg,,
Mapping/Input/Flowlists/IDEA_EFv2.3.csv,IDEA_EFv2.3,,2-tert-butyl-5-methylphenol,Emissions/air/unspecified,kg,,
Mapping/Input/Flowlists/IDEA_EFv2.3.csv,IDEA_EFv2.3,,hydrogen fluoride and its water-soluble salts,Emissions/air/unspecified,kg,,
Mapping/Input/Flowlists/IDEA_EFv2.3.csv,IDEA_EFv2.3,,2-butenal,Emissions/air/unspecified,kg,,
Mapping/Input/Flowlists/IDEA_EFv2.3.csv,IDEA_EFv2.3,,furan,Emissions/air/unspecified,kg,,
Mapping/Input/Flowlists/IDEA_EFv2.3.csv,IDEA_EFv2.3,,2-propyn-1-ol,Emissions/air/unspecified,kg,,
Mapping/Input/Flowlists/IDEA_EFv2.3.csv,IDEA_EFv2.3,,1-bromopropane,Emissions/air/unspecified,kg,,
Mapping/Input/Flowlists/IDEA_EFv2.3.csv,IDEA_EFv2.3,,2-bromopropane,Emissions/air/unspecified,kg,,
Mapping/Input/Flowlists/IDEA_EFv2.3.csv,IDEA_EFv2.3,,hexadecyltrimethylammonium chloride,Emissions/air/unspecified,kg,,
Mapping/Input/Flowlists/IDEA_EFv2.3.csv,IDEA_EFv2.3,,hexamethylene diisocyanate,Emissions/air/unspecified,kg,,
Mapping/Input/Flowlists/IDEA_EFv2.3.csv,IDEA_EFv2.3,,water-soluble salts of peroxodisulfuric acid,Emissions/air/unspecified,kg,,
Mapping/Input/Flowlists/IDEA_EFv2.3.csv,IDEA_EFv2.3,,benzylidyne trichloride,Emissions/air/unspecified,kg,,
Mapping/Input/Flowlists/IDEA_EFv2.3.csv,IDEA_EFv2.3,,"1,2,4-benzenetricarboxylic 1,2-anhydride",Emissions/air/unspecified,kg,,
Mapping/Input/Flowlists/IDEA_EFv2.3.csv,IDEA_EFv2.3,,2-(2-benzothiazolyloxy)-N-methylacetanilide,Emissions/air/unspecified,kg,,
Mapping/Input/Flowlists/IDEA_EFv2.3.csv,IDEA_EFv2.3,,benzophenone,Emissions/air/unspecified,kg,,
Mapping/Input/Flowlists/IDEA_EFv2.3.csv,IDEA_EFv2.3,,boron compounds,Emissions/air/unspecified,kg,,
Mapping/Input/Flowlists/IDEA_EFv2.3.csv,IDEA_EFv2.3,,poly(oxyethylene)alkyl ether(alkyl C=12-15),Emissions/air/unspecified,kg,,
Mapping/Input/Flowlists/IDEA_EFv2.3.csv,IDEA_EFv2.3,,poly(oxyethylene)octylphenyl ether,Emissions/air/unspecified,kg,,
Mapping/Input/Flowlists/IDEA_EFv2.3.csv,IDEA_EFv2.3,,poly(oxyethylene)nonylphenyl ether,Emissions/air/unspecified,kg,,
Mapping/Input/Flowlists/IDEA_EFv2.3.csv,IDEA_EFv2.3,,2-ethylhexyl methacrylate,Emissions/air/unspecified,kg,,
Mapping/Input/Flowlists/IDEA_EFv2.3.csv,IDEA_EFv2.3,,"2,3-epoxypropyl methacrylate",Emissions/air/unspecified,kg,,
Mapping/Input/Flowlists/IDEA_EFv2.3.csv,IDEA_EFv2.3,,2-(dimethylamino)ethyl methacrylate,Emissions/air/unspecified,kg,,
Mapping/Input/Flowlists/IDEA_EFv2.3.csv,IDEA_EFv2.3,,n-butyl methacrylate,Emissions/air/unspecified,kg,,
Mapping/Input/Flowlists/IDEA_EFv2.3.csv,IDEA_EFv2.3,,4-methylideneoxetan-2-one,Emissions/air/unspecified,kg,,
Mapping/Input/Flowlists/IDEA_EFv2.3.csv,IDEA_EFv2.3,,"(Z)-2'-methylacetophenone 4,6-dimethyl-2-pyrimidinylhydrazone",Emissions/air/unspecified,kg,,
Mapping/Input/Flowlists/IDEA_EFv2.3.csv,IDEA_EFv2.3,,methylamine,Emissions/air/unspecified,kg,,
Mapping/Input/Flowlists/IDEA_EFv2.3.csv,IDEA_EFv2.3,,2-sec-butylphenyl N-methylcarbamate,Emissions/air/unspecified,kg,,
Mapping/Input/Flowlists/IDEA_EFv2.3.csv,IDEA_EFv2.3,,"Methyl 2-(4,6-dimethoxy-2-pyrimidinyloxy)-6-[1-(methoxyimino)ethyl]benzoate",Emissions/air/unspecified,kg,,
Mapping/Input/Flowlists/IDEA_EFv2.3.csv,IDEA_EFv2.3,,α-methylstyrene,Emissions/air/unspecified,kg,,
Mapping/Input/Flowlists/IDEA_EFv2.3.csv,IDEA_EFv2.3,,methylnaphthalene,Emissions/air/unspecified,kg,,
Mapping/Input/Flowlists/IDEA_EFv2.3.csv,IDEA_EFv2.3,,3-methylpyridine,Emissions/air/unspecified,kg,,
Mapping/Input/Flowlists/IDEA_EFv2.3.csv,IDEA_EFv2.3,,1-methyl-1-phenylethyl hydroperoxide,Emissions/air/unspecified,kg,,
Mapping/Input/Flowlists/IDEA_EFv2.3.csv,IDEA_EFv2.3,,S-methyl-N-(methylcarbamoyloxy)thioacetimidate,Emissions/air/unspecified,kg,,
Mapping/Input/Flowlists/IDEA_EFv2.3.csv,IDEA_EFv2.3,,"methylenebis(4,1-cyclohexylene)diisocyanate",Emissions/air/unspecified,kg,,
Mapping/Input/Flowlists/IDEA_EFv2.3.csv,IDEA_EFv2.3,,"methylenebis(4,1-phenylene) diisocyanate",Emissions/air/unspecified,kg,,
Mapping/Input/Flowlists/IDEA_EFv2.3.csv,IDEA_EFv2.3,,O-3-tert-butylphenyl N-(6-methoxy-2-pyridyl)-N-methylthiocarbamate,Emissions/air/unspecified,kg,,
Mapping/Input/Flowlists/IDEA_EFv2.3.csv,IDEA_EFv2.3,,2-mercaptobenzothiazole,Emissions/air/unspecified,kg,,
Mapping/Input/Flowlists/IDEA_EFv2.3.csv,IDEA_EFv2.3,,molybdenum and its compounds,Emissions/air/unspecified,kg,,
Mapping/Input/Flowlists/IDEA_EFv2.3.csv,IDEA_EFv2.3,,2-(morpholinodithio)benzothiazole,Emissions/air/unspecified,kg,,
Mapping/Input/Flowlists/IDEA_EFv2.3.csv,IDEA_EFv2.3,,morpholine,Emissions/air/unspecified,kg,,
Mapping/Input/Flowlists/IDEA_EFv2.3.csv,IDEA_EFv2.3,,tris(2-ethylhexyl) phosphate,Emissions/air/unspecified,kg,,
Mapping/Input/Flowlists/IDEA_EFv2.3.csv,IDEA_EFv2.3,,tritolyl phosphate,Emissions/air/unspecified,kg,,
Mapping/Input/Flowlists/IDEA_EFv2.3.csv,IDEA_EFv2.3,,triphenyl phosphate,Emissions/air/unspecified,kg,,
Mapping/Input/Flowlists/IDEA_EFv2.3.csv,IDEA_EFv2.3,,tri-n-butyl phosphate,Emissions/air/unspecified,kg,,
Mapping/Input/Flowlists/IDEA_EFv2.3.csv,IDEA_EFv2.3,,arsenic,Emissions/water/unspecified,kg,,"As;ヒ素;As;arsenic,As;ヒ素;As;arsenic"
Mapping/Input/Flowlists/IDEA_EFv2.3.csv,IDEA_EFv2.3,,CFC-10,Emissions/water/unspecified,kg,,"CCl4;Tetrachloromethane;テトラクロロメタン;CCl4;パークロロメタン;carbon tetrachloride;tetrachloromethane;CCl4;perchloromethane,CCl4;Tetrachloromethane;テトラクロロメタン;CCl4;パークロロメタン;carbon tetrachloride;tetrachloromethane;CCl4;perchloromethane"
Mapping/Input/Flowlists/IDEA_EFv2.3.csv,IDEA_EFv2.3,,cadmium,Emissions/water/unspecified,kg,,"Cd;カドミウム;Cd;cadmium,Cd;カドミウム;Cd;cadmium"
Mapping/Input/Flowlists/IDEA_EFv2.3.csv,IDEA_EFv2.3,,chemical oxygen demand,Emissions/water/unspecified,kg,,"化学的酸素要求量;chemical oxigen demand,化学的酸素要求量;chemical oxigen demand"
Mapping/Input/Flowlists/IDEA_EFv2.3.csv,IDEA_EFv2.3,,chromium,Emissions/water/unspecified,kg,,"Cr;Cr;chromium;chromium reserves,Cr;Cr;chromium;chromium reserves"
Mapping/Input/Flowlists/IDEA_EFv2.3.csv,IDEA_EFv2.3,,iron,Emissions/water/unspecified,kg,,"Fe;鉄（資源）;Fe reserves;iron reserves,Fe;鉄（資源）;Fe reserves;iron reserves"
Mapping/Input/Flowlists/IDEA_EFv2.3.csv,IDEA_EFv2.3,,mercury,Emissions/water/unspecified,kg,,"Hg;Hg;mercury,Hg;Hg;mercury"
Mapping/Input/Flowlists/IDEA_EFv2.3.csv,IDEA_EFv2.3,,manganese,Emissions/water/unspecified,kg,,"Mn;マンガン（資源）;Mn reserves;manganese reserves,Mn;マンガン（資源）;Mn reserves;manganese reserves"
Mapping/Input/Flowlists/IDEA_EFv2.3.csv,IDEA_EFv2.3,,N total,Emissions/water/unspecified,kg,,"全窒素;t-N;N total;total nitrogen;t-N,t-N;N total;total nitrogen;t-N"
Mapping/Input/Flowlists/IDEA_EFv2.3.csv,IDEA_EFv2.3,,ammonium,Emissions/water/unspecified,kg,,"NH4+;NH4+;ammonium ion;NH4+,NH4+;NH4+;ammonium ion;NH4+"
Mapping/Input/Flowlists/IDEA_EFv2.3.csv,IDEA_EFv2.3,,nickel,Emissions/water/unspecified,kg,,"Ni;Ni;nickel;Ni,Ni;Ni;nickel;Ni"
Mapping/Input/Flowlists/IDEA_EFv2.3.csv,IDEA_EFv2.3,,nickel compounds,Emissions/water/unspecified,kg,,"nickel compounds,nickel compounds"
Mapping/Input/Flowlists/IDEA_EFv2.3.csv,IDEA_EFv2.3,,oil and grease,Emissions/water/unspecified,kg,,
Mapping/Input/Flowlists/IDEA_EFv2.3.csv,IDEA_EFv2.3,,P total,Emissions/water/unspecified,kg,,"全燐;全リン;t-P;P;P total;total-phosphorus;t-P;P,t-P;P;P total;total-phosphorus;t-P;P"
Mapping/Input/Flowlists/IDEA_EFv2.3.csv,IDEA_EFv2.3,,lead,Emissions/water/unspecified,kg,,"Pb;鉛;Pb;lead,Pb;鉛;Pb;lead"
Mapping/Input/Flowlists/IDEA_EFv2.3.csv,IDEA_EFv2.3,,suspended solids,Emissions/water/unspecified,kg,,
Mapping/Input/Flowlists/IDEA_EFv2.3.csv,IDEA_EFv2.3,,zinc,Emissions/water/unspecified,kg,,"Zn;亜鉛（資源）;Zn reserves;zinc reserves,Zn;亜鉛（資源）;Zn reserves;zinc reserves"
Mapping/Input/Flowlists/IDEA_EFv2.3.csv,IDEA_EFv2.3,,copper,Emissions/water/unspecified,kg,,"Cu;銅（資源）;Cu reserves;copper reserves,Cu;銅（資源）;Cu reserves;copper reserves"
Mapping/Input/Flowlists/IDEA_EFv2.3.csv,IDEA_EFv2.3,,hydrocarbons,Emissions/water/unspecified,kg,,CxHy;hydrocarbons
Mapping/Input/Flowlists/IDEA_EFv2.3.csv,IDEA_EFv2.3,,hydrogen fluoride,Emissions/water/unspecified,kg,,"HF;フッ化水素酸;HF;hydrogen fluoride;hydrofluoric acid;HF,HF;フッ化水素酸;HF;hydrogen fluoride;hydrofluoric acid;HF"
Mapping/Input/Flowlists/IDEA_EFv2.3.csv,IDEA_EFv2.3,,diuron,Emissions/water/unspecified,kg,,"C9H10Cl2N2O;1,1-dimethyl-3-(3,4-Dichlorophenyl)urea;ジウロン;DCMU;3-(3,4-dichlorophenyl)-1,1-dimethylurea;diuron;DCMU,C9H10Cl2N2O;1,1-dimethyl-3-(3,4-Dichlorophenyl)urea;DCMU;3-(3,4-dichlorophenyl)-1,1-dimethylurea;diuron;DCMU"
Mapping/Input/Flowlists/IDEA_EFv2.3.csv,IDEA_EFv2.3,,mancozeb,Emissions/water/unspecified,kg,,"C4H6MnN2S4;マンコゼブ;complex compounds of manganese manganese N,N'-ethylenebis(dithiocarbamate) and zinc N,N'-ethylenebis(dithiocarbamate);mancozeb,C4H6MnN2S4;マンコゼブ;complex compounds of manganese manganese N,N'-ethylenebis(dithiocarbamate) and zinc N,N'-ethylenebis(dithiocarbamate);mancozeb"
Mapping/Input/Flowlists/IDEA_EFv2.3.csv,IDEA_EFv2.3,,carbaryl,Emissions/water/unspecified,kg,,"C12H11NO2;1-naphthalenol methylcarbamate;N-メチルカルバミン酸1-ナフチル;NAC;1-ナフチル-N-メチルカルバメート;carbaryl;1-naphthyl N-methylcarbamate;NAC;1-naphthalenol methylcarbamate,C12H11NO2;1-naphthalenol methylcarbamate;N-メチルカルバミン酸1-ナフチル;NAC;1-ナフチル-N-メチルカルバメート;carbaryl;1-naphthyl N-methylcarbamate;NAC;1-naphthalenol methylcarbamate"
Mapping/Input/Flowlists/IDEA_EFv2.3.csv,IDEA_EFv2.3,,disulfoton,Emissions/water/unspecified,kg,,"C8H19O2PS3;O,O-diethyl S-(2-(ethylthio)ethyl) phosphorodithioate;エチルチオメトン;ジスルホトン;O,O-diethyl S-2-(ethylthio)ethyl phosphorodithioate;ethylthiometon;disulfoton,C8H19O2PS3;O,O-diethyl S-(2-(ethylthio)ethyl) phosphorodithioate;エチルチオメトン;ジスルホトン;O,O-diethyl S-2-(ethylthio)ethyl phosphorodithioate;ethylthiometon;disulfoton"
Mapping/Input/Flowlists/IDEA_EFv2.3.csv,IDEA_EFv2.3,,malathion,Emissions/water/unspecified,kg,,"C10H19O6PS2;1,2-di(ethoxycarbonyl)ethyl O,O-dimethyl phosphorodithioate;1,2-ジ(エトキシカルボニル)エチル O,O-ジメチルホスホロジチオアート;マラチオン;O,O-dimethyl-S-(1,2-dicarbethoxyethyl) phosphorodithioate;1,2-di(ethoxycarbonyl)ethyl O,O-dimethyl phosphorodithioate;malathion,C10H19O6PS2;1,2-di(ethoxycarbonyl)ethyl O,O-dimethyl phosphorodithioate;1,2-ジ(エトキシカルボニル)エチル O,O-ジメチルホスホロジチオアート;マラチオン;O,O-dimethyl-S-(1,2-dicarbethoxyethyl) phosphorodithioate;1,2-di(ethoxycarbonyl)ethyl O,O-dimethyl phosphorodithioate;malathion"
Mapping/Input/Flowlists/IDEA_EFv2.3.csv,IDEA_EFv2.3,,cobalt,Emissions/water/unspecified,kg,,Co;コバルト（資源）;Co reserves;cobalt reserves
Mapping/Input/Flowlists/IDEA_EFv2.3.csv,IDEA_EFv2.3,,phenol,Emissions/water/unspecified,kg,,C6H6O;Carbolic acid;石炭酸;ヒドロキシベンゼン;フェニルアルコール;phenol;carboic acid;hydroxybenzene;phenyl alcohol
Mapping/Input/Flowlists/IDEA_EFv2.3.csv,IDEA_EFv2.3,,sulphuric acid,Emissions/water/unspecified,kg,,H2SO4;sulphuric acid;sulfuric acid
Mapping/Input/Flowlists/IDEA_EFv2.3.csv,IDEA_EFv2.3,,boron,Emissions/water/unspecified,kg,,"B;ホウ素（資源）;B reserves;boron reserves,B;ホウ素（資源）;B reserves;boron reserves"
Mapping/Input/Flowlists/IDEA_EFv2.3.csv,IDEA_EFv2.3,,Tritium (H-3),Emissions/water/sea water,kBq,,
Mapping/Input/Flowlists/IDEA_EFv2.3.csv,IDEA_EFv2.3,,uranium,Emissions/water/sea water,kBq,,
Mapping/Input/Flowlists/IDEA_EFv2.3.csv,IDEA_EFv2.3,,Strontium (Sr-90),Emissions/water/sea water,kBq,,
Mapping/Input/Flowlists/IDEA_EFv2.3.csv,IDEA_EFv2.3,,Iodine (I-129),Emissions/water/sea water,kBq,,
Mapping/Input/Flowlists/IDEA_EFv2.3.csv,IDEA_EFv2.3,,Iodine (I-131),Emissions/water/sea water,kBq,,
Mapping/Input/Flowlists/IDEA_EFv2.3.csv,IDEA_EFv2.3,,Plutonium (Pu (α)),Emissions/water/sea water,kBq,,
Mapping/Input/Flowlists/IDEA_EFv2.3.csv,IDEA_EFv2.3,,Radionuclide,Emissions/water/sea water,kBq,,
Mapping/Input/Flowlists/IDEA_EFv2.3.csv,IDEA_EFv2.3,,acrylamide,Emissions/water/unspecified,kg,,
Mapping/Input/Flowlists/IDEA_EFv2.3.csv,IDEA_EFv2.3,,ethyl acrylate,Emissions/water/unspecified,kg,,
Mapping/Input/Flowlists/IDEA_EFv2.3.csv,IDEA_EFv2.3,,acrylic acid and its water-soluble salts,Emissions/water/unspecified,kg,,
Mapping/Input/Flowlists/IDEA_EFv2.3.csv,IDEA_EFv2.3,,2-hydroxyethyl acrylate,Emissions/water/unspecified,kg,,
Mapping/Input/Flowlists/IDEA_EFv2.3.csv,IDEA_EFv2.3,,n-butyl acrylate,Emissions/water/unspecified,kg,,
Mapping/Input/Flowlists/IDEA_EFv2.3.csv,IDEA_EFv2.3,,methyl acrylate,Emissions/water/unspecified,kg,,
Mapping/Input/Flowlists/IDEA_EFv2.3.csv,IDEA_EFv2.3,,acrylonitrile,Emissions/water/unspecified,kg,,
Mapping/Input/Flowlists/IDEA_EFv2.3.csv,IDEA_EFv2.3,,acrolein,Emissions/water/unspecified,kg,,
Mapping/Input/Flowlists/IDEA_EFv2.3.csv,IDEA_EFv2.3,,sodium azide,Emissions/water/unspecified,kg,,
Mapping/Input/Flowlists/IDEA_EFv2.3.csv,IDEA_EFv2.3,,acetaldehyde,Emissions/water/unspecified,kg,,
Mapping/Input/Flowlists/IDEA_EFv2.3.csv,IDEA_EFv2.3,,acetonitrile,Emissions/water/unspecified,kg,,
Mapping/Input/Flowlists/IDEA_EFv2.3.csv,IDEA_EFv2.3,,"2,2'-azobisisobutyronitrile",Emissions/water/unspecified,kg,,
Mapping/Input/Flowlists/IDEA_EFv2.3.csv,IDEA_EFv2.3,,o-anisidine,Emissions/water/unspecified,kg,,
Mapping/Input/Flowlists/IDEA_EFv2.3.csv,IDEA_EFv2.3,,aniline,Emissions/water/unspecified,kg,,
Mapping/Input/Flowlists/IDEA_EFv2.3.csv,IDEA_EFv2.3,,2-aminoethanol,Emissions/water/unspecified,kg,,
Mapping/Input/Flowlists/IDEA_EFv2.3.csv,IDEA_EFv2.3,,"5-amino-1-[2,6-dichloro-4-(trifluoromethyl)phenyl]-3-cyano-4-[(trifluoromethyl)sulfinyl]pyrazole",Emissions/water/unspecified,kg,,
Mapping/Input/Flowlists/IDEA_EFv2.3.csv,IDEA_EFv2.3,,p-aminophenol,Emissions/water/unspecified,kg,,
Mapping/Input/Flowlists/IDEA_EFv2.3.csv,IDEA_EFv2.3,,m-aminophenol,Emissions/water/unspecified,kg,,
Mapping/Input/Flowlists/IDEA_EFv2.3.csv,IDEA_EFv2.3,,allyl alcohol,Emissions/water/unspecified,kg,,
Mapping/Input/Flowlists/IDEA_EFv2.3.csv,IDEA_EFv2.3,,n-alkylbenzenesulfonic acid and its salts(alkyl C=10-14),Emissions/water/unspecified,kg,,
Mapping/Input/Flowlists/IDEA_EFv2.3.csv,IDEA_EFv2.3,,antimony and its compounds,Emissions/water/unspecified,kg,,
Mapping/Input/Flowlists/IDEA_EFv2.3.csv,IDEA_EFv2.3,,"3-isocyanatomethyl-3,5,5-trimethylcyclohexyl isocyanate",Emissions/water/unspecified,kg,,
Mapping/Input/Flowlists/IDEA_EFv2.3.csv,IDEA_EFv2.3,,isobutyraldehyde,Emissions/water/unspecified,kg,,
Mapping/Input/Flowlists/IDEA_EFv2.3.csv,IDEA_EFv2.3,,isoprene,Emissions/water/unspecified,kg,,
Mapping/Input/Flowlists/IDEA_EFv2.3.csv,IDEA_EFv2.3,,"4,4'-isopropylidenediphenol",Emissions/water/unspecified,kg,,
Mapping/Input/Flowlists/IDEA_EFv2.3.csv,IDEA_EFv2.3,,3'-isopropoxy-2-trifluoromethylbenzanilide,Emissions/water/unspecified,kg,,
Mapping/Input/Flowlists/IDEA_EFv2.3.csv,IDEA_EFv2.3,,"1,1'-[iminodi(octamethylene)]diguanidine",Emissions/water/unspecified,kg,,
Mapping/Input/Flowlists/IDEA_EFv2.3.csv,IDEA_EFv2.3,,indium and its compounds,Emissions/water/unspecified,kg,,
Mapping/Input/Flowlists/IDEA_EFv2.3.csv,IDEA_EFv2.3,,O-ethyl O-4-nitrophenyl phenylphosphonothioate,Emissions/water/unspecified,kg,,
Mapping/Input/Flowlists/IDEA_EFv2.3.csv,IDEA_EFv2.3,,2-ethylhexanoic acid,Emissions/water/unspecified,kg,,
Mapping/Input/Flowlists/IDEA_EFv2.3.csv,IDEA_EFv2.3,,ethylbenzene,Emissions/water/unspecified,kg,,
Mapping/Input/Flowlists/IDEA_EFv2.3.csv,IDEA_EFv2.3,,ethylene oxide,Emissions/water/unspecified,kg,,
Mapping/Input/Flowlists/IDEA_EFv2.3.csv,IDEA_EFv2.3,,ethylene glycol monoethyl ether,Emissions/water/unspecified,kg,,
Mapping/Input/Flowlists/IDEA_EFv2.3.csv,IDEA_EFv2.3,,ethylene glycol monomethyl ether,Emissions/water/unspecified,kg,,
Mapping/Input/Flowlists/IDEA_EFv2.3.csv,IDEA_EFv2.3,,ethylenediamine,Emissions/water/unspecified,kg,,
Mapping/Input/Flowlists/IDEA_EFv2.3.csv,IDEA_EFv2.3,,ethylenediaminetetraacetic acid,Emissions/water/unspecified,kg,,
Mapping/Input/Flowlists/IDEA_EFv2.3.csv,IDEA_EFv2.3,,epichlorohydrin,Emissions/water/unspecified,kg,,
Mapping/Input/Flowlists/IDEA_EFv2.3.csv,IDEA_EFv2.3,,"2,3-epoxy-1-propanol",Emissions/water/unspecified,kg,,
Mapping/Input/Flowlists/IDEA_EFv2.3.csv,IDEA_EFv2.3,,"1,2-epoxypropane",Emissions/water/unspecified,kg,,
Mapping/Input/Flowlists/IDEA_EFv2.3.csv,IDEA_EFv2.3,,"2,3-epoxypropyl phenyl ether",Emissions/water/unspecified,kg,,
Mapping/Input/Flowlists/IDEA_EFv2.3.csv,IDEA_EFv2.3,,ferric chloride,Emissions/water/unspecified,kg,,
Mapping/Input/Flowlists/IDEA_EFv2.3.csv,IDEA_EFv2.3,,1-octanol,Emissions/water/unspecified,kg,,
Mapping/Input/Flowlists/IDEA_EFv2.3.csv,IDEA_EFv2.3,,ε-caprolactam,Emissions/water/unspecified,kg,,
Mapping/Input/Flowlists/IDEA_EFv2.3.csv,IDEA_EFv2.3,,"2,6-xylenol",Emissions/water/unspecified,kg,,
Mapping/Input/Flowlists/IDEA_EFv2.3.csv,IDEA_EFv2.3,,xylene,Emissions/water/unspecified,kg,,
Mapping/Input/Flowlists/IDEA_EFv2.3.csv,IDEA_EFv2.3,,silver and its water-soluble compounds,Emissions/water/unspecified,kg,,
Mapping/Input/Flowlists/IDEA_EFv2.3.csv,IDEA_EFv2.3,,cumene,Emissions/water/unspecified,kg,,
Mapping/Input/Flowlists/IDEA_EFv2.3.csv,IDEA_EFv2.3,,glyoxal,Emissions/water/unspecified,kg,,
Mapping/Input/Flowlists/IDEA_EFv2.3.csv,IDEA_EFv2.3,,glutaraldehyde,Emissions/water/unspecified,kg,,
Mapping/Input/Flowlists/IDEA_EFv2.3.csv,IDEA_EFv2.3,,cresol,Emissions/water/unspecified,kg,,
Mapping/Input/Flowlists/IDEA_EFv2.3.csv,IDEA_EFv2.3,,chromium(VI) compounds,Emissions/water/unspecified,kg,,
Mapping/Input/Flowlists/IDEA_EFv2.3.csv,IDEA_EFv2.3,,chloroaniline,Emissions/water/unspecified,kg,,
Mapping/Input/Flowlists/IDEA_EFv2.3.csv,IDEA_EFv2.3,,2-chloro-2'-ethyl-N-(2-methoxy-1-methylethyl)-6'-methylacetanilide,Emissions/water/unspecified,kg,,
Mapping/Input/Flowlists/IDEA_EFv2.3.csv,IDEA_EFv2.3,,chloroethylene,Emissions/water/unspecified,kg,,
Mapping/Input/Flowlists/IDEA_EFv2.3.csv,IDEA_EFv2.3,,"3-chloro-N-(3-chloro-5-trifluoromethyl-2-pyridyl)-α,α,α-trifluoro-2,6-dinitro-p-toluidine",Emissions/water/unspecified,kg,,
Mapping/Input/Flowlists/IDEA_EFv2.3.csv,IDEA_EFv2.3,,"1-({2-[2-chloro-4-(4-chlorophenoxy)phenyl]-4-methyl-1,3-dioxolan-2-yl}methyl)-1H-1,2,4-triazole",Emissions/water/unspecified,kg,,
Mapping/Input/Flowlists/IDEA_EFv2.3.csv,IDEA_EFv2.3,,chloroacetic acid,Emissions/water/unspecified,kg,,
Mapping/Input/Flowlists/IDEA_EFv2.3.csv,IDEA_EFv2.3,,ethyl chloroacetate,Emissions/water/unspecified,kg,,
Mapping/Input/Flowlists/IDEA_EFv2.3.csv,IDEA_EFv2.3,,"2-chloro-2',6'-diethyl-N-(2-propoxyethyl)acetanilide",Emissions/water/unspecified,kg,,
Mapping/Input/Flowlists/IDEA_EFv2.3.csv,IDEA_EFv2.3,,"1-chloro-2,4-dinitrobenzene",Emissions/water/unspecified,kg,,
Mapping/Input/Flowlists/IDEA_EFv2.3.csv,IDEA_EFv2.3,,o-chlorotoluene,Emissions/water/unspecified,kg,,
Mapping/Input/Flowlists/IDEA_EFv2.3.csv,IDEA_EFv2.3,,p-chlorotoluene,Emissions/water/unspecified,kg,,
Mapping/Input/Flowlists/IDEA_EFv2.3.csv,IDEA_EFv2.3,,"2-chloro-4,6-bis(ethylamino)-1,3,5-triazine",Emissions/water/unspecified,kg,,
Mapping/Input/Flowlists/IDEA_EFv2.3.csv,IDEA_EFv2.3,,"(RS)-1-p-chlorophenyl-4,4-dimethyl-3-(1H-1,2,4-triazol-1-ylmethyl)pentan-3-ol",Emissions/water/unspecified,kg,,
Mapping/Input/Flowlists/IDEA_EFv2.3.csv,IDEA_EFv2.3,,2-chloropropionic acid,Emissions/water/unspecified,kg,,
Mapping/Input/Flowlists/IDEA_EFv2.3.csv,IDEA_EFv2.3,,3-chloropropene,Emissions/water/unspecified,kg,,
Mapping/Input/Flowlists/IDEA_EFv2.3.csv,IDEA_EFv2.3,,chlorobenzene,Emissions/water/unspecified,kg,,
Mapping/Input/Flowlists/IDEA_EFv2.3.csv,IDEA_EFv2.3,,chloroform,Emissions/water/unspecified,kg,,
Mapping/Input/Flowlists/IDEA_EFv2.3.csv,IDEA_EFv2.3,,chloromethane,Emissions/water/unspecified,kg,,
Mapping/Input/Flowlists/IDEA_EFv2.3.csv,IDEA_EFv2.3,,2-ethoxyethyl acetate,Emissions/water/unspecified,kg,,
Mapping/Input/Flowlists/IDEA_EFv2.3.csv,IDEA_EFv2.3,,vinyl acetate,Emissions/water/unspecified,kg,,
Mapping/Input/Flowlists/IDEA_EFv2.3.csv,IDEA_EFv2.3,,2-methoxyethyl acetate,Emissions/water/unspecified,kg,,
Mapping/Input/Flowlists/IDEA_EFv2.3.csv,IDEA_EFv2.3,,salicylaldehyde,Emissions/water/unspecified,kg,,
Mapping/Input/Flowlists/IDEA_EFv2.3.csv,IDEA_EFv2.3,,cyanamide,Emissions/water/unspecified,kg,,
Mapping/Input/Flowlists/IDEA_EFv2.3.csv,IDEA_EFv2.3,,inorganic cyanide compounds (except complex salts and cyanates),Emissions/water/unspecified,kg,,
Mapping/Input/Flowlists/IDEA_EFv2.3.csv,IDEA_EFv2.3,,2-(diethylamino)ethanol,Emissions/water/unspecified,kg,,
Mapping/Input/Flowlists/IDEA_EFv2.3.csv,IDEA_EFv2.3,,"S-4-chlorobenzyl N,N-diethylthiocarbamate",Emissions/water/unspecified,kg,,
Mapping/Input/Flowlists/IDEA_EFv2.3.csv,IDEA_EFv2.3,,"N,N-diethyl-3-(2,4,6-trimethylphenylsulfonyl)-1H-1,2,4-triazole-1-carboxamide",Emissions/water/unspecified,kg,,
Mapping/Input/Flowlists/IDEA_EFv2.3.csv,IDEA_EFv2.3,,"1,4-dioxane",Emissions/water/unspecified,kg,,
Mapping/Input/Flowlists/IDEA_EFv2.3.csv,IDEA_EFv2.3,,"1,3-dioxolane",Emissions/water/unspecified,kg,,
Mapping/Input/Flowlists/IDEA_EFv2.3.csv,IDEA_EFv2.3,,cyclohexylamine,Emissions/water/unspecified,kg,,
Mapping/Input/Flowlists/IDEA_EFv2.3.csv,IDEA_EFv2.3,,N-(cyclohexylthio)phthalimide,Emissions/water/unspecified,kg,,
Mapping/Input/Flowlists/IDEA_EFv2.3.csv,IDEA_EFv2.3,,"1,2-dichloroethane",Emissions/water/unspecified,kg,,
Mapping/Input/Flowlists/IDEA_EFv2.3.csv,IDEA_EFv2.3,,"1,1-Dichloroethylene",Emissions/water/unspecified,kg,,
Mapping/Input/Flowlists/IDEA_EFv2.3.csv,IDEA_EFv2.3,,"cis-1,2-dichloroethylene",Emissions/water/unspecified,kg,,
Mapping/Input/Flowlists/IDEA_EFv2.3.csv,IDEA_EFv2.3,,"2,4-dichlorotoluene",Emissions/water/unspecified,kg,,
Mapping/Input/Flowlists/IDEA_EFv2.3.csv,IDEA_EFv2.3,,"3-(3,5-dichlorophenyl)-N-isopropyl-2,4-dioxoimidazolidine-1-carboxamide",Emissions/water/unspecified,kg,,
Mapping/Input/Flowlists/IDEA_EFv2.3.csv,IDEA_EFv2.3,,"1,2-dichloropropane",Emissions/water/unspecified,kg,,
Mapping/Input/Flowlists/IDEA_EFv2.3.csv,IDEA_EFv2.3,,"1,3-dichloropropene",Emissions/water/unspecified,kg,,
Mapping/Input/Flowlists/IDEA_EFv2.3.csv,IDEA_EFv2.3,,dichlorobenzene,Emissions/water/unspecified,kg,,
Mapping/Input/Flowlists/IDEA_EFv2.3.csv,IDEA_EFv2.3,,"4-(2,4-dichlorobenzoyl)-1,3-dimethyl-5-pyrazolyl 4-toluenesulfonate",Emissions/water/unspecified,kg,,
Mapping/Input/Flowlists/IDEA_EFv2.3.csv,IDEA_EFv2.3,,"2,6-dichlorobenzonitrile",Emissions/water/unspecified,kg,,
Mapping/Input/Flowlists/IDEA_EFv2.3.csv,IDEA_EFv2.3,,dichloromethane,Emissions/water/unspecified,kg,,
Mapping/Input/Flowlists/IDEA_EFv2.3.csv,IDEA_EFv2.3,,"N,N-dicyclohexylamine",Emissions/water/unspecified,kg,,
Mapping/Input/Flowlists/IDEA_EFv2.3.csv,IDEA_EFv2.3,,dicyclopentadiene,Emissions/water/unspecified,kg,,
Mapping/Input/Flowlists/IDEA_EFv2.3.csv,IDEA_EFv2.3,,"diisopropyl 1,3-dithiolan-2-ylidenemalonate",Emissions/water/unspecified,kg,,
Mapping/Input/Flowlists/IDEA_EFv2.3.csv,IDEA_EFv2.3,,"O-2,4-dichlorophenyl O-ethyl S-propyl phosphorodithioate",Emissions/water/unspecified,kg,,
Mapping/Input/Flowlists/IDEA_EFv2.3.csv,IDEA_EFv2.3,,"O,O-dimethyl S-(N-methylcarbamoyl)methyl phosphorodithioate",Emissions/water/unspecified,kg,,
Mapping/Input/Flowlists/IDEA_EFv2.3.csv,IDEA_EFv2.3,,dinitrotoluene,Emissions/water/unspecified,kg,,
Mapping/Input/Flowlists/IDEA_EFv2.3.csv,IDEA_EFv2.3,,"2,4-dinitrophenol",Emissions/water/unspecified,kg,,
Mapping/Input/Flowlists/IDEA_EFv2.3.csv,IDEA_EFv2.3,,diphenylamine,Emissions/water/unspecified,kg,,
Mapping/Input/Flowlists/IDEA_EFv2.3.csv,IDEA_EFv2.3,,"1,3-diphenylguanidine",Emissions/water/unspecified,kg,,
Mapping/Input/Flowlists/IDEA_EFv2.3.csv,IDEA_EFv2.3,,"2,6-di-tert-butyl-4-cresol",Emissions/water/unspecified,kg,,
Mapping/Input/Flowlists/IDEA_EFv2.3.csv,IDEA_EFv2.3,,"2,2-dibromo-2-cyanoacetamide",Emissions/water/unspecified,kg,,
Mapping/Input/Flowlists/IDEA_EFv2.3.csv,IDEA_EFv2.3,,"N,N-dimethylacetamide",Emissions/water/unspecified,kg,,
Mapping/Input/Flowlists/IDEA_EFv2.3.csv,IDEA_EFv2.3,,"2,6-dimethylaniline",Emissions/water/unspecified,kg,,
Mapping/Input/Flowlists/IDEA_EFv2.3.csv,IDEA_EFv2.3,,"N,N-dimethylaniline",Emissions/water/unspecified,kg,,
Mapping/Input/Flowlists/IDEA_EFv2.3.csv,IDEA_EFv2.3,,dimethylamine,Emissions/water/unspecified,kg,,
Mapping/Input/Flowlists/IDEA_EFv2.3.csv,IDEA_EFv2.3,,dimethyl disulfide,Emissions/water/unspecified,kg,,
Mapping/Input/Flowlists/IDEA_EFv2.3.csv,IDEA_EFv2.3,,"N,N-dimethyldodecylamine N-oxide",Emissions/water/unspecified,kg,,
Mapping/Input/Flowlists/IDEA_EFv2.3.csv,IDEA_EFv2.3,,"dimethyl 2,2,2-trichloro-1-hydroxyethylphosphonate",Emissions/water/unspecified,kg,,
Mapping/Input/Flowlists/IDEA_EFv2.3.csv,IDEA_EFv2.3,,"dimethyl 4,4'-(o-phenylene)bis(3-thioallophanate)",Emissions/water/unspecified,kg,,
Mapping/Input/Flowlists/IDEA_EFv2.3.csv,IDEA_EFv2.3,,"3,3'-dimethylbenzidine",Emissions/water/unspecified,kg,,
Mapping/Input/Flowlists/IDEA_EFv2.3.csv,IDEA_EFv2.3,,"N,N-dimethylformamide",Emissions/water/unspecified,kg,,
Mapping/Input/Flowlists/IDEA_EFv2.3.csv,IDEA_EFv2.3,,water-soluble salts of bromic acid,Emissions/water/unspecified,kg,,
Mapping/Input/Flowlists/IDEA_EFv2.3.csv,IDEA_EFv2.3,,organic tin compounds,Emissions/water/unspecified,kg,,
Mapping/Input/Flowlists/IDEA_EFv2.3.csv,IDEA_EFv2.3,,styrene,Emissions/water/unspecified,kg,,
Mapping/Input/Flowlists/IDEA_EFv2.3.csv,IDEA_EFv2.3,,selenium and its compounds,Emissions/water/unspecified,kg,,
Mapping/Input/Flowlists/IDEA_EFv2.3.csv,IDEA_EFv2.3,,dioxins,Emissions/water/unspecified,kg,,
Mapping/Input/Flowlists/IDEA_EFv2.3.csv,IDEA_EFv2.3,,"2-thioxo-3,5-dimethyltetrahydro-2H-1,3,5-thiadiazine",Emissions/water/unspecified,kg,,
Mapping/Input/Flowlists/IDEA_EFv2.3.csv,IDEA_EFv2.3,,thiourea,Emissions/water/unspecified,kg,,
Mapping/Input/Flowlists/IDEA_EFv2.3.csv,IDEA_EFv2.3,,"O,O-diethyl O-2-isopropyl-6-methyl-4-pyrimidinyl phosphorothioate",Emissions/water/unspecified,kg,,
Mapping/Input/Flowlists/IDEA_EFv2.3.csv,IDEA_EFv2.3,,"O,O-diethyl O-5-phenyl-3-isoxazolyl phosphorothioate",Emissions/water/unspecified,kg,,
Mapping/Input/Flowlists/IDEA_EFv2.3.csv,IDEA_EFv2.3,,"O,O-dimethyl O-3-methyl-4-nitrophenyl phosphorothioate",Emissions/water/unspecified,kg,,
Mapping/Input/Flowlists/IDEA_EFv2.3.csv,IDEA_EFv2.3,,"O,O-dimethyl O-3-methyl-4-(methylthio)phenyl phosphorothioate",Emissions/water/unspecified,kg,,
Mapping/Input/Flowlists/IDEA_EFv2.3.csv,IDEA_EFv2.3,,decabromodiphenyl ether,Emissions/water/unspecified,kg,,
Mapping/Input/Flowlists/IDEA_EFv2.3.csv,IDEA_EFv2.3,,decanoic acid,Emissions/water/unspecified,kg,,
Mapping/Input/Flowlists/IDEA_EFv2.3.csv,IDEA_EFv2.3,,decyl alcohol,Emissions/water/unspecified,kg,,
Mapping/Input/Flowlists/IDEA_EFv2.3.csv,IDEA_EFv2.3,,"1,3,5,7-tetraazatricyclo[3.3.1.13.7]decane",Emissions/water/unspecified,kg,,
Mapping/Input/Flowlists/IDEA_EFv2.3.csv,IDEA_EFv2.3,,tetrachloroisophthalonitrile,Emissions/water/unspecified,kg,,
Mapping/Input/Flowlists/IDEA_EFv2.3.csv,IDEA_EFv2.3,,tetrachloroethylene,Emissions/water/unspecified,kg,,
Mapping/Input/Flowlists/IDEA_EFv2.3.csv,IDEA_EFv2.3,,"3,7,9,13-tetramethyl-5,11-dioxa-2,8,14-trithia-4,7,9,12-tetraazapentadeca-3,12-diene-6,10-dione",Emissions/water/unspecified,kg,,
Mapping/Input/Flowlists/IDEA_EFv2.3.csv,IDEA_EFv2.3,,tetramethylthiuram disulfide,Emissions/water/unspecified,kg,,
Mapping/Input/Flowlists/IDEA_EFv2.3.csv,IDEA_EFv2.3,,"3,7,11,15-tetramethylhexadec-1-en-3-ol",Emissions/water/unspecified,kg,,
Mapping/Input/Flowlists/IDEA_EFv2.3.csv,IDEA_EFv2.3,,terephthalic acid,Emissions/water/unspecified,kg,,
Mapping/Input/Flowlists/IDEA_EFv2.3.csv,IDEA_EFv2.3,,1-dodecanol,Emissions/water/unspecified,kg,,
Mapping/Input/Flowlists/IDEA_EFv2.3.csv,IDEA_EFv2.3,,sodium dodecyl sulfate,Emissions/water/unspecified,kg,,
Mapping/Input/Flowlists/IDEA_EFv2.3.csv,IDEA_EFv2.3,,"3,6,9-triazaundecane-1,11-diamine",Emissions/water/unspecified,kg,,
Mapping/Input/Flowlists/IDEA_EFv2.3.csv,IDEA_EFv2.3,,triethylamine,Emissions/water/unspecified,kg,,
Mapping/Input/Flowlists/IDEA_EFv2.3.csv,IDEA_EFv2.3,,triethylenetetramine,Emissions/water/unspecified,kg,,
Mapping/Input/Flowlists/IDEA_EFv2.3.csv,IDEA_EFv2.3,,"1,1,1-trichloroethane",Emissions/water/unspecified,kg,,
Mapping/Input/Flowlists/IDEA_EFv2.3.csv,IDEA_EFv2.3,,"1,1,2-trichloroethane",Emissions/water/unspecified,kg,,
Mapping/Input/Flowlists/IDEA_EFv2.3.csv,IDEA_EFv2.3,,trichloroethylene,Emissions/water/unspecified,kg,,
Mapping/Input/Flowlists/IDEA_EFv2.3.csv,IDEA_EFv2.3,,trichloroacetic acid,Emissions/water/unspecified,kg,,
Mapping/Input/Flowlists/IDEA_EFv2.3.csv,IDEA_EFv2.3,,"2,4,6-trichloro-1,3,5-triazine",Emissions/water/unspecified,kg,,
Mapping/Input/Flowlists/IDEA_EFv2.3.csv,IDEA_EFv2.3,,"1,3,5-tris(2,3-epoxypropyl)-1,3,5-triazine-2,4,6(1H,3H,5H)-trione",Emissions/water/unspecified,kg,,
Mapping/Input/Flowlists/IDEA_EFv2.3.csv,IDEA_EFv2.3,,tributylamine,Emissions/water/unspecified,kg,,
Mapping/Input/Flowlists/IDEA_EFv2.3.csv,IDEA_EFv2.3,,"2,4,6-tribromophenol",Emissions/water/unspecified,kg,,
Mapping/Input/Flowlists/IDEA_EFv2.3.csv,IDEA_EFv2.3,,"1,2,4-trimethylbenzene",Emissions/water/unspecified,kg,,
Mapping/Input/Flowlists/IDEA_EFv2.3.csv,IDEA_EFv2.3,,"1,3,5-trimethylbenzene",Emissions/water/unspecified,kg,,
Mapping/Input/Flowlists/IDEA_EFv2.3.csv,IDEA_EFv2.3,,tolylene diisocyanate,Emissions/water/unspecified,kg,,
Mapping/Input/Flowlists/IDEA_EFv2.3.csv,IDEA_EFv2.3,,toluidine,Emissions/water/unspecified,kg,,
Mapping/Input/Flowlists/IDEA_EFv2.3.csv,IDEA_EFv2.3,,toluene,Emissions/water/unspecified,kg,,
Mapping/Input/Flowlists/IDEA_EFv2.3.csv,IDEA_EFv2.3,,toluenediamine,Emissions/water/unspecified,kg,,
Mapping/Input/Flowlists/IDEA_EFv2.3.csv,IDEA_EFv2.3,,naphthalene,Emissions/water/unspecified,kg,,
Mapping/Input/Flowlists/IDEA_EFv2.3.csv,IDEA_EFv2.3,,lead compounds,Emissions/water/unspecified,kg,,
Mapping/Input/Flowlists/IDEA_EFv2.3.csv,IDEA_EFv2.3,,hexamethylene diacrylate,Emissions/water/unspecified,kg,,
Mapping/Input/Flowlists/IDEA_EFv2.3.csv,IDEA_EFv2.3,,nitrilotriacetic acid,Emissions/water/unspecified,kg,,
Mapping/Input/Flowlists/IDEA_EFv2.3.csv,IDEA_EFv2.3,,nitroglycerin,Emissions/water/unspecified,kg,,
Mapping/Input/Flowlists/IDEA_EFv2.3.csv,IDEA_EFv2.3,,o-nitrotoluene,Emissions/water/unspecified,kg,,
Mapping/Input/Flowlists/IDEA_EFv2.3.csv,IDEA_EFv2.3,,nitrobenzene,Emissions/water/unspecified,kg,,
Mapping/Input/Flowlists/IDEA_EFv2.3.csv,IDEA_EFv2.3,,carbon disulfide,Emissions/water/unspecified,kg,,
Mapping/Input/Flowlists/IDEA_EFv2.3.csv,IDEA_EFv2.3,,nonylphenol,Emissions/water/unspecified,kg,,
Mapping/Input/Flowlists/IDEA_EFv2.3.csv,IDEA_EFv2.3,,vanadium compounds,Emissions/water/unspecified,kg,,
Mapping/Input/Flowlists/IDEA_EFv2.3.csv,IDEA_EFv2.3,,"5'-[N,N-bis(2-acetyloxyethyl)amino]-2'-(2-bromo-4,6-dinitrophenylazo)-4'-methoxyacetanilide",Emissions/water/unspecified,kg,,
Mapping/Input/Flowlists/IDEA_EFv2.3.csv,IDEA_EFv2.3,,"2,4-bis(ethylamino)-6-methylthio-1,3,5-triazine",Emissions/water/unspecified,kg,,
Mapping/Input/Flowlists/IDEA_EFv2.3.csv,IDEA_EFv2.3,,bis(8-quinolinolato)copper,Emissions/water/unspecified,kg,,
Mapping/Input/Flowlists/IDEA_EFv2.3.csv,IDEA_EFv2.3,,"N,N'-ethylenebis(thiocarbamoylthiozinc)bis(N,N-dimethyldithiocarbamate)",Emissions/water/unspecified,kg,,
Mapping/Input/Flowlists/IDEA_EFv2.3.csv,IDEA_EFv2.3,,bis(1-methyl-1-phenylethyl) peroxide,Emissions/water/unspecified,kg,,
Mapping/Input/Flowlists/IDEA_EFv2.3.csv,IDEA_EFv2.3,,hydrazine,Emissions/water/unspecified,kg,,
Mapping/Input/Flowlists/IDEA_EFv2.3.csv,IDEA_EFv2.3,,methyl 4-hydroxybenzoate,Emissions/water/unspecified,kg,,
Mapping/Input/Flowlists/IDEA_EFv2.3.csv,IDEA_EFv2.3,,hydroquinone,Emissions/water/unspecified,kg,,
Mapping/Input/Flowlists/IDEA_EFv2.3.csv,IDEA_EFv2.3,,4-vinyl-1-cyclohexene,Emissions/water/unspecified,kg,,
Mapping/Input/Flowlists/IDEA_EFv2.3.csv,IDEA_EFv2.3,,2-vinylpyridine,Emissions/water/unspecified,kg,,
Mapping/Input/Flowlists/IDEA_EFv2.3.csv,IDEA_EFv2.3,,piperazine,Emissions/water/unspecified,kg,,
Mapping/Input/Flowlists/IDEA_EFv2.3.csv,IDEA_EFv2.3,,pyridine,Emissions/water/unspecified,kg,,
Mapping/Input/Flowlists/IDEA_EFv2.3.csv,IDEA_EFv2.3,,pyrocatechol,Emissions/water/unspecified,kg,,
Mapping/Input/Flowlists/IDEA_EFv2.3.csv,IDEA_EFv2.3,,phenylenediamine,Emissions/water/unspecified,kg,,
Mapping/Input/Flowlists/IDEA_EFv2.3.csv,IDEA_EFv2.3,,"3-phenoxybenzyl 3-(2,2-dichlorovinyl)-2,2-dimethylcyclopropanecarboxylate",Emissions/water/unspecified,kg,,
Mapping/Input/Flowlists/IDEA_EFv2.3.csv,IDEA_EFv2.3,,"1,3-butadiene",Emissions/water/unspecified,kg,,
Mapping/Input/Flowlists/IDEA_EFv2.3.csv,IDEA_EFv2.3,,di-n-butyl phthalate,Emissions/water/unspecified,kg,,
Mapping/Input/Flowlists/IDEA_EFv2.3.csv,IDEA_EFv2.3,,bis(2-ethylhexyl)phthalate,Emissions/water/unspecified,kg,,
Mapping/Input/Flowlists/IDEA_EFv2.3.csv,IDEA_EFv2.3,,butyl(R)-2-[4-(4-cyano-2-fluorophenoxy)phenoxy]propionate,Emissions/water/unspecified,kg,,
Mapping/Input/Flowlists/IDEA_EFv2.3.csv,IDEA_EFv2.3,,tert-butyl hydroperoxide,Emissions/water/unspecified,kg,,
Mapping/Input/Flowlists/IDEA_EFv2.3.csv,IDEA_EFv2.3,,4-tert-butylphenol,Emissions/water/unspecified,kg,,
Mapping/Input/Flowlists/IDEA_EFv2.3.csv,IDEA_EFv2.3,,hydrogen fluoride and its water-soluble salts,Emissions/water/unspecified,kg,,
Mapping/Input/Flowlists/IDEA_EFv2.3.csv,IDEA_EFv2.3,,2-butenal,Emissions/water/unspecified,kg,,
Mapping/Input/Flowlists/IDEA_EFv2.3.csv,IDEA_EFv2.3,,"polymer of N,N'-propylenebis(dithiocarbamic acid)and zinc",Emissions/water/unspecified,kg,,
Mapping/Input/Flowlists/IDEA_EFv2.3.csv,IDEA_EFv2.3,,1-bromopropane,Emissions/water/unspecified,kg,,
Mapping/Input/Flowlists/IDEA_EFv2.3.csv,IDEA_EFv2.3,,2-bromopropane,Emissions/water/unspecified,kg,,
Mapping/Input/Flowlists/IDEA_EFv2.3.csv,IDEA_EFv2.3,,bromomethane,Emissions/water/unspecified,kg,,
Mapping/Input/Flowlists/IDEA_EFv2.3.csv,IDEA_EFv2.3,,hexadecyltrimethylammonium chloride,Emissions/water/unspecified,kg,,
Mapping/Input/Flowlists/IDEA_EFv2.3.csv,IDEA_EFv2.3,,hexamethylenediamine,Emissions/water/unspecified,kg,,
Mapping/Input/Flowlists/IDEA_EFv2.3.csv,IDEA_EFv2.3,,hexamethylene diisocyanate,Emissions/water/unspecified,kg,,
Mapping/Input/Flowlists/IDEA_EFv2.3.csv,IDEA_EFv2.3,,n-hexane,Emissions/water/unspecified,kg,,
Mapping/Input/Flowlists/IDEA_EFv2.3.csv,IDEA_EFv2.3,,betanaphthol,Emissions/water/unspecified,kg,,
Mapping/Input/Flowlists/IDEA_EFv2.3.csv,IDEA_EFv2.3,,water-soluble salts of peroxodisulfuric acid,Emissions/water/unspecified,kg,,
Mapping/Input/Flowlists/IDEA_EFv2.3.csv,IDEA_EFv2.3,,perfluoro(octane-1-sulfonic acid),Emissions/water/unspecified,kg,,
Mapping/Input/Flowlists/IDEA_EFv2.3.csv,IDEA_EFv2.3,,benzyl chloride,Emissions/water/unspecified,kg,,
Mapping/Input/Flowlists/IDEA_EFv2.3.csv,IDEA_EFv2.3,,benzaldehyde,Emissions/water/unspecified,kg,,
Mapping/Input/Flowlists/IDEA_EFv2.3.csv,IDEA_EFv2.3,,benzene,Emissions/water/unspecified,kg,,
Mapping/Input/Flowlists/IDEA_EFv2.3.csv,IDEA_EFv2.3,,"1,2,4-benzenetricarboxylic 1,2-anhydride",Emissions/water/unspecified,kg,,
Mapping/Input/Flowlists/IDEA_EFv2.3.csv,IDEA_EFv2.3,,2-(2-benzothiazolyloxy)-N-methylacetanilide,Emissions/water/unspecified,kg,,
Mapping/Input/Flowlists/IDEA_EFv2.3.csv,IDEA_EFv2.3,,benzophenone,Emissions/water/unspecified,kg,,
Mapping/Input/Flowlists/IDEA_EFv2.3.csv,IDEA_EFv2.3,,boron compounds,Emissions/water/unspecified,kg,,
Mapping/Input/Flowlists/IDEA_EFv2.3.csv,IDEA_EFv2.3,,polychlorinated biphenyls,Emissions/water/unspecified,kg,,
Mapping/Input/Flowlists/IDEA_EFv2.3.csv,IDEA_EFv2.3,,poly(oxyethylene)alkyl ether(alkyl C=12-15),Emissions/water/unspecified,kg,,
Mapping/Input/Flowlists/IDEA_EFv2.3.csv,IDEA_EFv2.3,,poly(oxyethylene)octylphenyl ether,Emissions/water/unspecified,kg,,
Mapping/Input/Flowlists/IDEA_EFv2.3.csv,IDEA_EFv2.3,,sodium poly(oxyethylene) dodecyl ether sulfate,Emissions/water/unspecified,kg,,
Mapping/Input/Flowlists/IDEA_EFv2.3.csv,IDEA_EFv2.3,,poly(oxyethylene)nonylphenyl ether,Emissions/water/unspecified,kg,,
Mapping/Input/Flowlists/IDEA_EFv2.3.csv,IDEA_EFv2.3,,formaldehyde,Emissions/water/unspecified,kg,,
Mapping/Input/Flowlists/IDEA_EFv2.3.csv,IDEA_EFv2.3,,phthalic anhydride,Emissions/water/unspecified,kg,,
Mapping/Input/Flowlists/IDEA_EFv2.3.csv,IDEA_EFv2.3,,maleic anhydride,Emissions/water/unspecified,kg,,
Mapping/Input/Flowlists/IDEA_EFv2.3.csv,IDEA_EFv2.3,,methacrylic acid,Emissions/water/unspecified,kg,,
Mapping/Input/Flowlists/IDEA_EFv2.3.csv,IDEA_EFv2.3,,2-ethylhexyl methacrylate,Emissions/water/unspecified,kg,,
Mapping/Input/Flowlists/IDEA_EFv2.3.csv,IDEA_EFv2.3,,"2,3-epoxypropyl methacrylate",Emissions/water/unspecified,kg,,
Mapping/Input/Flowlists/IDEA_EFv2.3.csv,IDEA_EFv2.3,,2-(dimethylamino)ethyl methacrylate,Emissions/water/unspecified,kg,,
Mapping/Input/Flowlists/IDEA_EFv2.3.csv,IDEA_EFv2.3,,n-butyl methacrylate,Emissions/water/unspecified,kg,,
Mapping/Input/Flowlists/IDEA_EFv2.3.csv,IDEA_EFv2.3,,methyl methacrylate,Emissions/water/unspecified,kg,,
Mapping/Input/Flowlists/IDEA_EFv2.3.csv,IDEA_EFv2.3,,4-methylideneoxetan-2-one,Emissions/water/unspecified,kg,,
Mapping/Input/Flowlists/IDEA_EFv2.3.csv,IDEA_EFv2.3,,"(Z)-2'-methylacetophenone 4,6-dimethyl-2-pyrimidinylhydrazone",Emissions/water/unspecified,kg,,
Mapping/Input/Flowlists/IDEA_EFv2.3.csv,IDEA_EFv2.3,,methylamine,Emissions/water/unspecified,kg,,
Mapping/Input/Flowlists/IDEA_EFv2.3.csv,IDEA_EFv2.3,,2-sec-butylphenyl N-methylcarbamate,Emissions/water/unspecified,kg,,
Mapping/Input/Flowlists/IDEA_EFv2.3.csv,IDEA_EFv2.3,,α-methylstyrene,Emissions/water/unspecified,kg,,
Mapping/Input/Flowlists/IDEA_EFv2.3.csv,IDEA_EFv2.3,,methylnaphthalene,Emissions/water/unspecified,kg,,
Mapping/Input/Flowlists/IDEA_EFv2.3.csv,IDEA_EFv2.3,,3-methylpyridine,Emissions/water/unspecified,kg,,
Mapping/Input/Flowlists/IDEA_EFv2.3.csv,IDEA_EFv2.3,,1-methyl-1-phenylethyl hydroperoxide,Emissions/water/unspecified,kg,,
Mapping/Input/Flowlists/IDEA_EFv2.3.csv,IDEA_EFv2.3,,2-methyl-N-[3-(1-methylethoxy)phenyl]benzamide,Emissions/water/unspecified,kg,,
Mapping/Input/Flowlists/IDEA_EFv2.3.csv,IDEA_EFv2.3,,methyl (E)-methoxyimino-[2-[[[[(E)-1-[3-(trifluoromethyl)phenyl]ethylidene]amino]oxy]methyl]phenyl]acetate,Emissions/water/unspecified,kg,,
Mapping/Input/Flowlists/IDEA_EFv2.3.csv,IDEA_EFv2.3,,"methylenebis(4,1-cyclohexylene)diisocyanate",Emissions/water/unspecified,kg,,
Mapping/Input/Flowlists/IDEA_EFv2.3.csv,IDEA_EFv2.3,,"methylenebis(4,1-phenylene) diisocyanate",Emissions/water/unspecified,kg,,
Mapping/Input/Flowlists/IDEA_EFv2.3.csv,IDEA_EFv2.3,,O-3-tert-butylphenyl N-(6-methoxy-2-pyridyl)-N-methylthiocarbamate,Emissions/water/unspecified,kg,,
Mapping/Input/Flowlists/IDEA_EFv2.3.csv,IDEA_EFv2.3,,molybdenum and its compounds,Emissions/water/unspecified,kg,,
Mapping/Input/Flowlists/IDEA_EFv2.3.csv,IDEA_EFv2.3,,morpholine,Emissions/water/unspecified,kg,,
Mapping/Input/Flowlists/IDEA_EFv2.3.csv,IDEA_EFv2.3,,"dimethyl 2,2-dichlorovinyl phosphate",Emissions/water/unspecified,kg,,
Mapping/Input/Flowlists/IDEA_EFv2.3.csv,IDEA_EFv2.3,,tritolyl phosphate,Emissions/water/unspecified,kg,,
Mapping/Input/Flowlists/IDEA_EFv2.3.csv,IDEA_EFv2.3,,triphenyl phosphate,Emissions/water/unspecified,kg,,
Mapping/Input/Flowlists/IDEA_EFv2.3.csv,IDEA_EFv2.3,,tri-n-butyl phosphate,Emissions/water/unspecified,kg,,
Mapping/Input/Flowlists/IDEA_EFv2.3.csv,IDEA_EFv2.3,,arsenic,Emissions/ground/unspecified,kg,,"As;ヒ素;As;arsenic,As;ヒ素;As;arsenic"
Mapping/Input/Flowlists/IDEA_EFv2.3.csv,IDEA_EFv2.3,,chromium,Emissions/ground/unspecified,kg,,"Cr;Cr;chromium;chromium reserves,Cr;Cr;chromium;chromium reserves"
Mapping/Input/Flowlists/IDEA_EFv2.3.csv,IDEA_EFv2.3,,nickel,Emissions/ground/unspecified,kg,,"Ni;Ni;nickel;Ni,Ni;Ni;nickel;Ni"
Mapping/Input/Flowlists/IDEA_EFv2.3.csv,IDEA_EFv2.3,,lead,Emissions/ground/unspecified,kg,,"Pb;鉛;Pb;lead,Pb;鉛;Pb;lead"
Mapping/Input/Flowlists/IDEA_EFv2.3.csv,IDEA_EFv2.3,,zinc,Emissions/ground/unspecified,kg,,"Zn;亜鉛（資源）;Zn reserves;zinc reserves,Zn;亜鉛（資源）;Zn reserves;zinc reserves"
Mapping/Input/Flowlists/IDEA_EFv2.3.csv,IDEA_EFv2.3,,cypermethrin,Emissions/ground/unspecified,kg,,
Mapping/Input/Flowlists/IDEA_EFv2.3.csv,IDEA_EFv2.3,,fenvalerate,Emissions/ground/unspecified,kg,,
Mapping/Input/Flowlists/IDEA_EFv2.3.csv,IDEA_EFv2.3,,"Copper chloride oxide, hydrate",Emissions/ground/unspecified,kg,,
Mapping/Input/Flowlists/IDEA_EFv2.3.csv,IDEA_EFv2.3,,Copper hydroxide (Cu(OH)2),Emissions/ground/unspecified,kg,,
Mapping/Input/Flowlists/IDEA_EFv2.3.csv,IDEA_EFv2.3,,tetracopper hexahydroxide sulphate,Emissions/ground/unspecified,kg,,
Mapping/Input/Flowlists/IDEA_EFv2.3.csv,IDEA_EFv2.3,,treated MSW for landfill,Emissions/ground/unspecified,kg,,
Mapping/Input/Flowlists/IDEA_EFv2.3.csv,IDEA_EFv2.3,,treated industrial waste for landfill,Emissions/ground/unspecified,kg,,
Mapping/Input/Flowlists/IDEA_EFv2.3.csv,IDEA_EFv2.3,,5-amino-4-chloro-2-phenylpyridazin-3(2H)-one,Emissions/ground/unspecified,kg,,
Mapping/Input/Flowlists/IDEA_EFv2.3.csv,IDEA_EFv2.3,,"5-amino-1-[2,6-dichloro-4-(trifluoromethyl)phenyl]-3-cyano-4-[(trifluoromethyl)sulfinyl]pyrazole",Emissions/ground/unspecified,kg,,
Mapping/Input/Flowlists/IDEA_EFv2.3.csv,IDEA_EFv2.3,,"4-amino-6-tert-butyl-3-methylthio-1,2,4-triazin-5(4H)-one",Emissions/ground/unspecified,kg,,
Mapping/Input/Flowlists/IDEA_EFv2.3.csv,IDEA_EFv2.3,,"4-amino-3-methyl-6-phenyl-1,2,4-triazin-5(4H)-one",Emissions/ground/unspecified,kg,,
Mapping/Input/Flowlists/IDEA_EFv2.3.csv,IDEA_EFv2.3,,antimony and its compounds,Emissions/ground/unspecified,kg,,
Mapping/Input/Flowlists/IDEA_EFv2.3.csv,IDEA_EFv2.3,,isopropyl 2-(4-methoxybiphenyl-3-yl)hydrazinoformate,Emissions/ground/unspecified,kg,,
Mapping/Input/Flowlists/IDEA_EFv2.3.csv,IDEA_EFv2.3,,3'-isopropoxy-2-trifluoromethylbenzanilide,Emissions/ground/unspecified,kg,,
Mapping/Input/Flowlists/IDEA_EFv2.3.csv,IDEA_EFv2.3,,"1,1'-[iminodi(octamethylene)]diguanidine",Emissions/ground/unspecified,kg,,
Mapping/Input/Flowlists/IDEA_EFv2.3.csv,IDEA_EFv2.3,,ethyl 2-[4-(6-chloro-2-quinoxalinyloxy)phenoxy]propionate,Emissions/ground/unspecified,kg,,
Mapping/Input/Flowlists/IDEA_EFv2.3.csv,IDEA_EFv2.3,,O-ethyl O-(6-nitro-m-tolyl)sec-butylphosphoramidothioate,Emissions/ground/unspecified,kg,,
Mapping/Input/Flowlists/IDEA_EFv2.3.csv,IDEA_EFv2.3,,O-ethyl O-4-nitrophenyl phenylphosphonothioate,Emissions/ground/unspecified,kg,,
Mapping/Input/Flowlists/IDEA_EFv2.3.csv,IDEA_EFv2.3,,"N-(1-ethylpropyl)-2,6-dinitro-3,4-xylidine",Emissions/ground/unspecified,kg,,
Mapping/Input/Flowlists/IDEA_EFv2.3.csv,IDEA_EFv2.3,,S-ethyl hexahydro-1H-azepine-1-carbothioate,Emissions/ground/unspecified,kg,,
Mapping/Input/Flowlists/IDEA_EFv2.3.csv,IDEA_EFv2.3,,ethyl (Z)-3-[N-benzyl-N-[[methyl(1-methylthioethylideneaminooxycarbonyl)amino]thio]amino]propionate,Emissions/ground/unspecified,kg,,
Mapping/Input/Flowlists/IDEA_EFv2.3.csv,IDEA_EFv2.3,,ethylbenzene,Emissions/ground/unspecified,kg,,
Mapping/Input/Flowlists/IDEA_EFv2.3.csv,IDEA_EFv2.3,,O-ethyl S-1-methylpropyl (2-oxo-3-thiazolidinyl)phosphonothioate,Emissions/ground/unspecified,kg,,
Mapping/Input/Flowlists/IDEA_EFv2.3.csv,IDEA_EFv2.3,,"manganese N,N'-ethylenebis(dithiocarbamate)",Emissions/ground/unspecified,kg,,
Mapping/Input/Flowlists/IDEA_EFv2.3.csv,IDEA_EFv2.3,,"complex compounds of manganese N,N'-ethylenebis(dithiocarbamate)and zinc N,N'-ethylenebis(dithiocarbamate)",Emissions/ground/unspecified,kg,,
Mapping/Input/Flowlists/IDEA_EFv2.3.csv,IDEA_EFv2.3,,"1,1'-ethylene-2,2'-bipyridinium dibromide",Emissions/ground/unspecified,kg,,
Mapping/Input/Flowlists/IDEA_EFv2.3.csv,IDEA_EFv2.3,,2-(4-ethoxyphenyl)-2-methylpropyl 3-phenoxybenzyl ether,Emissions/ground/unspecified,kg,,
Mapping/Input/Flowlists/IDEA_EFv2.3.csv,IDEA_EFv2.3,,emamectin benzoate,Emissions/ground/unspecified,kg,,
Mapping/Input/Flowlists/IDEA_EFv2.3.csv,IDEA_EFv2.3,,calcium cyanamide,Emissions/ground/unspecified,kg,,
Mapping/Input/Flowlists/IDEA_EFv2.3.csv,IDEA_EFv2.3,,xylene,Emissions/ground/unspecified,kg,,
Mapping/Input/Flowlists/IDEA_EFv2.3.csv,IDEA_EFv2.3,,silver and its water-soluble compounds,Emissions/ground/unspecified,kg,,
Mapping/Input/Flowlists/IDEA_EFv2.3.csv,IDEA_EFv2.3,,"2-chloro-4-ethylamino-6-isopropylamino-1,3,5-triazine",Emissions/ground/unspecified,kg,,
Mapping/Input/Flowlists/IDEA_EFv2.3.csv,IDEA_EFv2.3,,"2-(4-chloro-6-ethylamino-1,3,5-triazin-2-yl)amino-2-methylpropiononitrile",Emissions/ground/unspecified,kg,,
Mapping/Input/Flowlists/IDEA_EFv2.3.csv,IDEA_EFv2.3,,4-chloro-3-ethyl-1-methyl-N-[4-(p-tolyloxy)benzyl]pyrazole-5-carboxamide,Emissions/ground/unspecified,kg,,
Mapping/Input/Flowlists/IDEA_EFv2.3.csv,IDEA_EFv2.3,,2-chloro-2'-ethyl-N-(2-methoxy-1-methylethyl)-6'-methylacetanilide,Emissions/ground/unspecified,kg,,
Mapping/Input/Flowlists/IDEA_EFv2.3.csv,IDEA_EFv2.3,,"3-chloro-N-(3-chloro-5-trifluoromethyl-2-pyridyl)-α,α,α-trifluoro-2,6-dinitro-p-toluidine",Emissions/ground/unspecified,kg,,
Mapping/Input/Flowlists/IDEA_EFv2.3.csv,IDEA_EFv2.3,,"1-({2-[2-chloro-4-(4-chlorophenoxy)phenyl]-4-methyl-1,3-dioxolan-2-yl}methyl)-1H-1,2,4-triazole",Emissions/ground/unspecified,kg,,
Mapping/Input/Flowlists/IDEA_EFv2.3.csv,IDEA_EFv2.3,,"2-chloro-2',6'-diethyl-N-(2-propoxyethyl)acetanilide",Emissions/ground/unspecified,kg,,
Mapping/Input/Flowlists/IDEA_EFv2.3.csv,IDEA_EFv2.3,,"2-chloro-2',6'-diethy-N-(methoxymethyl)acetanilide",Emissions/ground/unspecified,kg,,
Mapping/Input/Flowlists/IDEA_EFv2.3.csv,IDEA_EFv2.3,,"2-chloro-4,6-bis(ethylamino)-1,3,5-triazine",Emissions/ground/unspecified,kg,,
Mapping/Input/Flowlists/IDEA_EFv2.3.csv,IDEA_EFv2.3,,"(RS)-2-[2-(3-chlorophenyl)-2,3-epoxypropyl]-2-ethylindane-1,3-dione",Emissions/ground/unspecified,kg,,
Mapping/Input/Flowlists/IDEA_EFv2.3.csv,IDEA_EFv2.3,,"4-(2-chlorophenyl)-N-cyclohexyl-N-ethyl-4,5-dihydro-5-oxo-1H-tetrazole-1-carboxamide",Emissions/ground/unspecified,kg,,
Mapping/Input/Flowlists/IDEA_EFv2.3.csv,IDEA_EFv2.3,,"(4RS,5RS)-5-(4-chlorophenyl)-N-cyclohexyl-4-methyl-2-oxo-1,3-thiazolidine-3-carboxamide",Emissions/ground/unspecified,kg,,
Mapping/Input/Flowlists/IDEA_EFv2.3.csv,IDEA_EFv2.3,,"(RS)-1-p-chlorophenyl-4,4-dimethyl-3-(1H-1,2,4-triazol-1-ylmethyl)pentan-3-ol",Emissions/ground/unspecified,kg,,
Mapping/Input/Flowlists/IDEA_EFv2.3.csv,IDEA_EFv2.3,,"2-(4-chlorophenyl)-2-(1H-1,2,4-triazol-1-ylmethyl)hexanenitrile",Emissions/ground/unspecified,kg,,
Mapping/Input/Flowlists/IDEA_EFv2.3.csv,IDEA_EFv2.3,,"(RS)-4-(4-chlorophenyl)-2-phenyl-2-(1H-1,2,4-triazol-1-ylmethyl)butyronitrile",Emissions/ground/unspecified,kg,,
Mapping/Input/Flowlists/IDEA_EFv2.3.csv,IDEA_EFv2.3,,1-(2-chlorobenzyl)-3-(1-methyl-1-phenylethyl)urea,Emissions/ground/unspecified,kg,,
Mapping/Input/Flowlists/IDEA_EFv2.3.csv,IDEA_EFv2.3,,(4-chloro-2-methylphenoxy)acetic acid,Emissions/ground/unspecified,kg,,
Mapping/Input/Flowlists/IDEA_EFv2.3.csv,IDEA_EFv2.3,,cobalt and its compounds,Emissions/ground/unspecified,kg,,
Mapping/Input/Flowlists/IDEA_EFv2.3.csv,IDEA_EFv2.3,,cyanamide,Emissions/ground/unspecified,kg,,
Mapping/Input/Flowlists/IDEA_EFv2.3.csv,IDEA_EFv2.3,,"(RS)-2-cyano-N-[(R)-1-(2,4-dichlorophenyl)ethyl]-3,3-dimethylbutyramide",Emissions/ground/unspecified,kg,,
Mapping/Input/Flowlists/IDEA_EFv2.3.csv,IDEA_EFv2.3,,"(S)-alpha-cyano-3-phenoxybenzyl (1R,3S)-2,2-dimethyl-3-(1,2,2,2-tetrabromoethyl)cyclopropanecarboxylate",Emissions/ground/unspecified,kg,,
Mapping/Input/Flowlists/IDEA_EFv2.3.csv,IDEA_EFv2.3,,"(RS)-alpha-cyano-3-phenoxybenzyl 2,2,3,3-tetramethylcyclopropanecarboxylate",Emissions/ground/unspecified,kg,,
Mapping/Input/Flowlists/IDEA_EFv2.3.csv,IDEA_EFv2.3,,trans-1-(2-cyano-2-methoxyiminoacetyl)-3-ethylurea,Emissions/ground/unspecified,kg,,
Mapping/Input/Flowlists/IDEA_EFv2.3.csv,IDEA_EFv2.3,,"O-2-diethylamino-6-methylpyrimidin-4-yl O,O-dimethyl phosphorothioate",Emissions/ground/unspecified,kg,,
Mapping/Input/Flowlists/IDEA_EFv2.3.csv,IDEA_EFv2.3,,"S-4-chlorobenzyl N,N-diethylthiocarbamate",Emissions/ground/unspecified,kg,,
Mapping/Input/Flowlists/IDEA_EFv2.3.csv,IDEA_EFv2.3,,"N,N-diethyl-3-(2,4,6-trimethylphenylsulfonyl)-1H-1,2,4-triazole-1-carboxamide",Emissions/ground/unspecified,kg,,
Mapping/Input/Flowlists/IDEA_EFv2.3.csv,IDEA_EFv2.3,,"1,3-dicarbamoylthio-2-(N,N-dimethylamino)-propane",Emissions/ground/unspecified,kg,,
Mapping/Input/Flowlists/IDEA_EFv2.3.csv,IDEA_EFv2.3,,"1,2-dichloroethane",Emissions/ground/unspecified,kg,,
Mapping/Input/Flowlists/IDEA_EFv2.3.csv,IDEA_EFv2.3,,"3,5-dichloro-N-(1,1-dimethyl-2-propynyl)benzamide",Emissions/ground/unspecified,kg,,
Mapping/Input/Flowlists/IDEA_EFv2.3.csv,IDEA_EFv2.3,,"3-(3,5-dichlorophenyl)-N-isopropyl-2,4-dioxoimidazolidine-1-carboxamide",Emissions/ground/unspecified,kg,,
Mapping/Input/Flowlists/IDEA_EFv2.3.csv,IDEA_EFv2.3,,"3-(3,4-dichlorophenyl)-1,1-dimethylurea",Emissions/ground/unspecified,kg,,
Mapping/Input/Flowlists/IDEA_EFv2.3.csv,IDEA_EFv2.3,,"(RS)-2-(2,4-dichlorophenyl)-3-(1H-1,2,4-triazol-1-yl)propyl 1,1,2,2-tetrafluoroethyl ether",Emissions/ground/unspecified,kg,,
Mapping/Input/Flowlists/IDEA_EFv2.3.csv,IDEA_EFv2.3,,"mixture of (2RS,4RS)-1-[2-(2,4-dichlorophenyl)-4-propyl-1,3-dioxolan-2-ylmethyl]-1H-1,2,4-triazole and (2RS,4SR)-1-[2-(2,4-dichlorophenyl)-4-propyl-1,3-dioxolan-2-ylmethyl]-1H-1,2,4-triazole",Emissions/ground/unspecified,kg,,
Mapping/Input/Flowlists/IDEA_EFv2.3.csv,IDEA_EFv2.3,,"3-[1-(3,5-dichlorophenyl)-1-methylethyl]-3,4-dihydro-6-methyl-5-phenyl-2H-1,3-oxazin-4-one",Emissions/ground/unspecified,kg,,
Mapping/Input/Flowlists/IDEA_EFv2.3.csv,IDEA_EFv2.3,,"3-(3,4-dichlorophenyl)-1-methoxy-1-methylurea",Emissions/ground/unspecified,kg,,
Mapping/Input/Flowlists/IDEA_EFv2.3.csv,IDEA_EFv2.3,,"2,4-dichlorophenoxyacetic acid",Emissions/ground/unspecified,kg,,
Mapping/Input/Flowlists/IDEA_EFv2.3.csv,IDEA_EFv2.3,,"1,3-dichloropropene",Emissions/ground/unspecified,kg,,
Mapping/Input/Flowlists/IDEA_EFv2.3.csv,IDEA_EFv2.3,,"2-[4-(2,4-dichlorobenzoyl)-1,3-dimethyl-5-pyrazolyloxy]acetophenone",Emissions/ground/unspecified,kg,,
Mapping/Input/Flowlists/IDEA_EFv2.3.csv,IDEA_EFv2.3,,"4-(2,4-dichlorobenzoyl)-1,3-dimethyl-5-pyrazolyl 4-toluenesulfonate",Emissions/ground/unspecified,kg,,
Mapping/Input/Flowlists/IDEA_EFv2.3.csv,IDEA_EFv2.3,,"2,6-dichlorobenzonitrile",Emissions/ground/unspecified,kg,,
Mapping/Input/Flowlists/IDEA_EFv2.3.csv,IDEA_EFv2.3,,dichloromethane,Emissions/ground/unspecified,kg,,
Mapping/Input/Flowlists/IDEA_EFv2.3.csv,IDEA_EFv2.3,,"2,3-dicyano-1,4-dithiaanthraquinone",Emissions/ground/unspecified,kg,,
Mapping/Input/Flowlists/IDEA_EFv2.3.csv,IDEA_EFv2.3,,"diisopropyl 1,3-dithiolan-2-ylidenemalonate",Emissions/ground/unspecified,kg,,
Mapping/Input/Flowlists/IDEA_EFv2.3.csv,IDEA_EFv2.3,,"O-2,4-dichlorophenyl O-ethyl S-propyl phosphorodithioate",Emissions/ground/unspecified,kg,,
Mapping/Input/Flowlists/IDEA_EFv2.3.csv,IDEA_EFv2.3,,"S-(2,3-dihydro-5-methoxy-2-oxo-1,3,4-thiadiazol-3-yl)methyl O,O-dimethylphosphorodithioate",Emissions/ground/unspecified,kg,,
Mapping/Input/Flowlists/IDEA_EFv2.3.csv,IDEA_EFv2.3,,"O,O-dimethyl S-1,2-bis(ethoxycarbonyl)ethyl phosphorodithioate",Emissions/ground/unspecified,kg,,
Mapping/Input/Flowlists/IDEA_EFv2.3.csv,IDEA_EFv2.3,,"O,O-dimethyl S-(N-methylcarbamoyl)methyl phosphorodithioate",Emissions/ground/unspecified,kg,,
Mapping/Input/Flowlists/IDEA_EFv2.3.csv,IDEA_EFv2.3,,"2,3-dihydro-2,2-dimethyl-7-benzo[b]furyl N-(dibutylamino)thio-N-methylcarbamate",Emissions/ground/unspecified,kg,,
Mapping/Input/Flowlists/IDEA_EFv2.3.csv,IDEA_EFv2.3,,"(RS)-O,S-dimethyl acetylphosphoramidothioate",Emissions/ground/unspecified,kg,,
Mapping/Input/Flowlists/IDEA_EFv2.3.csv,IDEA_EFv2.3,,"N,N-dimethylacetamide",Emissions/ground/unspecified,kg,,
Mapping/Input/Flowlists/IDEA_EFv2.3.csv,IDEA_EFv2.3,,"5-dimethylamino-1,2,3-trithiane",Emissions/ground/unspecified,kg,,
Mapping/Input/Flowlists/IDEA_EFv2.3.csv,IDEA_EFv2.3,,"2,2-dimethyl-2,3-dihydro-1-benzofuran-7-yl N-[N-(2-ethoxycarbonylethyl)-N-isopropylsulfenamoyl]-N-methylcarbamate",Emissions/ground/unspecified,kg,,
Mapping/Input/Flowlists/IDEA_EFv2.3.csv,IDEA_EFv2.3,,"S-4-phenoxybutyl N,N-dimethylthiocarbamate",Emissions/ground/unspecified,kg,,
Mapping/Input/Flowlists/IDEA_EFv2.3.csv,IDEA_EFv2.3,,"dimethyl 2,2,2-trichloro-1-hydroxyethylphosphonate",Emissions/ground/unspecified,kg,,
Mapping/Input/Flowlists/IDEA_EFv2.3.csv,IDEA_EFv2.3,,"1,1'-dimethyl-4,4'-bipyridinium dichloride",Emissions/ground/unspecified,kg,,
Mapping/Input/Flowlists/IDEA_EFv2.3.csv,IDEA_EFv2.3,,"dimethyl 4,4'-(o-phenylene)bis(3-thioallophanate)",Emissions/ground/unspecified,kg,,
Mapping/Input/Flowlists/IDEA_EFv2.3.csv,IDEA_EFv2.3,,"N,N-dimethylformamide",Emissions/ground/unspecified,kg,,
Mapping/Input/Flowlists/IDEA_EFv2.3.csv,IDEA_EFv2.3,,ethyl 2-[(dimethoxyphosphinothioyl)thio]-2-phenylacetate,Emissions/ground/unspecified,kg,,
Mapping/Input/Flowlists/IDEA_EFv2.3.csv,IDEA_EFv2.3,,"3,5-diiodo-4-octanoyloxybenzonitrile",Emissions/ground/unspecified,kg,,
Mapping/Input/Flowlists/IDEA_EFv2.3.csv,IDEA_EFv2.3,,dioxins,Emissions/ground/unspecified,kg,,
Mapping/Input/Flowlists/IDEA_EFv2.3.csv,IDEA_EFv2.3,,"2-thioxo-3,5-dimethyltetrahydro-2H-1,3,5-thiadiazine",Emissions/ground/unspecified,kg,,
Mapping/Input/Flowlists/IDEA_EFv2.3.csv,IDEA_EFv2.3,,"O,O-diethyl O-2-isopropyl-6-methyl-4-pyrimidinyl phosphorothioate",Emissions/ground/unspecified,kg,,
Mapping/Input/Flowlists/IDEA_EFv2.3.csv,IDEA_EFv2.3,,"O,O-diethyl O-3,5,6-trichloro-2-pyridyl phosphorothioate",Emissions/ground/unspecified,kg,,
Mapping/Input/Flowlists/IDEA_EFv2.3.csv,IDEA_EFv2.3,,"O,O-diethyl O-5-phenyl-3-isoxazolyl phosphorothioate",Emissions/ground/unspecified,kg,,
Mapping/Input/Flowlists/IDEA_EFv2.3.csv,IDEA_EFv2.3,,"O,O-dimethyl O-3-methyl-4-nitrophenyl phosphorothioate",Emissions/ground/unspecified,kg,,
Mapping/Input/Flowlists/IDEA_EFv2.3.csv,IDEA_EFv2.3,,"O,O-dimethyl O-3-methyl-4-(methylthio)phenyl phosphorothioate",Emissions/ground/unspecified,kg,,
Mapping/Input/Flowlists/IDEA_EFv2.3.csv,IDEA_EFv2.3,,O-4-bromo-2-chlorophenyl O-ethyl S-propyl phosphorothioate,Emissions/ground/unspecified,kg,,
Mapping/Input/Flowlists/IDEA_EFv2.3.csv,IDEA_EFv2.3,,"S-benzyl O,O-diisopropyl phosphorothioate",Emissions/ground/unspecified,kg,,
Mapping/Input/Flowlists/IDEA_EFv2.3.csv,IDEA_EFv2.3,,decyl alcohol,Emissions/ground/unspecified,kg,,
Mapping/Input/Flowlists/IDEA_EFv2.3.csv,IDEA_EFv2.3,,tetrachloroisophthalonitrile,Emissions/ground/unspecified,kg,,
Mapping/Input/Flowlists/IDEA_EFv2.3.csv,IDEA_EFv2.3,,"4,5,6,7-tetrachloroisobenzofuran-1(3H)-one",Emissions/ground/unspecified,kg,,
Mapping/Input/Flowlists/IDEA_EFv2.3.csv,IDEA_EFv2.3,,"2,3,5,6-tetrafluoro-4-methylbenzyl(Z)-3-(2-chloro-3,3,3-trifluoro-1-propenyl)-2,2-dimethylcyclopropanecarboxylate",Emissions/ground/unspecified,kg,,
Mapping/Input/Flowlists/IDEA_EFv2.3.csv,IDEA_EFv2.3,,"3,7,9,13-tetramethyl-5,11-dioxa-2,8,14-trithia-4,7,9,12-tetraazapentadeca-3,12-diene-6,10-dione",Emissions/ground/unspecified,kg,,
Mapping/Input/Flowlists/IDEA_EFv2.3.csv,IDEA_EFv2.3,,tetramethylthiuram disulfide,Emissions/ground/unspecified,kg,,
Mapping/Input/Flowlists/IDEA_EFv2.3.csv,IDEA_EFv2.3,,"copper salts(water-soluble, except complex salts)",Emissions/ground/unspecified,kg,,
Mapping/Input/Flowlists/IDEA_EFv2.3.csv,IDEA_EFv2.3,,trichloronitromethane,Emissions/ground/unspecified,kg,,
Mapping/Input/Flowlists/IDEA_EFv2.3.csv,IDEA_EFv2.3,,"α,α,α-trifluoro-2,6-dinitro-N,N-dipropyl-p-toluidine",Emissions/ground/unspecified,kg,,
Mapping/Input/Flowlists/IDEA_EFv2.3.csv,IDEA_EFv2.3,,"1,3,5-trimethylbenzene",Emissions/ground/unspecified,kg,,
Mapping/Input/Flowlists/IDEA_EFv2.3.csv,IDEA_EFv2.3,,toluene,Emissions/ground/unspecified,kg,,
Mapping/Input/Flowlists/IDEA_EFv2.3.csv,IDEA_EFv2.3,,lead compounds,Emissions/ground/unspecified,kg,,
Mapping/Input/Flowlists/IDEA_EFv2.3.csv,IDEA_EFv2.3,,"2,4-bis(ethylamino)-6-methylthio-1,3,5-triazine",Emissions/ground/unspecified,kg,,
Mapping/Input/Flowlists/IDEA_EFv2.3.csv,IDEA_EFv2.3,,bis(8-quinolinolato)copper,Emissions/ground/unspecified,kg,,
Mapping/Input/Flowlists/IDEA_EFv2.3.csv,IDEA_EFv2.3,,"3,6-bis(2-chlorophenyl)-1,2,4,5-tetrazine",Emissions/ground/unspecified,kg,,
Mapping/Input/Flowlists/IDEA_EFv2.3.csv,IDEA_EFv2.3,,"zinc bis(N,N'-dimethyldithiocarbamate)",Emissions/ground/unspecified,kg,,
Mapping/Input/Flowlists/IDEA_EFv2.3.csv,IDEA_EFv2.3,,bis(1-methyl-1-phenylethyl) peroxide,Emissions/ground/unspecified,kg,,
Mapping/Input/Flowlists/IDEA_EFv2.3.csv,IDEA_EFv2.3,,"S,S-bis(1-methylpropyl) O-ethyl phosphorodithioate",Emissions/ground/unspecified,kg,,
Mapping/Input/Flowlists/IDEA_EFv2.3.csv,IDEA_EFv2.3,,"3-phenoxybenzyl 3-(2,2-dichlorovinyl)-2,2-dimethylcyclopropanecarboxylate",Emissions/ground/unspecified,kg,,
Mapping/Input/Flowlists/IDEA_EFv2.3.csv,IDEA_EFv2.3,,bis(2-ethylhexyl)phthalate,Emissions/ground/unspecified,kg,,
Mapping/Input/Flowlists/IDEA_EFv2.3.csv,IDEA_EFv2.3,,"2-tert-butylimino-3-isopropyl-5-phenyltetrahydro-4H-1,3,5-thiadiazin-4-one",Emissions/ground/unspecified,kg,,
Mapping/Input/Flowlists/IDEA_EFv2.3.csv,IDEA_EFv2.3,,"N-tert-butyl-N'-(4-ethylbenzoyl)-3,5-dimethylbenzohydrazide",Emissions/ground/unspecified,kg,,
Mapping/Input/Flowlists/IDEA_EFv2.3.csv,IDEA_EFv2.3,,methyl N-[1-(N-n-butylcarbamoyl)-1H-2-benzimidazolyl]carbamate,Emissions/ground/unspecified,kg,,
Mapping/Input/Flowlists/IDEA_EFv2.3.csv,IDEA_EFv2.3,,butyl(R)-2-[4-(4-cyano-2-fluorophenoxy)phenoxy]propionate,Emissions/ground/unspecified,kg,,
Mapping/Input/Flowlists/IDEA_EFv2.3.csv,IDEA_EFv2.3,,"1-tert-Butyl-3-(2,6-diisopropyl-4-phenoxyphenyl)thiourea",Emissions/ground/unspecified,kg,,
Mapping/Input/Flowlists/IDEA_EFv2.3.csv,IDEA_EFv2.3,,"5-tert-butyl-3-(2,4-dichloro-5-isopropoxyphenyl)-1,3,4-oxadiazol-2(3H)-one",Emissions/ground/unspecified,kg,,
Mapping/Input/Flowlists/IDEA_EFv2.3.csv,IDEA_EFv2.3,,"tert-butyl 4-({[(1,3-dimethyl-5-phenoxy-4-pyrazolyl)methylidene]aminooxy}methyl)benzoate",Emissions/ground/unspecified,kg,,
Mapping/Input/Flowlists/IDEA_EFv2.3.csv,IDEA_EFv2.3,,2-(4-tert-butylphenoxy)cyclohexyl 2-propynyl sulfite,Emissions/ground/unspecified,kg,,
Mapping/Input/Flowlists/IDEA_EFv2.3.csv,IDEA_EFv2.3,,2-tert-butyl-5-(4-tert-butylbenzylthio)-4-chloro-3(2H)-pyridazinone,Emissions/ground/unspecified,kg,,
Mapping/Input/Flowlists/IDEA_EFv2.3.csv,IDEA_EFv2.3,,N-(4-tert-butylbenzyl)-4-chloro-3-ethyl-1-methylpyrazole-5-carboxamide,Emissions/ground/unspecified,kg,,
Mapping/Input/Flowlists/IDEA_EFv2.3.csv,IDEA_EFv2.3,,hydrogen fluoride and its water-soluble salts,Emissions/ground/unspecified,kg,,
Mapping/Input/Flowlists/IDEA_EFv2.3.csv,IDEA_EFv2.3,,"N-butoxymethyl-2-chloro-2',6'-diethylacetanilide",Emissions/ground/unspecified,kg,,
Mapping/Input/Flowlists/IDEA_EFv2.3.csv,IDEA_EFv2.3,,"polymer of N,N'-propylenebis(dithiocarbamic acid)and zinc",Emissions/ground/unspecified,kg,,
Mapping/Input/Flowlists/IDEA_EFv2.3.csv,IDEA_EFv2.3,,"5-bromo-3-sec-butyl-6-methyl-1,2,3,4-tetrahydropyrimidine-2,4-dione",Emissions/ground/unspecified,kg,,
Mapping/Input/Flowlists/IDEA_EFv2.3.csv,IDEA_EFv2.3,,bromomethane,Emissions/ground/unspecified,kg,,
Mapping/Input/Flowlists/IDEA_EFv2.3.csv,IDEA_EFv2.3,,benzene,Emissions/ground/unspecified,kg,,
Mapping/Input/Flowlists/IDEA_EFv2.3.csv,IDEA_EFv2.3,,2-(2-benzothiazolyloxy)-N-methylacetanilide,Emissions/ground/unspecified,kg,,
Mapping/Input/Flowlists/IDEA_EFv2.3.csv,IDEA_EFv2.3,,boron compounds,Emissions/ground/unspecified,kg,,
Mapping/Input/Flowlists/IDEA_EFv2.3.csv,IDEA_EFv2.3,,poly(oxyethylene)alkyl ether(alkyl C=12-15),Emissions/ground/unspecified,kg,,
Mapping/Input/Flowlists/IDEA_EFv2.3.csv,IDEA_EFv2.3,,poly(oxyethylene)octylphenyl ether,Emissions/ground/unspecified,kg,,
Mapping/Input/Flowlists/IDEA_EFv2.3.csv,IDEA_EFv2.3,,poly(oxyethylene)nonylphenyl ether,Emissions/ground/unspecified,kg,,
Mapping/Input/Flowlists/IDEA_EFv2.3.csv,IDEA_EFv2.3,,manganese and its compounds,Emissions/ground/unspecified,kg,,
Mapping/Input/Flowlists/IDEA_EFv2.3.csv,IDEA_EFv2.3,,phthalic anhydride,Emissions/ground/unspecified,kg,,
Mapping/Input/Flowlists/IDEA_EFv2.3.csv,IDEA_EFv2.3,,"(Z)-2'-methylacetophenone 4,6-dimethyl-2-pyrimidinylhydrazone",Emissions/ground/unspecified,kg,,
Mapping/Input/Flowlists/IDEA_EFv2.3.csv,IDEA_EFv2.3,,methyl isothiocyanate,Emissions/ground/unspecified,kg,,
Mapping/Input/Flowlists/IDEA_EFv2.3.csv,IDEA_EFv2.3,,1-naphthyl N-methylcarbamate,Emissions/ground/unspecified,kg,,
Mapping/Input/Flowlists/IDEA_EFv2.3.csv,IDEA_EFv2.3,,2-sec-butylphenyl N-methylcarbamate,Emissions/ground/unspecified,kg,,
Mapping/Input/Flowlists/IDEA_EFv2.3.csv,IDEA_EFv2.3,,"methyl 3-chloro-5-(4,6-dimethoxy-2-pyrimidinylcarbamoylsulfamoyl)-1-methylpyrazole-4-carboxylate",Emissions/ground/unspecified,kg,,
Mapping/Input/Flowlists/IDEA_EFv2.3.csv,IDEA_EFv2.3,,"methyl (S)-7-chloro-2,3,4a,5-tetrahydro-2-[methoxycarbonyl(4-trifluoromethoxyphenyl)carbamoyl]indeno[1,2-e][1,3,4]oxadiazine-4a-carboxylate",Emissions/ground/unspecified,kg,,
Mapping/Input/Flowlists/IDEA_EFv2.3.csv,IDEA_EFv2.3,,methyl (E)-2-[2-[6-(2-cyanophenoxy)pyrimidin-4-yloxy]phenyl]-3-methoxyacrylate,Emissions/ground/unspecified,kg,,
Mapping/Input/Flowlists/IDEA_EFv2.3.csv,IDEA_EFv2.3,,"3-methyl-1,5-di(2,4-xylyl)-1,3,5-triazapenta-1,4-diene",Emissions/ground/unspecified,kg,,
Mapping/Input/Flowlists/IDEA_EFv2.3.csv,IDEA_EFv2.3,,N-methyldithiocarbamic acid,Emissions/ground/unspecified,kg,,
Mapping/Input/Flowlists/IDEA_EFv2.3.csv,IDEA_EFv2.3,,"methyl-N',N'-dimethyl-N-[(methylcarbamoyl)oxy]-1-thiooxamimidate",Emissions/ground/unspecified,kg,,
Mapping/Input/Flowlists/IDEA_EFv2.3.csv,IDEA_EFv2.3,,"Methyl 2-(4,6-dimethoxy-2-pyrimidinyloxy)-6-[1-(methoxyimino)ethyl]benzoate",Emissions/ground/unspecified,kg,,
Mapping/Input/Flowlists/IDEA_EFv2.3.csv,IDEA_EFv2.3,,2-methyl-N-[3-(1-methylethoxy)phenyl]benzamide,Emissions/ground/unspecified,kg,,
Mapping/Input/Flowlists/IDEA_EFv2.3.csv,IDEA_EFv2.3,,S-methyl-N-(methylcarbamoyloxy)thioacetimidate,Emissions/ground/unspecified,kg,,
Mapping/Input/Flowlists/IDEA_EFv2.3.csv,IDEA_EFv2.3,,methyl (E)-methoxyimino-[2-[[[[(E)-1-[3-(trifluoromethyl)phenyl]ethylidene]amino]oxy]methyl]phenyl]acetate,Emissions/ground/unspecified,kg,,
Mapping/Input/Flowlists/IDEA_EFv2.3.csv,IDEA_EFv2.3,,methyl (E)-methoxyimino[2-(o-tolyloxymethyl)phenyl]acetate,Emissions/ground/unspecified,kg,,
Mapping/Input/Flowlists/IDEA_EFv2.3.csv,IDEA_EFv2.3,,3-methoxycarbonylaminophenyl 3'-methylcarbanilate,Emissions/ground/unspecified,kg,,
Mapping/Input/Flowlists/IDEA_EFv2.3.csv,IDEA_EFv2.3,,O-3-tert-butylphenyl N-(6-methoxy-2-pyridyl)-N-methylthiocarbamate,Emissions/ground/unspecified,kg,,
Mapping/Input/Flowlists/IDEA_EFv2.3.csv,IDEA_EFv2.3,,molybdenum and its compounds,Emissions/ground/unspecified,kg,,
Mapping/Input/Flowlists/IDEA_EFv2.3.csv,IDEA_EFv2.3,,aluminium phosphide,Emissions/ground/unspecified,kg,,
Mapping/Input/Flowlists/IDEA_EFv2.3.csv,IDEA_EFv2.3,,miscellaneous plantation,Resources/land use/land occupation,m2year,,
Mapping/Input/Flowlists/IDEA_EFv2.3.csv,IDEA_EFv2.3,,orchard,Resources/land use/land occupation,m2year,,
Mapping/Input/Flowlists/IDEA_EFv2.3.csv,IDEA_EFv2.3,,transport artery,Resources/land use/land occupation,m2year,,
Mapping/Input/Flowlists/IDEA_EFv2.3.csv,IDEA_EFv2.3,,building site,Resources/land use/land occupation,m2year,,
Mapping/Input/Flowlists/IDEA_EFv2.3.csv,IDEA_EFv2.3,,forest,Resources/land use/land occupation,m2year,,
Mapping/Input/Flowlists/IDEA_EFv2.3.csv,IDEA_EFv2.3,,rice paddy,Resources/land use/land occupation,m2year,,
Mapping/Input/Flowlists/IDEA_EFv2.3.csv,IDEA_EFv2.3,,"arable, except rice paddy",Resources/land use/land occupation,m2year,,
Mapping/Input/Flowlists/IDEA_EFv2.3.csv,IDEA_EFv2.3,,mineral extraction site,Resources/land use/land occupation,m2year,,
Mapping/Input/Flowlists/IDEA_EFv2.3.csv,IDEA_EFv2.3,,dump yard,Resources/land use/land occupation,m2year,,
Mapping/Input/Flowlists/IDEA_EFv2.3.csv,IDEA_EFv2.3,,dump yard,Resources/land use/Land transformation,m2,,
Mapping/Input/Flowlists/IDEA_EFv2.3.csv,IDEA_EFv2.3,,miscellaneous land use type to mineral extraction site,Resources/land use/Land transformation,m2,,
Mapping/Input/Flowlists/IDEA_EFv2.3.csv,IDEA_EFv2.3,,forest to forest,Resources/land use/Land transformation,m2,,
Mapping/Input/Flowlists/IDEA_EFv2.3.csv,IDEA_EFv2.3,,forest to transport artery,Resources/land use/Land transformation,m2,,
Mapping/Input/Flowlists/IDEA_EFv2.3.csv,IDEA_EFv2.3,,forest to rice paddy,Resources/land use/Land transformation,m2,,
Mapping/Input/Flowlists/IDEA_EFv2.3.csv,IDEA_EFv2.3,,forest to building site,Resources/land use/Land transformation,m2,,
Mapping/Input/Flowlists/IDEA_EFv2.3.csv,IDEA_EFv2.3,,forest to orchard,Resources/land use/Land transformation,m2,,
Mapping/Input/Flowlists/IDEA_EFv2.3.csv,IDEA_EFv2.3,,"forest to arable, except rice paddy",Resources/land use/Land transformation,m2,,
Mapping/Input/Flowlists/IDEA_EFv2.3.csv,IDEA_EFv2.3,,forest to miscellaneous plantation,Resources/land use/Land transformation,m2,,
Mapping/Input/Flowlists/IDEA_EFv2.3.csv,IDEA_EFv2.3,,forest to deforestation areas,Resources/land use/Land transformation,m2,,
Mapping/Input/Flowlists/IDEA_EFv2.3.csv,IDEA_EFv2.3,,"car noise, small car",Emissions/air/urban air close to ground,vehiclekm,,
Mapping/Input/Flowlists/IDEA_EFv2.3.csv,IDEA_EFv2.3,,"car noise, large car",Emissions/air/urban air close to ground,vehiclekm,,
Mapping/Input/Flowlists/IDEA_EFv2.3.csv,IDEA_EFv2.3,,"car noise, car size unknown",Emissions/air/urban air close to ground,vehiclekm,,
